customer_id,risk_score,prediction,confidence,scoring_date
7590-VHVEG,0.4662,Unlikely to churn,0.5338,2026-08-19
5575-GNVDE,0.1971,Unlikely to churn,0.8029,2026-08-19
3668-QPYBK,0.5102,Likely to churn,0.5102,2026-08-19
7795-CFOCW,0.0874,Unlikely to churn,0.9126,2026-08-19
9237-HQITU,0.6647,Likely to churn,0.6647,2026-08-19
9305-CDSKC,0.5866,Likely to churn,0.5866,2026-08-19
1452-KIOVK,0.4249,Unlikely to churn,0.5751,2026-08-19
6713-OKOMC,0.3639,Unlikely to churn,0.6361,2026-08-19
7892-POOKP,0.3363,Unlikely to churn,0.6637,2026-08-19
6388-TABGU,0.0613,Unlikely to churn,0.9387,2026-08-19
9763-GRSKD,0.4111,Unlikely to churn,0.5889,2026-08-19
7469-LKBCI,0.3014,Unlikely to churn,0.6986,2026-08-19
8091-TTVAX,0.1215,Unlikely to churn,0.8785,2026-08-19
0280-XJGEX,0.1569,Unlikely to churn,0.8431,2026-08-19
5129-JLPIS,0.3301,Unlikely to churn,0.6699,2026-08-19
3655-SNQYZ,0.0564,Unlikely to churn,0.9436,2026-08-19
8191-XWSZG,0.0761,Unlikely to churn,0.9239,2026-08-19
9959-WOFKT,0.0653,Unlikely to churn,0.9347,2026-08-19
4190-MFLUW,0.4229,Unlikely to churn,0.5771,2026-08-19
4183-MYFRB,0.3965,Unlikely to churn,0.6035,2026-08-19
8779-QRDMV,0.4623,Unlikely to churn,0.5377,2026-08-19
1680-VDCWW,0.3455,Unlikely to churn,0.6545,2026-08-19
1066-JKSGK,0.4704,Unlikely to churn,0.5296,2026-08-19
3638-WEABW,0.0774,Unlikely to churn,0.9226,2026-08-19
6322-HRPFA,0.096,Unlikely to churn,0.904,2026-08-19
6865-JZNKO,0.2235,Unlikely to churn,0.7765,2026-08-19
6467-CHFZW,0.1853,Unlikely to churn,0.8147,2026-08-19
8665-UTDHZ,0.4677,Unlikely to churn,0.5323,2026-08-19
5248-YGIJN,0.0341,Unlikely to churn,0.9659,2026-08-19
8773-HHUOZ,0.3826,Unlikely to churn,0.6174,2026-08-19
3841-NFECX,0.0555,Unlikely to churn,0.9445,2026-08-19
4929-XIHVW,0.6367,Likely to churn,0.6367,2026-08-19
6827-IEAUQ,0.2171,Unlikely to churn,0.7829,2026-08-19
7310-EGVHZ,0.4707,Unlikely to churn,0.5293,2026-08-19
3413-BMNZE,0.5753,Likely to churn,0.5753,2026-08-19
6234-RAAPL,0.0562,Unlikely to churn,0.9438,2026-08-19
6047-YHPVI,0.6288,Likely to churn,0.6288,2026-08-19
6572-ADKRS,0.1845,Unlikely to churn,0.8155,2026-08-19
5380-WJKOV,0.282,Unlikely to churn,0.718,2026-08-19
8168-UQWWF,0.5447,Likely to churn,0.5447,2026-08-19
8865-TNMNX,0.4438,Unlikely to churn,0.5562,2026-08-19
9489-DEDVP,0.0446,Unlikely to churn,0.9554,2026-08-19
9867-JCZSP,0.2979,Unlikely to churn,0.7021,2026-08-19
4671-VJLCL,0.0513,Unlikely to churn,0.9487,2026-08-19
4080-IIARD,0.3873,Unlikely to churn,0.6127,2026-08-19
3714-NTNFO,0.1879,Unlikely to churn,0.8121,2026-08-19
5948-UJZLF,0.5359,Likely to churn,0.5359,2026-08-19
7760-OYPDY,0.6619,Likely to churn,0.6619,2026-08-19
7639-LIAYI,0.0976,Unlikely to churn,0.9024,2026-08-19
2954-PIBKO,0.043,Unlikely to churn,0.957,2026-08-19
8012-SOUDQ,0.2199,Unlikely to churn,0.7801,2026-08-19
9420-LOJKX,0.4583,Unlikely to churn,0.5417,2026-08-19
6575-SUVOI,0.2784,Unlikely to churn,0.7216,2026-08-19
7495-OOKFY,0.5965,Likely to churn,0.5965,2026-08-19
4667-QONEA,0.0541,Unlikely to churn,0.9459,2026-08-19
1658-BYGOY,0.4978,Unlikely to churn,0.5022,2026-08-19
8769-KKTPH,0.0976,Unlikely to churn,0.9024,2026-08-19
5067-XJQFU,0.0706,Unlikely to churn,0.9294,2026-08-19
3957-SQXML,0.1705,Unlikely to churn,0.8295,2026-08-19
5954-BDFSG,0.0633,Unlikely to churn,0.9367,2026-08-19
0434-CSFON,0.1883,Unlikely to churn,0.8117,2026-08-19
1215-FIGMP,0.1123,Unlikely to churn,0.8877,2026-08-19
0526-SXDJP,0.0263,Unlikely to churn,0.9737,2026-08-19
0557-ASKVU,0.3321,Unlikely to churn,0.6679,2026-08-19
5698-BQJOH,0.5975,Likely to churn,0.5975,2026-08-19
5122-CYFXA,0.4986,Unlikely to churn,0.5014,2026-08-19
8627-ZYGSZ,0.1879,Unlikely to churn,0.8121,2026-08-19
3410-YOQBQ,0.193,Unlikely to churn,0.807,2026-08-19
3170-NMYVV,0.0823,Unlikely to churn,0.9177,2026-08-19
7410-OIEDU,0.5259,Likely to churn,0.5259,2026-08-19
2273-QCKXA,0.5467,Likely to churn,0.5467,2026-08-19
0731-EBJQB,0.0758,Unlikely to churn,0.9242,2026-08-19
1891-QRQSA,0.0809,Unlikely to churn,0.9191,2026-08-19
8028-PNXHQ,0.0519,Unlikely to churn,0.9481,2026-08-19
5630-AHZIL,0.4983,Unlikely to churn,0.5017,2026-08-19
2673-CXQEU,0.1116,Unlikely to churn,0.8884,2026-08-19
6416-JNVRK,0.1409,Unlikely to churn,0.8591,2026-08-19
5590-ZSKRV,0.4436,Unlikely to churn,0.5564,2026-08-19
0191-ZHSKZ,0.2178,Unlikely to churn,0.7822,2026-08-19
3887-PBQAO,0.111,Unlikely to churn,0.889,2026-08-19
5919-TMRGD,0.6674,Likely to churn,0.6674,2026-08-19
8108-UXRQN,0.3507,Unlikely to churn,0.6493,2026-08-19
9191-MYQKX,0.5854,Likely to churn,0.5854,2026-08-19
9919-YLNNG,0.1777,Unlikely to churn,0.8223,2026-08-19
0318-ZOPWS,0.0859,Unlikely to churn,0.9141,2026-08-19
4445-ZJNMU,0.5737,Likely to churn,0.5737,2026-08-19
4808-YNLEU,0.2036,Unlikely to churn,0.7964,2026-08-19
1862-QRWPE,0.0903,Unlikely to churn,0.9097,2026-08-19
2796-NNUFI,0.0973,Unlikely to churn,0.9027,2026-08-19
3016-KSVCP,0.2009,Unlikely to churn,0.7991,2026-08-19
4767-HZZHQ,0.311,Unlikely to churn,0.689,2026-08-19
2424-WVHPL,0.6498,Likely to churn,0.6498,2026-08-19
7233-PAHHL,0.048,Unlikely to churn,0.952,2026-08-19
6067-NGCEU,0.0768,Unlikely to churn,0.9232,2026-08-19
9848-JQJTX,0.0571,Unlikely to churn,0.9429,2026-08-19
8637-XJIVR,0.5436,Likely to churn,0.5436,2026-08-19
9803-FTJCG,0.0411,Unlikely to churn,0.9589,2026-08-19
0278-YXOOG,0.4279,Unlikely to churn,0.5721,2026-08-19
3212-KXOCR,0.0765,Unlikely to churn,0.9235,2026-08-19
4598-XLKNJ,0.344,Unlikely to churn,0.656,2026-08-19
6380-ARCEH,0.4707,Unlikely to churn,0.5293,2026-08-19
3679-XASPY,0.4675,Unlikely to churn,0.5325,2026-08-19
7123-WQUHX,0.2437,Unlikely to churn,0.7563,2026-08-19
5386-THSLQ,0.0365,Unlikely to churn,0.9635,2026-08-19
3192-NQECA,0.0663,Unlikely to churn,0.9337,2026-08-19
6180-YBIQI,0.4413,Unlikely to churn,0.5587,2026-08-19
6728-DKUCO,0.0601,Unlikely to churn,0.9399,2026-08-19
9750-BOOHV,0.1706,Unlikely to churn,0.8294,2026-08-19
8597-CWYHH,0.232,Unlikely to churn,0.768,2026-08-19
2848-YXSMW,0.0307,Unlikely to churn,0.9693,2026-08-19
0486-HECZI,0.1303,Unlikely to churn,0.8697,2026-08-19
4549-ZDQYY,0.0824,Unlikely to churn,0.9176,2026-08-19
5712-AHQNN,0.1942,Unlikely to churn,0.8058,2026-08-19
4846-WHAFZ,0.2982,Unlikely to churn,0.7018,2026-08-19
5256-SKJGO,0.0388,Unlikely to churn,0.9612,2026-08-19
3071-VBYPO,0.6033,Likely to churn,0.6033,2026-08-19
9560-BBZXK,0.1476,Unlikely to churn,0.8524,2026-08-19
5299-RULOA,0.5662,Likely to churn,0.5662,2026-08-19
8402-OOOHJ,0.1211,Unlikely to churn,0.8789,2026-08-19
9445-ZUEQE,0.3538,Unlikely to churn,0.6462,2026-08-19
1091-SOZGA,0.1308,Unlikely to churn,0.8692,2026-08-19
2928-HLDBA,0.4151,Unlikely to churn,0.5849,2026-08-19
0404-SWRVG,0.6682,Likely to churn,0.6682,2026-08-19
6497-TILVL,0.4835,Unlikely to churn,0.5165,2026-08-19
7219-TLZHO,0.4386,Unlikely to churn,0.5614,2026-08-19
4622-YNKIJ,0.2689,Unlikely to churn,0.7311,2026-08-19
4412-YLTKF,0.3677,Unlikely to churn,0.6323,2026-08-19
6734-PSBAW,0.0328,Unlikely to churn,0.9672,2026-08-19
3930-ZGWVE,0.4688,Unlikely to churn,0.5312,2026-08-19
2639-UGMAZ,0.0292,Unlikely to churn,0.9708,2026-08-19
2876-GZYZC,0.5611,Likely to churn,0.5611,2026-08-19
6207-WIOLX,0.183,Unlikely to churn,0.817,2026-08-19
8587-XYZSF,0.0533,Unlikely to churn,0.9467,2026-08-19
3091-FYHKI,0.4897,Unlikely to churn,0.5103,2026-08-19
2372-HWUHI,0.5601,Likely to churn,0.5601,2026-08-19
7799-LGRDP,0.1202,Unlikely to churn,0.8798,2026-08-19
7850-VWJUU,0.3998,Unlikely to churn,0.6002,2026-08-19
3774-VBNXY,0.0445,Unlikely to churn,0.9555,2026-08-19
6217-KDYWC,0.0602,Unlikely to churn,0.9398,2026-08-19
0390-DCFDQ,0.6742,Likely to churn,0.6742,2026-08-19
3146-MSEGF,0.0329,Unlikely to churn,0.9671,2026-08-19
4080-OGPJL,0.4677,Unlikely to churn,0.5323,2026-08-19
1095-WGNGG,0.1084,Unlikely to churn,0.8916,2026-08-19
2636-SJDOU,0.0871,Unlikely to churn,0.9129,2026-08-19
1131-QQZEB,0.0345,Unlikely to churn,0.9655,2026-08-19
5716-EZXZN,0.0753,Unlikely to churn,0.9247,2026-08-19
6837-BJYDQ,0.4449,Unlikely to churn,0.5551,2026-08-19
2135-RXIHG,0.5769,Likely to churn,0.5769,2026-08-19
6440-DKQGE,0.2191,Unlikely to churn,0.7809,2026-08-19
3466-BYAVD,0.3397,Unlikely to churn,0.6603,2026-08-19
3780-YVMFA,0.4569,Unlikely to churn,0.5431,2026-08-19
3874-EQOEP,0.6221,Likely to churn,0.6221,2026-08-19
1679-JRFBR,0.059,Unlikely to churn,0.941,2026-08-19
9073-ZZIAY,0.0499,Unlikely to churn,0.9501,2026-08-19
3077-RSNTJ,0.411,Unlikely to churn,0.589,2026-08-19
6551-GNYDG,0.5285,Likely to churn,0.5285,2026-08-19
9167-APMXZ,0.4488,Unlikely to churn,0.5512,2026-08-19
2749-CTKAJ,0.2495,Unlikely to churn,0.7505,2026-08-19
6371-NZYEG,0.3499,Unlikely to churn,0.6501,2026-08-19
7554-NEWDD,0.3902,Unlikely to churn,0.6098,2026-08-19
8992-VONJD,0.3923,Unlikely to churn,0.6077,2026-08-19
0867-MKZVY,0.4647,Unlikely to churn,0.5353,2026-08-19
4482-EWFMI,0.661,Likely to churn,0.661,2026-08-19
4648-YPBTM,0.0855,Unlikely to churn,0.9145,2026-08-19
2907-ILJBN,0.3592,Unlikely to churn,0.6408,2026-08-19
6345-FZOQH,0.0354,Unlikely to churn,0.9646,2026-08-19
3376-BMGFE,0.6443,Likely to churn,0.6443,2026-08-19
5997-OPVFA,0.0334,Unlikely to churn,0.9666,2026-08-19
3445-HXXGF,0.052,Unlikely to churn,0.948,2026-08-19
1159-WFSGR,0.3066,Unlikely to churn,0.6934,2026-08-19
7654-YWJUF,0.1755,Unlikely to churn,0.8245,2026-08-19
1875-QIVME,0.6296,Likely to churn,0.6296,2026-08-19
6727-IOTLZ,0.3569,Unlikely to churn,0.6431,2026-08-19
0691-JVSYA,0.1374,Unlikely to churn,0.8626,2026-08-19
5918-VUKWP,0.1733,Unlikely to churn,0.8267,2026-08-19
1744-JHKYS,0.1699,Unlikely to churn,0.8301,2026-08-19
2656-FMOKZ,0.5347,Likely to churn,0.5347,2026-08-19
2070-FNEXE,0.5907,Likely to churn,0.5907,2026-08-19
5947-SGKCL,0.4845,Unlikely to churn,0.5155,2026-08-19
3712-PKXZA,0.0512,Unlikely to churn,0.9488,2026-08-19
6317-YPKDH,0.4666,Unlikely to churn,0.5334,2026-08-19
6582-OIVSP,0.5755,Likely to churn,0.5755,2026-08-19
9367-WXLCH,0.6119,Likely to churn,0.6119,2026-08-19
5524-KHNJP,0.1948,Unlikely to churn,0.8052,2026-08-19
1918-ZBFQJ,0.4883,Unlikely to churn,0.5117,2026-08-19
1024-GUALD,0.49,Unlikely to churn,0.51,2026-08-19
4827-USJHP,0.3417,Unlikely to churn,0.6583,2026-08-19
8167-GJLRN,0.4453,Unlikely to churn,0.5547,2026-08-19
0956-SYCWG,0.3344,Unlikely to churn,0.6656,2026-08-19
8017-UVSZU,0.1808,Unlikely to churn,0.8192,2026-08-19
7100-FQPRV,0.1475,Unlikely to churn,0.8525,2026-08-19
2472-OVKUP,0.574,Likely to churn,0.574,2026-08-19
2984-RGEYA,0.0353,Unlikely to churn,0.9647,2026-08-19
9680-NIAUV,0.0554,Unlikely to churn,0.9446,2026-08-19
2146-EGVDT,0.0548,Unlikely to churn,0.9452,2026-08-19
2604-IJPDU,0.3908,Unlikely to churn,0.6092,2026-08-19
9178-JHUVJ,0.2445,Unlikely to churn,0.7555,2026-08-19
6168-YBYNP,0.0997,Unlikely to churn,0.9003,2026-08-19
7255-SSFBC,0.0576,Unlikely to churn,0.9424,2026-08-19
3645-DEYGF,0.473,Unlikely to churn,0.527,2026-08-19
9323-HGFWY,0.3359,Unlikely to churn,0.6641,2026-08-19
8544-GOQSH,0.4799,Unlikely to churn,0.5201,2026-08-19
3363-DTIVD,0.0642,Unlikely to churn,0.9358,2026-08-19
7018-WBJNK,0.5293,Likely to churn,0.5293,2026-08-19
9142-KZXOP,0.2121,Unlikely to churn,0.7879,2026-08-19
7674-YTAFD,0.2746,Unlikely to churn,0.7254,2026-08-19
6348-SNFUS,0.023,Unlikely to churn,0.977,2026-08-19
1285-OKIPP,0.6695,Likely to churn,0.6695,2026-08-19
7825-ECJRF,0.3993,Unlikely to churn,0.6007,2026-08-19
1347-KTTTA,0.0701,Unlikely to churn,0.9299,2026-08-19
7841-TZDMQ,0.5669,Likely to churn,0.5669,2026-08-19
4195-NZGTA,0.4918,Unlikely to churn,0.5082,2026-08-19
7157-SMCFK,0.0505,Unlikely to churn,0.9495,2026-08-19
4709-LKHYG,0.1929,Unlikely to churn,0.8071,2026-08-19
2504-DSHIH,0.4482,Unlikely to churn,0.5518,2026-08-19
0699-NDKJM,0.0478,Unlikely to churn,0.9522,2026-08-19
9286-BHDQG,0.0232,Unlikely to churn,0.9768,2026-08-19
0230-WEQUW,0.0308,Unlikely to churn,0.9692,2026-08-19
2040-LDIWQ,0.0503,Unlikely to churn,0.9497,2026-08-19
6496-JDSSB,0.5938,Likely to churn,0.5938,2026-08-19
9408-SSNVZ,0.6414,Likely to churn,0.6414,2026-08-19
4443-EMBNA,0.035,Unlikely to churn,0.965,2026-08-19
6469-MRVET,0.4707,Unlikely to churn,0.5293,2026-08-19
0742-MOABM,0.5159,Likely to churn,0.5159,2026-08-19
5961-VUSRV,0.3438,Unlikely to churn,0.6562,2026-08-19
6778-JFCMK,0.2273,Unlikely to churn,0.7727,2026-08-19
6341-JVQGF,0.1981,Unlikely to churn,0.8019,2026-08-19
2232-DMLXU,0.5721,Likely to churn,0.5721,2026-08-19
4811-JBUVU,0.3399,Unlikely to churn,0.6601,2026-08-19
0945-TSONX,0.1114,Unlikely to churn,0.8886,2026-08-19
2651-ZCBXV,0.1168,Unlikely to churn,0.8832,2026-08-19
3316-UWXUY,0.1302,Unlikely to churn,0.8698,2026-08-19
8937-RDTHP,0.6467,Likely to churn,0.6467,2026-08-19
7083-MIOPC,0.0311,Unlikely to churn,0.9689,2026-08-19
1984-GPTEH,0.2067,Unlikely to churn,0.7933,2026-08-19
1251-KRREG,0.5573,Likely to churn,0.5573,2026-08-19
0621-JFHOL,0.3633,Unlikely to churn,0.6367,2026-08-19
9903-LYSAB,0.4942,Unlikely to churn,0.5058,2026-08-19
0094-OIFMO,0.5328,Likely to churn,0.5328,2026-08-19
9227-UAQFT,0.3043,Unlikely to churn,0.6957,2026-08-19
7301-ABVAD,0.0382,Unlikely to churn,0.9618,2026-08-19
6614-FHDBO,0.0549,Unlikely to churn,0.9451,2026-08-19
7576-ASEJU,0.1426,Unlikely to churn,0.8574,2026-08-19
9058-HRZSV,0.07,Unlikely to churn,0.93,2026-08-19
4522-AKYLR,0.3875,Unlikely to churn,0.6125,2026-08-19
0221-WMXNQ,0.6198,Likely to churn,0.6198,2026-08-19
0303-UNCIP,0.1684,Unlikely to churn,0.8316,2026-08-19
9947-OTFQU,0.4895,Unlikely to churn,0.5105,2026-08-19
0322-YINQP,0.5446,Likely to churn,0.5446,2026-08-19
0959-WHOKV,0.1927,Unlikely to churn,0.8073,2026-08-19
4075-JFPGR,0.125,Unlikely to churn,0.875,2026-08-19
4629-NRXKX,0.6636,Likely to churn,0.6636,2026-08-19
9514-JDSKI,0.4646,Unlikely to churn,0.5354,2026-08-19
3282-ZISZV,0.1975,Unlikely to churn,0.8025,2026-08-19
3675-YDUPJ,0.3671,Unlikely to churn,0.6329,2026-08-19
4111-BNXIF,0.0309,Unlikely to churn,0.9691,2026-08-19
7017-VFHAY,0.0823,Unlikely to churn,0.9177,2026-08-19
6655-LHBYW,0.1291,Unlikely to churn,0.8709,2026-08-19
4959-JOSRX,0.5611,Likely to churn,0.5611,2026-08-19
5046-NUHWD,0.1749,Unlikely to churn,0.8251,2026-08-19
7273-TEFQD,0.4454,Unlikely to churn,0.5546,2026-08-19
3606-TWKGI,0.5144,Likely to churn,0.5144,2026-08-19
7529-ZDFXI,0.127,Unlikely to churn,0.873,2026-08-19
7605-BDWDC,0.1488,Unlikely to churn,0.8512,2026-08-19
1950-KSVVJ,0.1554,Unlikely to churn,0.8446,2026-08-19
0123-CRBRT,0.0539,Unlikely to churn,0.9461,2026-08-19
6292-TOSSS,0.0885,Unlikely to churn,0.9115,2026-08-19
3197-ARFOY,0.3928,Unlikely to churn,0.6072,2026-08-19
6323-AYBRX,0.0549,Unlikely to churn,0.9451,2026-08-19
7014-ZZXAW,0.0347,Unlikely to churn,0.9653,2026-08-19
4385-GZQXV,0.472,Unlikely to churn,0.528,2026-08-19
7633-MVPUY,0.0682,Unlikely to churn,0.9318,2026-08-19
6366-ZGQGL,0.49,Unlikely to churn,0.51,2026-08-19
4716-HHKQH,0.4335,Unlikely to churn,0.5665,2026-08-19
5940-AHUHD,0.6747,Likely to churn,0.6747,2026-08-19
6432-TWQLB,0.6061,Likely to churn,0.6061,2026-08-19
4484-GLZOU,0.142,Unlikely to churn,0.858,2026-08-19
3179-GBRWV,0.3011,Unlikely to churn,0.6989,2026-08-19
8645-KWHJO,0.297,Unlikely to churn,0.703,2026-08-19
4130-MZLCC,0.5063,Likely to churn,0.5063,2026-08-19
0314-TKOSI,0.4689,Unlikely to churn,0.5311,2026-08-19
8229-MYEJZ,0.4507,Unlikely to churn,0.5493,2026-08-19
2080-SRCDE,0.4925,Unlikely to churn,0.5075,2026-08-19
9577-WJVCQ,0.0543,Unlikely to churn,0.9457,2026-08-19
9512-UIBFX,0.4517,Unlikely to churn,0.5483,2026-08-19
6202-DYYFX,0.4595,Unlikely to churn,0.5405,2026-08-19
3808-HFKDE,0.3542,Unlikely to churn,0.6458,2026-08-19
5583-SXDAG,0.6725,Likely to churn,0.6725,2026-08-19
3488-PGMQJ,0.5714,Likely to churn,0.5714,2026-08-19
3580-REOAC,0.4689,Unlikely to churn,0.5311,2026-08-19
7534-BFESC,0.4367,Unlikely to churn,0.5633,2026-08-19
3727-OWVYD,0.1736,Unlikely to churn,0.8264,2026-08-19
2294-SALNE,0.3616,Unlikely to churn,0.6384,2026-08-19
4847-TAJYI,0.6107,Likely to churn,0.6107,2026-08-19
1563-IWQEX,0.3451,Unlikely to churn,0.6549,2026-08-19
8203-XJZRC,0.4709,Unlikely to churn,0.5291,2026-08-19
6556-DBKZF,0.0669,Unlikely to churn,0.9331,2026-08-19
6851-WEFYX,0.2902,Unlikely to churn,0.7098,2026-08-19
2985-JUUBZ,0.1722,Unlikely to churn,0.8278,2026-08-19
6390-DSAZX,0.6456,Likely to churn,0.6456,2026-08-19
0895-LMRSF,0.3195,Unlikely to churn,0.6805,2026-08-19
8098-LLAZX,0.6562,Likely to churn,0.6562,2026-08-19
8266-VBFQL,0.5942,Likely to churn,0.5942,2026-08-19
8181-YHCMF,0.0299,Unlikely to churn,0.9701,2026-08-19
2240-HSJQD,0.2703,Unlikely to churn,0.7297,2026-08-19
1248-DYXUB,0.0811,Unlikely to churn,0.9189,2026-08-19
0265-EDXBD,0.3432,Unlikely to churn,0.6568,2026-08-19
4115-BNPJY,0.2282,Unlikely to churn,0.7718,2026-08-19
3167-SNQPL,0.2633,Unlikely to churn,0.7367,2026-08-19
4091-TVOCN,0.1137,Unlikely to churn,0.8863,2026-08-19
1098-TDVUQ,0.4667,Unlikely to churn,0.5333,2026-08-19
7277-OZCGZ,0.3814,Unlikely to churn,0.6186,2026-08-19
1557-EMYVT,0.1722,Unlikely to churn,0.8278,2026-08-19
2799-ARNLO,0.6275,Likely to churn,0.6275,2026-08-19
7563-BIUPC,0.6296,Likely to churn,0.6296,2026-08-19
5027-YOCXN,0.1361,Unlikely to churn,0.8639,2026-08-19
3973-SKMLN,0.0323,Unlikely to churn,0.9677,2026-08-19
2321-OMBXY,0.1493,Unlikely to churn,0.8507,2026-08-19
2840-XANRC,0.3756,Unlikely to churn,0.6244,2026-08-19
6745-JEFZB,0.2951,Unlikely to churn,0.7049,2026-08-19
5020-ZSTTY,0.0793,Unlikely to churn,0.9207,2026-08-19
9880-TDQAC,0.0248,Unlikely to churn,0.9752,2026-08-19
8705-WZCYL,0.5735,Likely to churn,0.5735,2026-08-19
7102-JJVTX,0.4515,Unlikely to churn,0.5485,2026-08-19
8626-PTQGE,0.0284,Unlikely to churn,0.9716,2026-08-19
4983-CLMLV,0.1372,Unlikely to churn,0.8628,2026-08-19
5701-YVSVF,0.527,Likely to churn,0.527,2026-08-19
5804-LEPIM,0.6634,Likely to churn,0.6634,2026-08-19
5697-GOMBF,0.2146,Unlikely to churn,0.7854,2026-08-19
2739-CACDQ,0.5008,Likely to churn,0.5008,2026-08-19
9385-EHGDO,0.1526,Unlikely to churn,0.8474,2026-08-19
9498-FIMXL,0.3865,Unlikely to churn,0.6135,2026-08-19
2379-GYFLQ,0.1812,Unlikely to churn,0.8188,2026-08-19
0122-OAHPZ,0.6233,Likely to churn,0.6233,2026-08-19
2868-SNELZ,0.6617,Likely to churn,0.6617,2026-08-19
4322-RCYMT,0.0457,Unlikely to churn,0.9543,2026-08-19
6680-NENYN,0.2002,Unlikely to churn,0.7998,2026-08-19
2088-IEBAU,0.0395,Unlikely to churn,0.9605,2026-08-19
7982-VCELR,0.2607,Unlikely to churn,0.7393,2026-08-19
1343-EHPYB,0.0877,Unlikely to churn,0.9123,2026-08-19
6035-BXTTY,0.2059,Unlikely to churn,0.7941,2026-08-19
6885-PKOAM,0.0332,Unlikely to churn,0.9668,2026-08-19
7520-HQWJU,0.0519,Unlikely to churn,0.9481,2026-08-19
9639-BUJXT,0.0468,Unlikely to churn,0.9532,2026-08-19
5924-SNGKP,0.1204,Unlikely to churn,0.8796,2026-08-19
0021-IKXGC,0.6802,Likely to churn,0.6802,2026-08-19
2034-GDRCN,0.6582,Likely to churn,0.6582,2026-08-19
8966-SNIZF,0.0336,Unlikely to churn,0.9664,2026-08-19
6243-OZGFH,0.2513,Unlikely to churn,0.7487,2026-08-19
4654-DLAMQ,0.0761,Unlikely to churn,0.9239,2026-08-19
0513-RBGPE,0.1643,Unlikely to churn,0.8357,2026-08-19
5160-UXJED,0.3879,Unlikely to churn,0.6121,2026-08-19
4115-NZRKS,0.5988,Likely to churn,0.5988,2026-08-19
0219-YTZUE,0.6148,Likely to churn,0.6148,2026-08-19
0623-IIHUG,0.2594,Unlikely to churn,0.7406,2026-08-19
4572-DVCGN,0.5721,Likely to churn,0.5721,2026-08-19
3351-NGXYI,0.3941,Unlikely to churn,0.6059,2026-08-19
8984-EYLLL,0.0865,Unlikely to churn,0.9135,2026-08-19
9057-MSWCO,0.208,Unlikely to churn,0.792,2026-08-19
9833-TGFHX,0.2168,Unlikely to churn,0.7832,2026-08-19
9294-TDIPC,0.4244,Unlikely to churn,0.5756,2026-08-19
5229-DTFYB,0.1995,Unlikely to churn,0.8005,2026-08-19
0104-PPXDV,0.0787,Unlikely to churn,0.9213,2026-08-19
5176-LMJXE,0.0941,Unlikely to churn,0.9059,2026-08-19
3583-KRKMD,0.4608,Unlikely to churn,0.5392,2026-08-19
1010-DIAUQ,0.6076,Likely to churn,0.6076,2026-08-19
9069-LGEUL,0.3017,Unlikely to churn,0.6983,2026-08-19
7302-ZHMHP,0.4663,Unlikely to churn,0.5337,2026-08-19
9571-EDEBV,0.0681,Unlikely to churn,0.9319,2026-08-19
3520-FJGCV,0.0489,Unlikely to churn,0.9511,2026-08-19
6563-VRERX,0.1668,Unlikely to churn,0.8332,2026-08-19
0259-GBZSH,0.6804,Likely to churn,0.6804,2026-08-19
6122-EFVKN,0.2154,Unlikely to churn,0.7846,2026-08-19
2805-EDJPQ,0.1115,Unlikely to churn,0.8885,2026-08-19
6862-CQUMB,0.2559,Unlikely to churn,0.7441,2026-08-19
7156-MXBJE,0.1309,Unlikely to churn,0.8691,2026-08-19
6158-HDPXZ,0.4923,Unlikely to churn,0.5077,2026-08-19
9601-BRXPO,0.3689,Unlikely to churn,0.6311,2026-08-19
2863-IMQDR,0.0552,Unlikely to churn,0.9448,2026-08-19
5686-CMAWK,0.473,Unlikely to churn,0.527,2026-08-19
5651-CRHKQ,0.1945,Unlikely to churn,0.8055,2026-08-19
6905-NIQIN,0.5533,Likely to churn,0.5533,2026-08-19
8204-YJCLA,0.0225,Unlikely to churn,0.9775,2026-08-19
5167-ZFFMM,0.6703,Likely to churn,0.6703,2026-08-19
6583-SZVGP,0.1736,Unlikely to churn,0.8264,2026-08-19
4895-TMWIR,0.3567,Unlikely to churn,0.6433,2026-08-19
0533-BNWKF,0.1292,Unlikely to churn,0.8708,2026-08-19
1708-PBBOA,0.0866,Unlikely to churn,0.9134,2026-08-19
8782-LKFPK,0.2124,Unlikely to churn,0.7876,2026-08-19
5522-JBWMO,0.5702,Likely to churn,0.5702,2026-08-19
3597-MVHJT,0.3948,Unlikely to churn,0.6052,2026-08-19
9774-NRNAU,0.2406,Unlikely to churn,0.7594,2026-08-19
0224-RLWWD,0.5599,Likely to churn,0.5599,2026-08-19
9967-ATRFS,0.2759,Unlikely to churn,0.7241,2026-08-19
3951-NJCVI,0.2426,Unlikely to churn,0.7574,2026-08-19
2977-CEBSX,0.0445,Unlikely to churn,0.9555,2026-08-19
0177-PXBAT,0.2673,Unlikely to churn,0.7327,2026-08-19
6599-CEBNN,0.2812,Unlikely to churn,0.7188,2026-08-19
2519-ERQOJ,0.1471,Unlikely to churn,0.8529,2026-08-19
5876-QMYLD,0.2405,Unlikely to churn,0.7595,2026-08-19
2277-AXSDC,0.1714,Unlikely to churn,0.8286,2026-08-19
9442-JTWDL,0.3571,Unlikely to churn,0.6429,2026-08-19
0979-PHULV,0.0753,Unlikely to churn,0.9247,2026-08-19
3067-SVMTC,0.0468,Unlikely to churn,0.9532,2026-08-19
5495-GPSRW,0.266,Unlikely to churn,0.734,2026-08-19
7606-BPHHN,0.0309,Unlikely to churn,0.9691,2026-08-19
4742-DRORA,0.1038,Unlikely to churn,0.8962,2026-08-19
0111-KLBQG,0.2954,Unlikely to churn,0.7046,2026-08-19
4800-VHZKI,0.4694,Unlikely to churn,0.5306,2026-08-19
7989-CHGTL,0.4681,Unlikely to churn,0.5319,2026-08-19
0334-GDDSO,0.654,Likely to churn,0.654,2026-08-19
4163-NCJAK,0.1041,Unlikely to churn,0.8959,2026-08-19
5233-AOZUF,0.3757,Unlikely to churn,0.6243,2026-08-19
5973-EJGDP,0.1336,Unlikely to churn,0.8664,2026-08-19
1996-DBMUS,0.1871,Unlikely to churn,0.8129,2026-08-19
7916-VCCPB,0.473,Unlikely to churn,0.527,2026-08-19
4686-GEFRM,0.0602,Unlikely to churn,0.9398,2026-08-19
5249-QYHEX,0.1341,Unlikely to churn,0.8659,2026-08-19
0578-SKVMF,0.4013,Unlikely to churn,0.5987,2026-08-19
5564-NEMQO,0.6521,Likely to churn,0.6521,2026-08-19
2233-FAGXV,0.4413,Unlikely to churn,0.5587,2026-08-19
5605-IYGFG,0.6074,Likely to churn,0.6074,2026-08-19
7663-ZTEGJ,0.3104,Unlikely to churn,0.6896,2026-08-19
3935-TBRZZ,0.1153,Unlikely to churn,0.8847,2026-08-19
8111-BKVDS,0.3242,Unlikely to churn,0.6758,2026-08-19
2055-SIFSS,0.1075,Unlikely to churn,0.8925,2026-08-19
2806-MLNTI,0.1421,Unlikely to churn,0.8579,2026-08-19
8734-DKSTZ,0.5954,Likely to churn,0.5954,2026-08-19
4360-PNRQB,0.5045,Likely to churn,0.5045,2026-08-19
6152-ONASV,0.0486,Unlikely to churn,0.9514,2026-08-19
9063-ZGTUY,0.0503,Unlikely to churn,0.9497,2026-08-19
7781-HVGMK,0.0226,Unlikely to churn,0.9774,2026-08-19
2181-UAESM,0.5086,Likely to churn,0.5086,2026-08-19
2957-LOLHO,0.448,Unlikely to churn,0.552,2026-08-19
6048-NJXHX,0.1195,Unlikely to churn,0.8805,2026-08-19
2320-SLKMB,0.1946,Unlikely to churn,0.8054,2026-08-19
4980-URKXC,0.1487,Unlikely to churn,0.8513,2026-08-19
4376-KFVRS,0.05,Unlikely to churn,0.95,2026-08-19
5886-VLQVU,0.2894,Unlikely to churn,0.7106,2026-08-19
3577-AMVUX,0.527,Likely to churn,0.527,2026-08-19
0771-WLCLA,0.4597,Unlikely to churn,0.5403,2026-08-19
5628-RKIFK,0.1769,Unlikely to churn,0.8231,2026-08-19
0206-TBWLC,0.1099,Unlikely to churn,0.8901,2026-08-19
2937-FTHUR,0.372,Unlikely to churn,0.628,2026-08-19
1910-FMXJM,0.2842,Unlikely to churn,0.7158,2026-08-19
7752-XUSCI,0.1035,Unlikely to churn,0.8965,2026-08-19
4110-PFEUZ,0.6708,Likely to churn,0.6708,2026-08-19
0732-OCQOC,0.0814,Unlikely to churn,0.9186,2026-08-19
5168-MSWXT,0.5665,Likely to churn,0.5665,2026-08-19
1090-ESELR,0.0518,Unlikely to churn,0.9482,2026-08-19
8592-PLTMQ,0.0479,Unlikely to churn,0.9521,2026-08-19
5760-WRAHC,0.2713,Unlikely to churn,0.7287,2026-08-19
8847-GEOOQ,0.0428,Unlikely to churn,0.9572,2026-08-19
0256-LTHVJ,0.3685,Unlikely to churn,0.6315,2026-08-19
4785-FCIFB,0.0544,Unlikely to churn,0.9456,2026-08-19
8313-NDOIA,0.3767,Unlikely to churn,0.6233,2026-08-19
5149-CUZUJ,0.2932,Unlikely to churn,0.7068,2026-08-19
0942-KOWSM,0.2047,Unlikely to churn,0.7953,2026-08-19
4237-CLSMM,0.4582,Unlikely to churn,0.5418,2026-08-19
1452-VOQCH,0.6911,Likely to churn,0.6911,2026-08-19
4719-UMSIY,0.4108,Unlikely to churn,0.5892,2026-08-19
6614-VBEGU,0.2877,Unlikely to churn,0.7123,2026-08-19
0880-TKATG,0.637,Likely to churn,0.637,2026-08-19
3811-VBYBZ,0.5985,Likely to churn,0.5985,2026-08-19
1480-BKXGA,0.0516,Unlikely to churn,0.9484,2026-08-19
2996-XAUVF,0.0331,Unlikely to churn,0.9669,2026-08-19
9076-AXYIK,0.0824,Unlikely to churn,0.9176,2026-08-19
5968-XQIVE,0.0671,Unlikely to churn,0.9329,2026-08-19
8896-RAZCR,0.1057,Unlikely to churn,0.8943,2026-08-19
4640-UHDOS,0.4358,Unlikely to churn,0.5642,2026-08-19
4933-IKULF,0.2976,Unlikely to churn,0.7024,2026-08-19
3583-EKAPL,0.5713,Likely to churn,0.5713,2026-08-19
1304-BCCFO,0.4515,Unlikely to churn,0.5485,2026-08-19
4104-PVRPS,0.2703,Unlikely to churn,0.7297,2026-08-19
9399-APLBT,0.6498,Likely to churn,0.6498,2026-08-19
2359-KMGLI,0.4098,Unlikely to churn,0.5902,2026-08-19
3780-DDGSE,0.1838,Unlikely to churn,0.8162,2026-08-19
4431-EDMIQ,0.4094,Unlikely to churn,0.5906,2026-08-19
0306-JAELE,0.606,Likely to churn,0.606,2026-08-19
6227-HWPWX,0.5119,Likely to churn,0.5119,2026-08-19
0486-LGCCH,0.3555,Unlikely to churn,0.6445,2026-08-19
0447-BEMNG,0.0805,Unlikely to churn,0.9195,2026-08-19
4612-SSVHJ,0.4607,Unlikely to churn,0.5393,2026-08-19
5168-MQQCA,0.0543,Unlikely to churn,0.9457,2026-08-19
5949-XIKAE,0.5645,Likely to churn,0.5645,2026-08-19
7971-HLVXI,0.0731,Unlikely to churn,0.9269,2026-08-19
9094-AZPHK,0.5076,Likely to churn,0.5076,2026-08-19
3649-JPUGY,0.0395,Unlikely to churn,0.9605,2026-08-19
4472-LVYGI,0.4384,Unlikely to churn,0.5616,2026-08-19
8372-JUXUI,0.6884,Likely to churn,0.6884,2026-08-19
3552-CTCYF,0.0896,Unlikely to churn,0.9104,2026-08-19
6778-YSNIH,0.5318,Likely to churn,0.5318,2026-08-19
0388-EOPEX,0.638,Likely to churn,0.638,2026-08-19
5756-OZRIO,0.0725,Unlikely to churn,0.9275,2026-08-19
6579-JPICP,0.4715,Unlikely to churn,0.5285,2026-08-19
8205-OTCHB,0.2236,Unlikely to churn,0.7764,2026-08-19
4134-BSXLX,0.2249,Unlikely to churn,0.7751,2026-08-19
0505-SPOOW,0.0338,Unlikely to churn,0.9662,2026-08-19
6235-VDHOM,0.4143,Unlikely to churn,0.5857,2026-08-19
7783-YKGDV,0.4958,Unlikely to churn,0.5042,2026-08-19
4374-YMUSQ,0.2444,Unlikely to churn,0.7556,2026-08-19
4513-CXYIX,0.072,Unlikely to churn,0.928,2026-08-19
3957-HHLMR,0.0497,Unlikely to churn,0.9503,2026-08-19
7803-XOCCZ,0.1222,Unlikely to churn,0.8778,2026-08-19
5736-YEJAX,0.039,Unlikely to churn,0.961,2026-08-19
5609-CEBID,0.4243,Unlikely to churn,0.5757,2026-08-19
8981-FJGLA,0.5513,Likely to churn,0.5513,2026-08-19
7218-HKQFK,0.6316,Likely to churn,0.6316,2026-08-19
4636-QRJKY,0.6182,Likely to churn,0.6182,2026-08-19
1135-LMECX,0.4692,Unlikely to churn,0.5308,2026-08-19
4332-MUOEZ,0.3818,Unlikely to churn,0.6182,2026-08-19
8535-SFUTN,0.1001,Unlikely to churn,0.8999,2026-08-19
5956-VKDTT,0.6469,Likely to churn,0.6469,2026-08-19
8677-HDZEE,0.1214,Unlikely to churn,0.8786,2026-08-19
2475-MROZF,0.2813,Unlikely to churn,0.7187,2026-08-19
9412-GHEEC,0.2242,Unlikely to churn,0.7758,2026-08-19
3482-ABPKK,0.2372,Unlikely to churn,0.7628,2026-08-19
6705-LXORM,0.6302,Likely to churn,0.6302,2026-08-19
0257-ZESQC,0.3566,Unlikely to churn,0.6434,2026-08-19
7531-GQHME,0.3464,Unlikely to churn,0.6536,2026-08-19
5174-ITUMV,0.0762,Unlikely to churn,0.9238,2026-08-19
4109-CYRBD,0.289,Unlikely to churn,0.711,2026-08-19
0913-XWSCN,0.1509,Unlikely to churn,0.8491,2026-08-19
6825-UYPFK,0.4462,Unlikely to churn,0.5538,2026-08-19
8397-MVTAZ,0.2973,Unlikely to churn,0.7027,2026-08-19
0750-EBAIU,0.1358,Unlikely to churn,0.8642,2026-08-19
8606-CIQUL,0.0514,Unlikely to churn,0.9486,2026-08-19
3571-DPYUH,0.1117,Unlikely to churn,0.8883,2026-08-19
7601-GNDYK,0.152,Unlikely to churn,0.848,2026-08-19
0356-OBMAC,0.1118,Unlikely to churn,0.8882,2026-08-19
8067-NIOYM,0.2353,Unlikely to churn,0.7647,2026-08-19
1403-GYAFU,0.0339,Unlikely to churn,0.9661,2026-08-19
4234-XTNEA,0.6592,Likely to churn,0.6592,2026-08-19
1297-VQDRP,0.075,Unlikely to churn,0.925,2026-08-19
9282-IZGQK,0.6882,Likely to churn,0.6882,2026-08-19
5348-CAGXB,0.5431,Likely to churn,0.5431,2026-08-19
0621-HJWXJ,0.1026,Unlikely to churn,0.8974,2026-08-19
5844-QVTAT,0.1805,Unlikely to churn,0.8195,2026-08-19
8905-IAZPF,0.0709,Unlikely to churn,0.9291,2026-08-19
5394-MEITZ,0.0593,Unlikely to churn,0.9407,2026-08-19
6859-QNXIQ,0.0493,Unlikely to churn,0.9507,2026-08-19
2782-LFZVW,0.4714,Unlikely to churn,0.5286,2026-08-19
2866-IKBTM,0.4679,Unlikely to churn,0.5321,2026-08-19
1342-JPNKI,0.5958,Likely to churn,0.5958,2026-08-19
2817-NTQDO,0.3114,Unlikely to churn,0.6886,2026-08-19
7129-AZJDE,0.2985,Unlikely to churn,0.7015,2026-08-19
6986-IJDHX,0.2413,Unlikely to churn,0.7587,2026-08-19
2560-PPCHE,0.0826,Unlikely to churn,0.9174,2026-08-19
4676-MQUEA,0.147,Unlikely to churn,0.853,2026-08-19
8138-EALND,0.3143,Unlikely to churn,0.6857,2026-08-19
3580-HYCSP,0.0559,Unlikely to churn,0.9441,2026-08-19
1352-HNSAW,0.0513,Unlikely to churn,0.9487,2026-08-19
2075-PUEPR,0.0654,Unlikely to churn,0.9346,2026-08-19
1982-FEBTD,0.258,Unlikely to churn,0.742,2026-08-19
5301-GAUUY,0.3235,Unlikely to churn,0.6765,2026-08-19
5791-KAJFD,0.082,Unlikely to churn,0.918,2026-08-19
2654-VBVPB,0.4694,Unlikely to churn,0.5306,2026-08-19
1154-HYWWO,0.1515,Unlikely to churn,0.8485,2026-08-19
2501-XWWTZ,0.5634,Likely to churn,0.5634,2026-08-19
3716-UVSPD,0.5477,Likely to churn,0.5477,2026-08-19
6815-ABQFQ,0.1246,Unlikely to churn,0.8754,2026-08-19
7343-EOBEU,0.4616,Unlikely to churn,0.5384,2026-08-19
3701-SFMUH,0.4733,Unlikely to churn,0.5267,2026-08-19
6103-LIANB,0.1151,Unlikely to churn,0.8849,2026-08-19
7319-VENRZ,0.4508,Unlikely to churn,0.5492,2026-08-19
5846-NEQVZ,0.0369,Unlikely to churn,0.9631,2026-08-19
6967-QIQRV,0.47,Unlikely to churn,0.53,2026-08-19
5781-RFZRP,0.0385,Unlikely to churn,0.9615,2026-08-19
0939-YAPAF,0.2883,Unlikely to churn,0.7117,2026-08-19
0308-IVGOK,0.3129,Unlikely to churn,0.6871,2026-08-19
7293-LSCDV,0.0524,Unlikely to churn,0.9476,2026-08-19
7025-WCBNE,0.1225,Unlikely to churn,0.8775,2026-08-19
5756-JYOJT,0.4074,Unlikely to churn,0.5926,2026-08-19
4710-FDUIZ,0.1317,Unlikely to churn,0.8683,2026-08-19
6030-REHUX,0.319,Unlikely to churn,0.681,2026-08-19
9548-LIGTA,0.0571,Unlikely to churn,0.9429,2026-08-19
5150-LJNSR,0.32,Unlikely to churn,0.68,2026-08-19
8270-RKSAP,0.5875,Likely to churn,0.5875,2026-08-19
6522-YRBXD,0.269,Unlikely to churn,0.731,2026-08-19
2640-LYMOV,0.4567,Unlikely to churn,0.5433,2026-08-19
1218-VKFPE,0.3424,Unlikely to churn,0.6576,2026-08-19
3627-FHKBK,0.6521,Likely to churn,0.6521,2026-08-19
2865-TCHJW,0.6322,Likely to churn,0.6322,2026-08-19
1423-BMPBQ,0.4656,Unlikely to churn,0.5344,2026-08-19
2393-DIVAI,0.4466,Unlikely to churn,0.5534,2026-08-19
5192-EBGOV,0.6907,Likely to churn,0.6907,2026-08-19
4568-KNYWR,0.0894,Unlikely to churn,0.9106,2026-08-19
8752-IMQOS,0.424,Unlikely to churn,0.576,2026-08-19
0742-LAFQK,0.0555,Unlikely to churn,0.9445,2026-08-19
0795-LAFGP,0.0358,Unlikely to churn,0.9642,2026-08-19
0619-OLYUR,0.0573,Unlikely to churn,0.9427,2026-08-19
5512-IDZEI,0.1048,Unlikely to churn,0.8952,2026-08-19
0459-SPZHJ,0.0544,Unlikely to churn,0.9456,2026-08-19
0215-BQKGS,0.2813,Unlikely to churn,0.7187,2026-08-19
9244-ZVAPM,0.5767,Likely to churn,0.5767,2026-08-19
0719-SYFRB,0.3832,Unlikely to churn,0.6168,2026-08-19
8208-EUMTE,0.2427,Unlikely to churn,0.7573,2026-08-19
5172-MIGPM,0.5359,Likely to churn,0.5359,2026-08-19
1710-RCXUS,0.1626,Unlikely to churn,0.8374,2026-08-19
0374-FIUCA,0.0427,Unlikely to churn,0.9573,2026-08-19
5839-SUYVZ,0.4785,Unlikely to churn,0.5215,2026-08-19
5173-ZXXXL,0.458,Unlikely to churn,0.542,2026-08-19
1096-ADRUX,0.0952,Unlikely to churn,0.9048,2026-08-19
2001-MCUUW,0.1628,Unlikely to churn,0.8372,2026-08-19
2731-GJRDG,0.2754,Unlikely to churn,0.7246,2026-08-19
4723-BEGSG,0.0383,Unlikely to churn,0.9617,2026-08-19
6516-NKQBO,0.1508,Unlikely to churn,0.8492,2026-08-19
8672-OAUPW,0.1022,Unlikely to churn,0.8978,2026-08-19
8207-DMRVL,0.0504,Unlikely to churn,0.9496,2026-08-19
3419-SNJJD,0.0829,Unlikely to churn,0.9171,2026-08-19
6543-CPZMK,0.3756,Unlikely to churn,0.6244,2026-08-19
4765-OXPPD,0.3871,Unlikely to churn,0.6129,2026-08-19
2804-ETQDK,0.0409,Unlikely to churn,0.9591,2026-08-19
6689-VRRTK,0.1788,Unlikely to churn,0.8212,2026-08-19
7138-GIRSH,0.1069,Unlikely to churn,0.8931,2026-08-19
9396-ZSFLL,0.4277,Unlikely to churn,0.5723,2026-08-19
6464-KEXXH,0.4109,Unlikely to churn,0.5891,2026-08-19
7134-MJPDY,0.0765,Unlikely to churn,0.9235,2026-08-19
5240-CAOYT,0.1046,Unlikely to churn,0.8954,2026-08-19
4059-IIEBK,0.5992,Likely to churn,0.5992,2026-08-19
4881-JVQOD,0.3828,Unlikely to churn,0.6172,2026-08-19
0516-UXRMT,0.0907,Unlikely to churn,0.9093,2026-08-19
4851-BQDNX,0.2291,Unlikely to churn,0.7709,2026-08-19
5148-HKFIR,0.266,Unlikely to churn,0.734,2026-08-19
1009-IRMNA,0.4009,Unlikely to churn,0.5991,2026-08-19
3003-CMDUU,0.3725,Unlikely to churn,0.6275,2026-08-19
5016-IBERQ,0.3939,Unlikely to churn,0.6061,2026-08-19
6797-UCJHZ,0.0786,Unlikely to churn,0.9214,2026-08-19
2469-DTSGX,0.0571,Unlikely to churn,0.9429,2026-08-19
4554-YGZIH,0.175,Unlikely to churn,0.825,2026-08-19
5099-BAILX,0.1882,Unlikely to churn,0.8118,2026-08-19
9931-KGHOA,0.1396,Unlikely to churn,0.8604,2026-08-19
1775-KWJKQ,0.0339,Unlikely to churn,0.9661,2026-08-19
7665-VIGUD,0.3691,Unlikely to churn,0.6309,2026-08-19
9411-TPQQV,0.1105,Unlikely to churn,0.8895,2026-08-19
7207-RMRDB,0.0832,Unlikely to churn,0.9168,2026-08-19
7954-MLBUN,0.287,Unlikely to churn,0.713,2026-08-19
2077-DDHJK,0.0422,Unlikely to churn,0.9578,2026-08-19
4913-EHYUI,0.1198,Unlikely to churn,0.8802,2026-08-19
0195-IESCP,0.5925,Likely to churn,0.5925,2026-08-19
9574-BOSMD,0.0405,Unlikely to churn,0.9595,2026-08-19
4580-TMHJU,0.1599,Unlikely to churn,0.8401,2026-08-19
0970-ETWGE,0.6655,Likely to churn,0.6655,2026-08-19
4908-XAXAY,0.1501,Unlikely to churn,0.8499,2026-08-19
8404-VLQFB,0.3345,Unlikely to churn,0.6655,2026-08-19
1626-ERCMM,0.4707,Unlikely to churn,0.5293,2026-08-19
0887-HJGAR,0.5772,Likely to churn,0.5772,2026-08-19
2391-IPLOP,0.1072,Unlikely to churn,0.8928,2026-08-19
5644-PDMZC,0.6548,Likely to churn,0.6548,2026-08-19
3509-GWQGF,0.4117,Unlikely to churn,0.5883,2026-08-19
9576-ANLXO,0.6498,Likely to churn,0.6498,2026-08-19
2024-BASKD,0.6495,Likely to churn,0.6495,2026-08-19
5845-BZZIB,0.1531,Unlikely to churn,0.8469,2026-08-19
1140-UKVZG,0.3124,Unlikely to churn,0.6876,2026-08-19
4160-AMJTL,0.3883,Unlikely to churn,0.6117,2026-08-19
5183-SNMJQ,0.5448,Likely to churn,0.5448,2026-08-19
8100-PNJMH,0.0399,Unlikely to churn,0.9601,2026-08-19
7838-LAZFO,0.1098,Unlikely to churn,0.8902,2026-08-19
4464-JCOLN,0.4576,Unlikely to churn,0.5424,2026-08-19
2085-JVGAD,0.1419,Unlikely to churn,0.8581,2026-08-19
5650-VDUDS,0.4527,Unlikely to churn,0.5473,2026-08-19
8095-WANWK,0.4706,Unlikely to churn,0.5294,2026-08-19
3030-ZKIWL,0.47,Unlikely to churn,0.53,2026-08-19
9565-FLVCG,0.056,Unlikely to churn,0.944,2026-08-19
8755-OGKNA,0.0601,Unlikely to churn,0.9399,2026-08-19
2800-VEQXM,0.6285,Likely to churn,0.6285,2026-08-19
7538-GWHML,0.6608,Likely to churn,0.6608,2026-08-19
5533-RJFTJ,0.085,Unlikely to churn,0.915,2026-08-19
3859-CVCET,0.5424,Likely to churn,0.5424,2026-08-19
0214-JHPFW,0.0262,Unlikely to churn,0.9738,2026-08-19
5642-MHDQT,0.0719,Unlikely to churn,0.9281,2026-08-19
3088-FVYWK,0.0786,Unlikely to churn,0.9214,2026-08-19
3276-HDUEG,0.6909,Likely to churn,0.6909,2026-08-19
9092-GDZKO,0.2646,Unlikely to churn,0.7354,2026-08-19
0823-HSCDJ,0.0719,Unlikely to churn,0.9281,2026-08-19
3729-OWRVL,0.076,Unlikely to churn,0.924,2026-08-19
2324-AALNO,0.0959,Unlikely to churn,0.9041,2026-08-19
0822-GAVAP,0.4748,Unlikely to churn,0.5252,2026-08-19
5760-IFJOZ,0.6325,Likely to churn,0.6325,2026-08-19
2826-UWHIS,0.2094,Unlikely to churn,0.7906,2026-08-19
1448-PWKYE,0.6698,Likely to churn,0.6698,2026-08-19
7501-IWUNG,0.0603,Unlikely to churn,0.9397,2026-08-19
4957-TREIR,0.4978,Unlikely to churn,0.5022,2026-08-19
7251-LJBQN,0.2211,Unlikely to churn,0.7789,2026-08-19
8040-MNRTF,0.6766,Likely to churn,0.6766,2026-08-19
1536-HBSWP,0.5502,Likely to churn,0.5502,2026-08-19
5313-FPXWG,0.0844,Unlikely to churn,0.9156,2026-08-19
0067-DKWBL,0.5359,Likely to churn,0.5359,2026-08-19
0946-FKYTX,0.0746,Unlikely to churn,0.9254,2026-08-19
5076-YVXCM,0.1714,Unlikely to churn,0.8286,2026-08-19
8262-COGGB,0.4717,Unlikely to churn,0.5283,2026-08-19
6663-JOCQO,0.2113,Unlikely to churn,0.7887,2026-08-19
9620-QJREV,0.0941,Unlikely to churn,0.9059,2026-08-19
2276-YDAVZ,0.6708,Likely to churn,0.6708,2026-08-19
2682-KEVRP,0.2492,Unlikely to churn,0.7508,2026-08-19
2480-JZOSN,0.4725,Unlikely to churn,0.5275,2026-08-19
0078-XZMHT,0.0373,Unlikely to churn,0.9627,2026-08-19
5896-NPFWW,0.528,Likely to churn,0.528,2026-08-19
9978-HYCIN,0.1762,Unlikely to churn,0.8238,2026-08-19
8338-QIUNR,0.0391,Unlikely to churn,0.9609,2026-08-19
1525-LNLOJ,0.0576,Unlikely to churn,0.9424,2026-08-19
9450-TRJUU,0.3035,Unlikely to churn,0.6965,2026-08-19
1766-GKNMI,0.3727,Unlikely to churn,0.6273,2026-08-19
6942-LBFDP,0.4605,Unlikely to churn,0.5395,2026-08-19
1456-TWCGB,0.5125,Likely to churn,0.5125,2026-08-19
7133-VBDCG,0.3547,Unlikely to churn,0.6453,2026-08-19
7596-ZYWBB,0.0478,Unlikely to churn,0.9522,2026-08-19
8329-UTMVM,0.3462,Unlikely to churn,0.6538,2026-08-19
3014-WJKSM,0.3358,Unlikely to churn,0.6642,2026-08-19
3347-YJZZE,0.242,Unlikely to churn,0.758,2026-08-19
1029-QFBEN,0.4679,Unlikely to churn,0.5321,2026-08-19
7929-DMBCV,0.4146,Unlikely to churn,0.5854,2026-08-19
9661-JALZV,0.0624,Unlikely to churn,0.9376,2026-08-19
5433-KYGHE,0.5049,Likely to churn,0.5049,2026-08-19
4312-KFRXN,0.0338,Unlikely to churn,0.9662,2026-08-19
5575-TPIZQ,0.1939,Unlikely to churn,0.8061,2026-08-19
0114-IGABW,0.0252,Unlikely to churn,0.9748,2026-08-19
9944-AEXBM,0.3433,Unlikely to churn,0.6567,2026-08-19
1853-ARAAQ,0.2106,Unlikely to churn,0.7894,2026-08-19
6952-OMNWB,0.0815,Unlikely to churn,0.9185,2026-08-19
4697-LUPSU,0.459,Unlikely to churn,0.541,2026-08-19
8434-VGEQQ,0.0512,Unlikely to churn,0.9488,2026-08-19
4952-YSOGZ,0.6608,Likely to churn,0.6608,2026-08-19
1589-AGTLK,0.5527,Likely to churn,0.5527,2026-08-19
5244-IRFIH,0.3259,Unlikely to churn,0.6741,2026-08-19
6549-YMFAW,0.3836,Unlikely to churn,0.6164,2026-08-19
4950-HKQTE,0.2692,Unlikely to churn,0.7308,2026-08-19
6786-OBWQR,0.6305,Likely to churn,0.6305,2026-08-19
2684-EIWEO,0.3071,Unlikely to churn,0.6929,2026-08-19
2753-JMMCV,0.0509,Unlikely to churn,0.9491,2026-08-19
6439-GTPCA,0.1962,Unlikely to churn,0.8038,2026-08-19
6621-YOBKI,0.425,Unlikely to churn,0.575,2026-08-19
1216-JWVUX,0.3796,Unlikely to churn,0.6204,2026-08-19
7564-GHCVB,0.0671,Unlikely to churn,0.9329,2026-08-19
1173-NOEYG,0.3731,Unlikely to churn,0.6269,2026-08-19
7595-EHCDL,0.1683,Unlikely to churn,0.8317,2026-08-19
6647-ZEDXT,0.2976,Unlikely to churn,0.7024,2026-08-19
2521-NPUZR,0.0527,Unlikely to churn,0.9473,2026-08-19
1307-TVUFB,0.2275,Unlikely to churn,0.7725,2026-08-19
7503-MIOGA,0.0339,Unlikely to churn,0.9661,2026-08-19
4381-MHQDC,0.1133,Unlikely to churn,0.8867,2026-08-19
6923-JHPMP,0.6196,Likely to churn,0.6196,2026-08-19
5138-WVKYJ,0.5591,Likely to churn,0.5591,2026-08-19
4018-PPNDW,0.0542,Unlikely to churn,0.9458,2026-08-19
1635-FJFCC,0.524,Likely to churn,0.524,2026-08-19
2499-AJYUA,0.0563,Unlikely to churn,0.9437,2026-08-19
6919-ELBGL,0.0507,Unlikely to churn,0.9493,2026-08-19
3966-HRMZA,0.6296,Likely to churn,0.6296,2026-08-19
6425-JWTDV,0.0884,Unlikely to churn,0.9116,2026-08-19
8405-IGQFX,0.0843,Unlikely to churn,0.9157,2026-08-19
8224-IVVPA,0.2533,Unlikely to churn,0.7467,2026-08-19
9477-LGWQI,0.0377,Unlikely to churn,0.9623,2026-08-19
1410-RSCMR,0.4356,Unlikely to churn,0.5644,2026-08-19
3115-CZMZD,0.4825,Unlikely to churn,0.5175,2026-08-19
0139-IVFJG,0.6164,Likely to churn,0.6164,2026-08-19
6683-VLCTZ,0.4427,Unlikely to churn,0.5573,2026-08-19
5730-DBDSI,0.0404,Unlikely to churn,0.9596,2026-08-19
0030-FNXPP,0.446,Unlikely to churn,0.554,2026-08-19
2189-WWOEW,0.4928,Unlikely to churn,0.5072,2026-08-19
5684-FJVYR,0.0572,Unlikely to churn,0.9428,2026-08-19
4013-GUXND,0.4732,Unlikely to churn,0.5268,2026-08-19
1894-IGFSG,0.4255,Unlikely to churn,0.5745,2026-08-19
7379-POKDZ,0.6527,Likely to churn,0.6527,2026-08-19
1266-NZYUI,0.0393,Unlikely to churn,0.9607,2026-08-19
7969-FFOWG,0.0424,Unlikely to churn,0.9576,2026-08-19
4718-DHSMV,0.3767,Unlikely to churn,0.6233,2026-08-19
5175-WLYXL,0.4268,Unlikely to churn,0.5732,2026-08-19
7817-OMJNA,0.3268,Unlikely to churn,0.6732,2026-08-19
8728-SKJLR,0.2208,Unlikely to churn,0.7792,2026-08-19
3137-NYQQI,0.3414,Unlikely to churn,0.6586,2026-08-19
7706-DZNKK,0.3586,Unlikely to churn,0.6414,2026-08-19
0236-HFWSV,0.5241,Likely to churn,0.5241,2026-08-19
3900-AQPHZ,0.4694,Unlikely to churn,0.5306,2026-08-19
5842-POCOP,0.5768,Likely to churn,0.5768,2026-08-19
2037-XJFUP,0.2921,Unlikely to churn,0.7079,2026-08-19
8823-RLPWL,0.0562,Unlikely to churn,0.9438,2026-08-19
9505-SQFSW,0.4419,Unlikely to churn,0.5581,2026-08-19
7314-OXENN,0.6669,Likely to churn,0.6669,2026-08-19
3758-CKOQL,0.0933,Unlikely to churn,0.9067,2026-08-19
0322-CHQRU,0.5642,Likely to churn,0.5642,2026-08-19
5676-CFLYY,0.0384,Unlikely to churn,0.9616,2026-08-19
7521-AFHAB,0.5272,Likely to churn,0.5272,2026-08-19
0285-INHLN,0.2471,Unlikely to churn,0.7529,2026-08-19
4678-DVQEO,0.5598,Likely to churn,0.5598,2026-08-19
5125-CNDSP,0.0385,Unlikely to churn,0.9615,2026-08-19
0691-IFBQW,0.1659,Unlikely to churn,0.8341,2026-08-19
4992-LTJNE,0.0461,Unlikely to churn,0.9539,2026-08-19
2202-OUTMO,0.2077,Unlikely to churn,0.7923,2026-08-19
0810-BDHAW,0.2816,Unlikely to churn,0.7184,2026-08-19
0229-LFJAF,0.0346,Unlikely to churn,0.9654,2026-08-19
7131-ZQZNK,0.0426,Unlikely to churn,0.9574,2026-08-19
3442-ZHHCC,0.0465,Unlikely to churn,0.9535,2026-08-19
5726-CVNYA,0.3891,Unlikely to churn,0.6109,2026-08-19
9871-ELEYA,0.1701,Unlikely to churn,0.8299,2026-08-19
4257-GAESD,0.4268,Unlikely to churn,0.5732,2026-08-19
5173-WXOQV,0.5087,Likely to churn,0.5087,2026-08-19
2040-OBMLJ,0.3389,Unlikely to churn,0.6611,2026-08-19
6286-ZHAOK,0.2856,Unlikely to churn,0.7144,2026-08-19
3807-XHCJH,0.4698,Unlikely to churn,0.5302,2026-08-19
3009-JWMPU,0.0974,Unlikely to churn,0.9026,2026-08-19
5671-RQRLP,0.082,Unlikely to churn,0.918,2026-08-19
1450-GALXR,0.5589,Likely to churn,0.5589,2026-08-19
8859-AXJZP,0.1376,Unlikely to churn,0.8624,2026-08-19
3174-AKMAS,0.1166,Unlikely to churn,0.8834,2026-08-19
3138-BKYAV,0.5946,Likely to churn,0.5946,2026-08-19
9926-PJHDQ,0.0461,Unlikely to churn,0.9539,2026-08-19
7382-DFJTU,0.3351,Unlikely to churn,0.6649,2026-08-19
2798-NYLMZ,0.0568,Unlikely to churn,0.9432,2026-08-19
4289-DTDKW,0.246,Unlikely to churn,0.754,2026-08-19
1820-TQVEV,0.6708,Likely to churn,0.6708,2026-08-19
2239-JALAW,0.1081,Unlikely to churn,0.8919,2026-08-19
4853-RULSV,0.0654,Unlikely to churn,0.9346,2026-08-19
8098-TDCBU,0.1244,Unlikely to churn,0.8756,2026-08-19
3551-GAEGL,0.1583,Unlikely to churn,0.8417,2026-08-19
4785-NKHCX,0.4238,Unlikely to churn,0.5762,2026-08-19
3196-NVXLZ,0.4162,Unlikely to churn,0.5838,2026-08-19
6275-YDUVO,0.6421,Likely to churn,0.6421,2026-08-19
0036-IHMOT,0.1051,Unlikely to churn,0.8949,2026-08-19
0115-TFERT,0.3954,Unlikely to churn,0.6046,2026-08-19
4178-EGMON,0.0602,Unlikely to churn,0.9398,2026-08-19
4220-TINQT,0.0999,Unlikely to churn,0.9001,2026-08-19
5318-YKDPV,0.1199,Unlikely to churn,0.8801,2026-08-19
7975-TZMLR,0.1683,Unlikely to churn,0.8317,2026-08-19
0295-QVKPB,0.4726,Unlikely to churn,0.5274,2026-08-19
4335-BSMJS,0.0532,Unlikely to churn,0.9468,2026-08-19
2311-QYMUQ,0.4511,Unlikely to churn,0.5489,2026-08-19
3643-AHCFP,0.6245,Likely to churn,0.6245,2026-08-19
9146-JRIOX,0.3461,Unlikely to churn,0.6539,2026-08-19
3104-OWCGK,0.0971,Unlikely to churn,0.9029,2026-08-19
5337-IIWKZ,0.1433,Unlikely to churn,0.8567,2026-08-19
9101-BWFSS,0.1386,Unlikely to churn,0.8614,2026-08-19
9650-VBUOG,0.1458,Unlikely to churn,0.8542,2026-08-19
3487-EARAT,0.0342,Unlikely to churn,0.9658,2026-08-19
2672-TGEFF,0.267,Unlikely to churn,0.733,2026-08-19
9231-ZJYAM,0.6336,Likely to churn,0.6336,2026-08-19
4250-WAROZ,0.1005,Unlikely to churn,0.8995,2026-08-19
8184-WMOFI,0.0556,Unlikely to churn,0.9444,2026-08-19
6982-SSHFK,0.5718,Likely to churn,0.5718,2026-08-19
6092-QZVPP,0.1591,Unlikely to churn,0.8409,2026-08-19
4625-LAMOB,0.1065,Unlikely to churn,0.8935,2026-08-19
0727-BMPLR,0.1366,Unlikely to churn,0.8634,2026-08-19
0392-BZIUW,0.0609,Unlikely to churn,0.9391,2026-08-19
1038-ZAGBI,0.3455,Unlikely to churn,0.6545,2026-08-19
6549-NNDYT,0.3362,Unlikely to churn,0.6638,2026-08-19
3027-ZTDHO,0.6668,Likely to churn,0.6668,2026-08-19
0422-OHQHQ,0.3172,Unlikely to churn,0.6828,2026-08-19
6916-HIJSE,0.0428,Unlikely to churn,0.9572,2026-08-19
2316-ESMLS,0.3154,Unlikely to churn,0.6846,2026-08-19
9778-OGKQZ,0.0351,Unlikely to churn,0.9649,2026-08-19
7408-OFWXJ,0.0338,Unlikely to churn,0.9662,2026-08-19
6007-TCTST,0.0514,Unlikely to churn,0.9486,2026-08-19
2252-NKNSI,0.09,Unlikely to churn,0.91,2026-08-19
8713-IGZSO,0.4785,Unlikely to churn,0.5215,2026-08-19
7905-TVXTA,0.4742,Unlikely to churn,0.5258,2026-08-19
7695-PKLCZ,0.0374,Unlikely to churn,0.9626,2026-08-19
2382-BCKQJ,0.1026,Unlikely to churn,0.8974,2026-08-19
8374-UULRV,0.0379,Unlikely to churn,0.9621,2026-08-19
2207-NHRJK,0.554,Likely to churn,0.554,2026-08-19
3224-DFQNQ,0.0728,Unlikely to churn,0.9272,2026-08-19
5275-PMFUT,0.0225,Unlikely to churn,0.9775,2026-08-19
4795-UXVCJ,0.2151,Unlikely to churn,0.7849,2026-08-19
9777-IQHWP,0.085,Unlikely to churn,0.915,2026-08-19
0947-MUGVO,0.4284,Unlikely to churn,0.5716,2026-08-19
9944-HKVVB,0.6242,Likely to churn,0.6242,2026-08-19
4124-MMETB,0.4479,Unlikely to churn,0.5521,2026-08-19
3671-SHRSP,0.598,Likely to churn,0.598,2026-08-19
0979-MOZQI,0.0467,Unlikely to churn,0.9533,2026-08-19
2732-ISEZX,0.4256,Unlikely to churn,0.5744,2026-08-19
3313-QKNKB,0.1286,Unlikely to churn,0.8714,2026-08-19
0323-XWWTN,0.4733,Unlikely to churn,0.5267,2026-08-19
1937-OTUKY,0.0547,Unlikely to churn,0.9453,2026-08-19
1573-LGXBA,0.1035,Unlikely to churn,0.8965,2026-08-19
1764-VUUMT,0.0405,Unlikely to churn,0.9595,2026-08-19
5073-WXOYN,0.0519,Unlikely to churn,0.9481,2026-08-19
4713-ZBURT,0.2008,Unlikely to churn,0.7992,2026-08-19
3050-GBUSH,0.4636,Unlikely to churn,0.5364,2026-08-19
0207-MDKNV,0.4387,Unlikely to churn,0.5613,2026-08-19
7876-AEHIG,0.0637,Unlikely to churn,0.9363,2026-08-19
7945-HLKEA,0.0647,Unlikely to churn,0.9353,2026-08-19
9342-VNIMQ,0.2286,Unlikely to churn,0.7714,2026-08-19
9851-KIELU,0.4729,Unlikely to churn,0.5271,2026-08-19
3523-BRGUW,0.2137,Unlikely to churn,0.7863,2026-08-19
3908-BLSYF,0.5888,Likely to churn,0.5888,2026-08-19
3199-NPKCN,0.0706,Unlikely to churn,0.9294,2026-08-19
5170-PTRKA,0.0786,Unlikely to churn,0.9214,2026-08-19
4661-NJEUX,0.47,Unlikely to churn,0.53,2026-08-19
2123-AGEEN,0.5792,Likely to churn,0.5792,2026-08-19
1258-YMZNM,0.328,Unlikely to churn,0.672,2026-08-19
0048-LUMLS,0.275,Unlikely to churn,0.725,2026-08-19
7549-MYGPK,0.084,Unlikely to churn,0.916,2026-08-19
5898-IGSLP,0.2889,Unlikely to churn,0.7111,2026-08-19
3804-RVTGV,0.1512,Unlikely to churn,0.8488,2026-08-19
6259-WJQLC,0.3263,Unlikely to churn,0.6737,2026-08-19
9227-LUNBG,0.4891,Unlikely to churn,0.5109,2026-08-19
7997-EASSD,0.1021,Unlikely to churn,0.8979,2026-08-19
0730-KOAVE,0.3165,Unlikely to churn,0.6835,2026-08-19
8975-SKGRX,0.054,Unlikely to churn,0.946,2026-08-19
0678-RLHVP,0.1374,Unlikely to churn,0.8626,2026-08-19
4315-MURBD,0.4925,Unlikely to churn,0.5075,2026-08-19
2267-FPIMA,0.1539,Unlikely to churn,0.8461,2026-08-19
1051-GEJLJ,0.4561,Unlikely to churn,0.5439,2026-08-19
9734-YWGEX,0.5696,Likely to churn,0.5696,2026-08-19
2719-BDAQO,0.4579,Unlikely to churn,0.5421,2026-08-19
5285-MVEHD,0.1037,Unlikely to churn,0.8963,2026-08-19
0379-DJQHR,0.044,Unlikely to churn,0.956,2026-08-19
0781-LKXBR,0.5787,Likely to churn,0.5787,2026-08-19
5543-QDCRY,0.5425,Likely to churn,0.5425,2026-08-19
0297-RBCSG,0.3227,Unlikely to churn,0.6773,2026-08-19
4694-PHWFW,0.3895,Unlikely to churn,0.6105,2026-08-19
0835-JKADZ,0.0593,Unlikely to churn,0.9407,2026-08-19
1907-UBQFC,0.5414,Likely to churn,0.5414,2026-08-19
7508-SMHXL,0.5058,Likely to churn,0.5058,2026-08-19
3865-YIOTT,0.062,Unlikely to churn,0.938,2026-08-19
5993-BQHEA,0.3464,Unlikely to churn,0.6536,2026-08-19
6024-RUGGH,0.0337,Unlikely to churn,0.9663,2026-08-19
6513-EECDB,0.6855,Likely to churn,0.6855,2026-08-19
3956-CJUST,0.4014,Unlikely to churn,0.5986,2026-08-19
4079-WWQQQ,0.0228,Unlikely to churn,0.9772,2026-08-19
6103-BOCOU,0.3892,Unlikely to churn,0.6108,2026-08-19
5149-TGWDZ,0.369,Unlikely to churn,0.631,2026-08-19
7471-WNSUF,0.0567,Unlikely to churn,0.9433,2026-08-19
8942-DBMHZ,0.3479,Unlikely to churn,0.6521,2026-08-19
4301-VVZKA,0.527,Likely to churn,0.527,2026-08-19
9199-PWQVC,0.0607,Unlikely to churn,0.9393,2026-08-19
4824-GUCBY,0.3948,Unlikely to churn,0.6052,2026-08-19
5393-HJZSM,0.1785,Unlikely to churn,0.8215,2026-08-19
7074-IEVOJ,0.6465,Likely to churn,0.6465,2026-08-19
9625-QSTYE,0.4962,Unlikely to churn,0.5038,2026-08-19
0862-PRCBS,0.0711,Unlikely to churn,0.9289,2026-08-19
8812-ZRHFP,0.327,Unlikely to churn,0.673,2026-08-19
5146-CBVOE,0.4808,Unlikely to churn,0.5192,2026-08-19
0454-OKRCT,0.2768,Unlikely to churn,0.7232,2026-08-19
5787-KXGIY,0.0306,Unlikely to churn,0.9694,2026-08-19
4750-ZRXIU,0.6557,Likely to churn,0.6557,2026-08-19
4198-VFOEA,0.317,Unlikely to churn,0.683,2026-08-19
6630-UJZMY,0.6506,Likely to churn,0.6506,2026-08-19
5709-LVOEQ,0.512,Likely to churn,0.512,2026-08-19
6400-BWQKW,0.6124,Likely to churn,0.6124,2026-08-19
2692-AQCPF,0.0733,Unlikely to churn,0.9267,2026-08-19
0347-UBKUZ,0.3148,Unlikely to churn,0.6852,2026-08-19
0835-DUUIQ,0.2351,Unlikely to churn,0.7649,2026-08-19
0811-GSDTP,0.3336,Unlikely to churn,0.6664,2026-08-19
7567-ECMCM,0.4082,Unlikely to churn,0.5918,2026-08-19
6115-ZTBFQ,0.0228,Unlikely to churn,0.9772,2026-08-19
6353-BRMMA,0.1292,Unlikely to churn,0.8708,2026-08-19
6680-WKXRZ,0.6682,Likely to churn,0.6682,2026-08-19
6231-WFGFH,0.4371,Unlikely to churn,0.5629,2026-08-19
9904-EHEVJ,0.3246,Unlikely to churn,0.6754,2026-08-19
7028-DVOIQ,0.2842,Unlikely to churn,0.7158,2026-08-19
6169-PPETC,0.154,Unlikely to churn,0.846,2026-08-19
4208-UFFGW,0.5626,Likely to churn,0.5626,2026-08-19
8584-KMVXD,0.5759,Likely to churn,0.5759,2026-08-19
8467-WYNSR,0.2944,Unlikely to churn,0.7056,2026-08-19
0851-DFJKB,0.3403,Unlikely to churn,0.6597,2026-08-19
5382-SOYZL,0.4497,Unlikely to churn,0.5503,2026-08-19
9448-REEVD,0.573,Likely to churn,0.573,2026-08-19
3261-CQXOL,0.0354,Unlikely to churn,0.9646,2026-08-19
8388-FYNPZ,0.499,Unlikely to churn,0.501,2026-08-19
4002-BQWPQ,0.2484,Unlikely to churn,0.7516,2026-08-19
5651-YLPRD,0.3055,Unlikely to churn,0.6945,2026-08-19
2826-DXLQO,0.3972,Unlikely to churn,0.6028,2026-08-19
4378-BZYFP,0.2971,Unlikely to churn,0.7029,2026-08-19
9489-UTFKA,0.4697,Unlikely to churn,0.5303,2026-08-19
4849-PYRLQ,0.0744,Unlikely to churn,0.9256,2026-08-19
9117-SHLZX,0.5772,Likely to churn,0.5772,2026-08-19
9889-TMAHG,0.545,Likely to churn,0.545,2026-08-19
4541-RMRLG,0.3979,Unlikely to churn,0.6021,2026-08-19
7764-BDPEE,0.4501,Unlikely to churn,0.5499,2026-08-19
3429-IFLEM,0.0344,Unlikely to churn,0.9656,2026-08-19
3158-MOERK,0.6791,Likely to churn,0.6791,2026-08-19
7294-TMAOP,0.6692,Likely to churn,0.6692,2026-08-19
5002-GCQFH,0.1589,Unlikely to churn,0.8411,2026-08-19
0556-FJEGU,0.0649,Unlikely to churn,0.9351,2026-08-19
8919-FYFQZ,0.1053,Unlikely to churn,0.8947,2026-08-19
0604-THJFP,0.0681,Unlikely to churn,0.9319,2026-08-19
2834-JRTUA,0.0564,Unlikely to churn,0.9436,2026-08-19
5875-YPQFJ,0.6721,Likely to churn,0.6721,2026-08-19
5879-SESNB,0.5841,Likely to churn,0.5841,2026-08-19
6646-QVXLR,0.0921,Unlikely to churn,0.9079,2026-08-19
6461-PPAXN,0.1847,Unlikely to churn,0.8153,2026-08-19
3318-ISQFQ,0.2653,Unlikely to churn,0.7347,2026-08-19
1106-HRLKZ,0.1242,Unlikely to churn,0.8758,2026-08-19
2483-XSSMZ,0.1664,Unlikely to churn,0.8336,2026-08-19
8603-IJWDN,0.6939,Likely to churn,0.6939,2026-08-19
8165-ZJRNM,0.0329,Unlikely to churn,0.9671,2026-08-19
9369-XFEHK,0.3143,Unlikely to churn,0.6857,2026-08-19
2604-XVDAM,0.4414,Unlikely to churn,0.5586,2026-08-19
3717-OFRTN,0.4688,Unlikely to churn,0.5312,2026-08-19
9046-JBFWA,0.2055,Unlikely to churn,0.7945,2026-08-19
3280-NMUVX,0.1581,Unlikely to churn,0.8419,2026-08-19
1206-EHBDD,0.1149,Unlikely to churn,0.8851,2026-08-19
8361-LBRDI,0.0621,Unlikely to churn,0.9379,2026-08-19
4883-KCPZJ,0.2659,Unlikely to churn,0.7341,2026-08-19
9108-EQPNQ,0.3918,Unlikely to churn,0.6082,2026-08-19
7277-KAMWT,0.3357,Unlikely to churn,0.6643,2026-08-19
3842-IYKUE,0.2739,Unlikely to churn,0.7261,2026-08-19
6641-XRPSU,0.3047,Unlikely to churn,0.6953,2026-08-19
1374-DMZUI,0.6519,Likely to churn,0.6519,2026-08-19
2545-LXYVJ,0.0313,Unlikely to churn,0.9687,2026-08-19
3234-VKACU,0.5343,Likely to churn,0.5343,2026-08-19
8357-EQXFO,0.5804,Likely to churn,0.5804,2026-08-19
1989-PRJHP,0.4001,Unlikely to churn,0.5999,2026-08-19
8120-JDCAM,0.6391,Likely to churn,0.6391,2026-08-19
8917-FAEMR,0.1408,Unlikely to churn,0.8592,2026-08-19
7047-YXDMZ,0.2579,Unlikely to churn,0.7421,2026-08-19
2858-EIMXH,0.1625,Unlikely to churn,0.8375,2026-08-19
9524-EGPJC,0.4754,Unlikely to churn,0.5246,2026-08-19
6993-OHLXR,0.6582,Likely to churn,0.6582,2026-08-19
8818-XYFCQ,0.3154,Unlikely to churn,0.6846,2026-08-19
6419-ZTTLE,0.2427,Unlikely to churn,0.7573,2026-08-19
0929-HYQEW,0.528,Likely to churn,0.528,2026-08-19
6614-YOLAC,0.0254,Unlikely to churn,0.9746,2026-08-19
7426-RHZGU,0.5597,Likely to churn,0.5597,2026-08-19
4065-JJAVA,0.5486,Likely to churn,0.5486,2026-08-19
4695-VADHF,0.3436,Unlikely to churn,0.6564,2026-08-19
3863-IUBJR,0.4378,Unlikely to churn,0.5622,2026-08-19
7649-SIJJF,0.036,Unlikely to churn,0.964,2026-08-19
9361-YNQWJ,0.0476,Unlikely to churn,0.9524,2026-08-19
3748-FVMZZ,0.4293,Unlikely to churn,0.5707,2026-08-19
9391-TTOYH,0.2389,Unlikely to churn,0.7611,2026-08-19
1452-XRSJV,0.174,Unlikely to churn,0.826,2026-08-19
3422-WJOYD,0.2373,Unlikely to churn,0.7627,2026-08-19
8242-SOQUO,0.6033,Likely to churn,0.6033,2026-08-19
7460-ITWWP,0.1932,Unlikely to churn,0.8068,2026-08-19
7147-AYBAA,0.277,Unlikely to churn,0.723,2026-08-19
7868-TMWMZ,0.0794,Unlikely to churn,0.9206,2026-08-19
4822-RVYBB,0.5904,Likely to churn,0.5904,2026-08-19
6732-FZUGP,0.1743,Unlikely to churn,0.8257,2026-08-19
8436-BJUMM,0.4014,Unlikely to churn,0.5986,2026-08-19
4184-TJFAN,0.597,Likely to churn,0.597,2026-08-19
8329-GWVPJ,0.1711,Unlikely to churn,0.8289,2026-08-19
1352-VHKAJ,0.2668,Unlikely to churn,0.7332,2026-08-19
4145-UQXUQ,0.5555,Likely to churn,0.5555,2026-08-19
2632-TACXW,0.0514,Unlikely to churn,0.9486,2026-08-19
8146-QQKZH,0.037,Unlikely to churn,0.963,2026-08-19
1767-CJKBA,0.0441,Unlikely to churn,0.9559,2026-08-19
6445-TNRXS,0.0603,Unlikely to churn,0.9397,2026-08-19
4581-LNWUM,0.3245,Unlikely to churn,0.6755,2026-08-19
4869-EPIUS,0.1357,Unlikely to churn,0.8643,2026-08-19
9948-YPTDG,0.2291,Unlikely to churn,0.7709,2026-08-19
1236-WFCDV,0.5236,Likely to churn,0.5236,2026-08-19
1915-OAKWD,0.3027,Unlikely to churn,0.6973,2026-08-19
7296-PIXQY,0.5286,Likely to churn,0.5286,2026-08-19
4883-QICIH,0.324,Unlikely to churn,0.676,2026-08-19
3354-OADJP,0.442,Unlikely to churn,0.558,2026-08-19
3524-WQDSG,0.2151,Unlikely to churn,0.7849,2026-08-19
0810-DHDBD,0.0894,Unlikely to churn,0.9106,2026-08-19
4026-SKKHW,0.5284,Likely to churn,0.5284,2026-08-19
2829-HYVZP,0.1924,Unlikely to churn,0.8076,2026-08-19
8329-IBCTI,0.4684,Unlikely to churn,0.5316,2026-08-19
1271-SJBGZ,0.3146,Unlikely to churn,0.6854,2026-08-19
3845-JHAMY,0.3224,Unlikely to churn,0.6776,2026-08-19
7013-PSXHK,0.1617,Unlikely to churn,0.8383,2026-08-19
5669-SRAIP,0.4157,Unlikely to churn,0.5843,2026-08-19
5981-ITEMU,0.2669,Unlikely to churn,0.7331,2026-08-19
3486-NPGST,0.146,Unlikely to churn,0.854,2026-08-19
6941-PMGEP,0.6272,Likely to churn,0.6272,2026-08-19
1624-WOIWJ,0.5461,Likely to churn,0.5461,2026-08-19
2074-GKOWZ,0.655,Likely to churn,0.655,2026-08-19
0376-YMCJC,0.4197,Unlikely to churn,0.5803,2026-08-19
6100-FJZDG,0.2158,Unlikely to churn,0.7842,2026-08-19
4829-ZLJTK,0.0578,Unlikely to churn,0.9422,2026-08-19
1730-VFMWO,0.2079,Unlikely to churn,0.7921,2026-08-19
7143-BQIBA,0.408,Unlikely to churn,0.592,2026-08-19
3800-LYTRK,0.38,Unlikely to churn,0.62,2026-08-19
0634-SZPQA,0.4174,Unlikely to churn,0.5826,2026-08-19
9646-NMHXE,0.0928,Unlikely to churn,0.9072,2026-08-19
7030-NJVDP,0.3603,Unlikely to churn,0.6397,2026-08-19
5536-RTPWK,0.1709,Unlikely to churn,0.8291,2026-08-19
8883-GRDWQ,0.3102,Unlikely to churn,0.6898,2026-08-19
6166-ILMNY,0.6612,Likely to churn,0.6612,2026-08-19
3097-NNSPB,0.5351,Likely to churn,0.5351,2026-08-19
7771-ZONAT,0.2303,Unlikely to churn,0.7697,2026-08-19
0655-RBDUG,0.5914,Likely to churn,0.5914,2026-08-19
2111-DWYHN,0.4744,Unlikely to churn,0.5256,2026-08-19
4194-WHFCB,0.1103,Unlikely to churn,0.8897,2026-08-19
4121-AGSIN,0.0622,Unlikely to churn,0.9378,2026-08-19
4361-BKAXE,0.1846,Unlikely to churn,0.8154,2026-08-19
9845-PEEKO,0.1171,Unlikely to churn,0.8829,2026-08-19
0455-XFASS,0.6498,Likely to churn,0.6498,2026-08-19
0301-KOBTQ,0.1721,Unlikely to churn,0.8279,2026-08-19
1751-NCDLI,0.1912,Unlikely to churn,0.8088,2026-08-19
4367-NUYAO,0.5056,Likely to churn,0.5056,2026-08-19
9878-TNQGW,0.663,Likely to churn,0.663,2026-08-19
9170-ARBTB,0.0748,Unlikely to churn,0.9252,2026-08-19
4441-NIHPT,0.5125,Likely to churn,0.5125,2026-08-19
8999-BOHSE,0.5553,Likely to churn,0.5553,2026-08-19
7241-AJHFS,0.3111,Unlikely to churn,0.6889,2026-08-19
7029-RPUAV,0.4855,Unlikely to churn,0.5145,2026-08-19
4546-FOKWR,0.5243,Likely to churn,0.5243,2026-08-19
9036-CSKBW,0.131,Unlikely to churn,0.869,2026-08-19
5832-TRLPB,0.2276,Unlikely to churn,0.7724,2026-08-19
8590-YFFQO,0.035,Unlikely to churn,0.965,2026-08-19
8659-IOOPU,0.0592,Unlikely to churn,0.9408,2026-08-19
1338-CECEE,0.1521,Unlikely to churn,0.8479,2026-08-19
7439-DKZTW,0.6719,Likely to churn,0.6719,2026-08-19
4646-QZXTF,0.4322,Unlikely to churn,0.5678,2026-08-19
4607-CHPCA,0.3962,Unlikely to churn,0.6038,2026-08-19
9742-XOKTS,0.0704,Unlikely to churn,0.9296,2026-08-19
6921-OZMFH,0.5279,Likely to churn,0.5279,2026-08-19
9578-FOMUK,0.3328,Unlikely to churn,0.6672,2026-08-19
4712-UYOOI,0.267,Unlikely to churn,0.733,2026-08-19
8824-RWFXJ,0.5082,Likely to churn,0.5082,2026-08-19
7722-CVFXN,0.1312,Unlikely to churn,0.8688,2026-08-19
8717-VCTXJ,0.1143,Unlikely to churn,0.8857,2026-08-19
7363-QTBIW,0.5815,Likely to churn,0.5815,2026-08-19
4159-NAAIX,0.0944,Unlikely to churn,0.9056,2026-08-19
0971-QIFJK,0.038,Unlikely to churn,0.962,2026-08-19
9397-TZSHA,0.0382,Unlikely to churn,0.9618,2026-08-19
3391-JSQEW,0.1653,Unlikely to churn,0.8347,2026-08-19
0343-QLUZP,0.0434,Unlikely to churn,0.9566,2026-08-19
9763-PDTKK,0.5668,Likely to churn,0.5668,2026-08-19
2176-LVPNX,0.0354,Unlikely to churn,0.9646,2026-08-19
7627-JKIAZ,0.2699,Unlikely to churn,0.7301,2026-08-19
3312-UUMZW,0.3128,Unlikely to churn,0.6872,2026-08-19
1271-UODNO,0.1809,Unlikely to churn,0.8191,2026-08-19
8461-EFQYM,0.1442,Unlikely to churn,0.8558,2026-08-19
6900-RBKER,0.1544,Unlikely to churn,0.8456,2026-08-19
6891-JPYFF,0.1668,Unlikely to churn,0.8332,2026-08-19
1459-QNFQT,0.0269,Unlikely to churn,0.9731,2026-08-19
1047-NNCBF,0.46,Unlikely to churn,0.54,2026-08-19
3696-XRIEN,0.0941,Unlikely to churn,0.9059,2026-08-19
4081-DYXAV,0.2878,Unlikely to churn,0.7122,2026-08-19
0074-HDKDG,0.2525,Unlikely to churn,0.7475,2026-08-19
8791-GFXLZ,0.4188,Unlikely to churn,0.5812,2026-08-19
8111-SLLHI,0.235,Unlikely to churn,0.765,2026-08-19
0927-LCSMG,0.5834,Likely to churn,0.5834,2026-08-19
9330-DHBFL,0.2509,Unlikely to churn,0.7491,2026-08-19
0098-BOWSO,0.2062,Unlikely to churn,0.7938,2026-08-19
3452-ABWRL,0.2069,Unlikely to churn,0.7931,2026-08-19
5859-HZYLF,0.2133,Unlikely to churn,0.7867,2026-08-19
8257-RZAHR,0.4162,Unlikely to churn,0.5838,2026-08-19
5293-WXJAK,0.5258,Likely to churn,0.5258,2026-08-19
3156-QLHBO,0.4551,Unlikely to churn,0.5449,2026-08-19
2208-NQBCT,0.3521,Unlikely to churn,0.6479,2026-08-19
1779-PWPMG,0.0505,Unlikely to churn,0.9495,2026-08-19
6621-NRZAK,0.0464,Unlikely to churn,0.9536,2026-08-19
0831-JNISG,0.0323,Unlikely to churn,0.9677,2026-08-19
0774-IFUVM,0.4526,Unlikely to churn,0.5474,2026-08-19
3082-WQRVY,0.3241,Unlikely to churn,0.6759,2026-08-19
9553-DLCLU,0.3533,Unlikely to churn,0.6467,2026-08-19
1641-BYBTK,0.413,Unlikely to churn,0.587,2026-08-19
2460-NGXBJ,0.5839,Likely to churn,0.5839,2026-08-19
2446-ZKVAF,0.3827,Unlikely to churn,0.6173,2026-08-19
0841-NULXI,0.4901,Unlikely to churn,0.5099,2026-08-19
3522-CDKHF,0.306,Unlikely to churn,0.694,2026-08-19
1430-SFQSA,0.1781,Unlikely to churn,0.8219,2026-08-19
0411-EZJZE,0.57,Likely to churn,0.57,2026-08-19
7851-WZEKY,0.6759,Likely to churn,0.6759,2026-08-19
8844-TONUD,0.5163,Likely to churn,0.5163,2026-08-19
8807-ARQET,0.118,Unlikely to churn,0.882,2026-08-19
8992-CEUEN,0.465,Unlikely to churn,0.535,2026-08-19
4320-QMLLA,0.501,Likely to churn,0.501,2026-08-19
8777-PVYGU,0.0908,Unlikely to churn,0.9092,2026-08-19
8292-ITGYJ,0.1089,Unlikely to churn,0.8911,2026-08-19
6870-ZWMNX,0.042,Unlikely to churn,0.958,2026-08-19
0621-CXBKL,0.0707,Unlikely to churn,0.9293,2026-08-19
5268-DSMNQ,0.0992,Unlikely to churn,0.9008,2026-08-19
5334-JLAXU,0.1018,Unlikely to churn,0.8982,2026-08-19
4086-YQSNZ,0.6503,Likely to churn,0.6503,2026-08-19
6242-MBHPK,0.3944,Unlikely to churn,0.6056,2026-08-19
5868-CZJDR,0.4725,Unlikely to churn,0.5275,2026-08-19
9359-UGBTK,0.0452,Unlikely to churn,0.9548,2026-08-19
0135-NMXAP,0.544,Likely to churn,0.544,2026-08-19
4782-OSFXZ,0.0375,Unlikely to churn,0.9625,2026-08-19
6479-OAUSD,0.2234,Unlikely to churn,0.7766,2026-08-19
7129-ACFOG,0.52,Likely to churn,0.52,2026-08-19
4189-NAKJS,0.3185,Unlikely to churn,0.6815,2026-08-19
5562-BETPV,0.4684,Unlikely to churn,0.5316,2026-08-19
1282-IHQAC,0.0297,Unlikely to churn,0.9703,2026-08-19
9127-FHJBZ,0.05,Unlikely to churn,0.95,2026-08-19
6270-OMFIW,0.1023,Unlikely to churn,0.8977,2026-08-19
1641-RQDAY,0.3185,Unlikely to churn,0.6815,2026-08-19
0107-WESLM,0.4692,Unlikely to churn,0.5308,2026-08-19
6994-ORCWG,0.4173,Unlikely to churn,0.5827,2026-08-19
1346-UFHAX,0.5364,Likely to churn,0.5364,2026-08-19
3992-YWPKO,0.5635,Likely to churn,0.5635,2026-08-19
2933-XEUJM,0.1243,Unlikely to churn,0.8757,2026-08-19
0125-LZQXK,0.4677,Unlikely to churn,0.5323,2026-08-19
5461-QKNTN,0.2013,Unlikely to churn,0.7987,2026-08-19
4835-YSJMR,0.171,Unlikely to churn,0.829,2026-08-19
8399-YNDCH,0.3221,Unlikely to churn,0.6779,2026-08-19
3164-YAXFY,0.0524,Unlikely to churn,0.9476,2026-08-19
0887-WBJVH,0.1346,Unlikely to churn,0.8654,2026-08-19
4660-IRIBM,0.4217,Unlikely to churn,0.5783,2026-08-19
5673-FSSMF,0.5924,Likely to churn,0.5924,2026-08-19
7670-ZBPOQ,0.0788,Unlikely to churn,0.9212,2026-08-19
8089-UZWLX,0.0741,Unlikely to churn,0.9259,2026-08-19
0080-OROZO,0.2496,Unlikely to churn,0.7504,2026-08-19
3916-NRPAP,0.6294,Likely to churn,0.6294,2026-08-19
6807-SIWJI,0.241,Unlikely to churn,0.759,2026-08-19
8221-HVAYI,0.1671,Unlikely to churn,0.8329,2026-08-19
1579-KLYDT,0.604,Likely to churn,0.604,2026-08-19
5232-NXPAY,0.1111,Unlikely to churn,0.8889,2026-08-19
8967-SZQAS,0.4019,Unlikely to churn,0.5981,2026-08-19
4468-KAZHE,0.3322,Unlikely to churn,0.6678,2026-08-19
0455-ENTCR,0.0489,Unlikely to churn,0.9511,2026-08-19
8944-AILEF,0.3132,Unlikely to churn,0.6868,2026-08-19
5542-NKVRU,0.1164,Unlikely to churn,0.8836,2026-08-19
7126-RBHSD,0.485,Unlikely to churn,0.515,2026-08-19
5370-IIVVL,0.2486,Unlikely to churn,0.7514,2026-08-19
6789-HJBWG,0.4203,Unlikely to churn,0.5797,2026-08-19
3927-NLNRY,0.1362,Unlikely to churn,0.8638,2026-08-19
9087-EYCPR,0.0574,Unlikely to churn,0.9426,2026-08-19
6791-YBNAK,0.3051,Unlikely to churn,0.6949,2026-08-19
6358-LYNGM,0.6904,Likely to churn,0.6904,2026-08-19
6077-BDPXA,0.6521,Likely to churn,0.6521,2026-08-19
0013-MHZWF,0.4488,Unlikely to churn,0.5512,2026-08-19
5494-HECPR,0.6708,Likely to churn,0.6708,2026-08-19
8268-YDIXR,0.1186,Unlikely to churn,0.8814,2026-08-19
9824-BEMCV,0.4885,Unlikely to churn,0.5115,2026-08-19
1373-ORVIZ,0.4576,Unlikely to churn,0.5424,2026-08-19
4291-SHSBH,0.6061,Likely to churn,0.6061,2026-08-19
6980-IMXXE,0.0356,Unlikely to churn,0.9644,2026-08-19
9866-QEVEE,0.4915,Unlikely to churn,0.5085,2026-08-19
9897-KXHCM,0.65,Likely to churn,0.65,2026-08-19
0040-HALCW,0.0695,Unlikely to churn,0.9305,2026-08-19
0784-GTUUK,0.0515,Unlikely to churn,0.9485,2026-08-19
7979-CORPM,0.4081,Unlikely to churn,0.5919,2026-08-19
2294-DMMUS,0.0767,Unlikely to churn,0.9233,2026-08-19
0872-JCPIB,0.3867,Unlikely to churn,0.6133,2026-08-19
3055-MJDSB,0.397,Unlikely to churn,0.603,2026-08-19
9091-WTUUY,0.0492,Unlikely to churn,0.9508,2026-08-19
1618-CFHME,0.6839,Likely to churn,0.6839,2026-08-19
3165-HDOEW,0.5778,Likely to churn,0.5778,2026-08-19
6581-NQCBA,0.2973,Unlikely to churn,0.7027,2026-08-19
7115-IRDHS,0.0334,Unlikely to churn,0.9666,2026-08-19
8496-DMZUK,0.3025,Unlikely to churn,0.6975,2026-08-19
2040-VZIKE,0.1752,Unlikely to churn,0.8248,2026-08-19
9068-VPWQQ,0.0618,Unlikely to churn,0.9382,2026-08-19
0178-SZBHO,0.1817,Unlikely to churn,0.8183,2026-08-19
0384-RVBPI,0.3091,Unlikely to churn,0.6909,2026-08-19
1689-MRZQR,0.2962,Unlikely to churn,0.7038,2026-08-19
1299-AURJA,0.0366,Unlikely to churn,0.9634,2026-08-19
4525-VZCZG,0.1131,Unlikely to churn,0.8869,2026-08-19
1543-LLLFT,0.0884,Unlikely to churn,0.9116,2026-08-19
5835-BEQEU,0.6776,Likely to churn,0.6776,2026-08-19
2788-CJQAQ,0.3336,Unlikely to churn,0.6664,2026-08-19
5565-FILXA,0.5242,Likely to churn,0.5242,2026-08-19
0319-QZTCO,0.5189,Likely to churn,0.5189,2026-08-19
2120-SMPEX,0.2242,Unlikely to churn,0.7758,2026-08-19
0096-FCPUF,0.2515,Unlikely to churn,0.7485,2026-08-19
0668-OGMHD,0.2508,Unlikely to churn,0.7492,2026-08-19
5552-ZNFSJ,0.5755,Likely to churn,0.5755,2026-08-19
2223-KAGMX,0.313,Unlikely to churn,0.687,2026-08-19
6507-ZJSUR,0.419,Unlikely to churn,0.581,2026-08-19
9408-HRXRK,0.187,Unlikely to churn,0.813,2026-08-19
5593-SUAOO,0.3784,Unlikely to churn,0.6216,2026-08-19
7321-PKUYW,0.5572,Likely to churn,0.5572,2026-08-19
2833-SLKDQ,0.5745,Likely to churn,0.5745,2026-08-19
6766-HFKLA,0.1174,Unlikely to churn,0.8826,2026-08-19
7595-EUIVN,0.654,Likely to churn,0.654,2026-08-19
7617-EYGLW,0.4675,Unlikely to churn,0.5325,2026-08-19
2026-TGDHM,0.6023,Likely to churn,0.6023,2026-08-19
9220-ZNKJI,0.1159,Unlikely to churn,0.8841,2026-08-19
4030-VPZBD,0.4589,Unlikely to churn,0.5411,2026-08-19
2226-ICFDO,0.0378,Unlikely to churn,0.9622,2026-08-19
0723-VSOBE,0.107,Unlikely to churn,0.893,2026-08-19
5529-GIBVH,0.0935,Unlikely to churn,0.9065,2026-08-19
4187-CINZD,0.182,Unlikely to churn,0.818,2026-08-19
9992-UJOEL,0.5403,Likely to churn,0.5403,2026-08-19
4741-WWJQZ,0.6185,Likely to churn,0.6185,2026-08-19
6625-UTXEW,0.4279,Unlikely to churn,0.5721,2026-08-19
6818-WOBHJ,0.0796,Unlikely to churn,0.9204,2026-08-19
6244-BESBM,0.0704,Unlikely to churn,0.9296,2026-08-19
1004-NOZNR,0.1215,Unlikely to churn,0.8785,2026-08-19
1251-STYSZ,0.6391,Likely to churn,0.6391,2026-08-19
2612-PHGOX,0.0548,Unlikely to churn,0.9452,2026-08-19
2408-TZMJL,0.0979,Unlikely to churn,0.9021,2026-08-19
8480-PPONV,0.0794,Unlikely to churn,0.9206,2026-08-19
8780-IHCRN,0.05,Unlikely to churn,0.95,2026-08-19
4598-ZADCK,0.0526,Unlikely to churn,0.9474,2026-08-19
1257-SXUXQ,0.4213,Unlikely to churn,0.5787,2026-08-19
9681-KYGYB,0.1466,Unlikely to churn,0.8534,2026-08-19
7182-OVLBJ,0.1041,Unlikely to churn,0.8959,2026-08-19
5095-ETBRJ,0.0711,Unlikely to churn,0.9289,2026-08-19
7005-CYUIL,0.0491,Unlikely to churn,0.9509,2026-08-19
4821-WQOYN,0.031,Unlikely to churn,0.969,2026-08-19
4730-AWNAU,0.1218,Unlikely to churn,0.8782,2026-08-19
3452-FLHYD,0.2265,Unlikely to churn,0.7735,2026-08-19
2388-LAESQ,0.0507,Unlikely to churn,0.9493,2026-08-19
9531-NSBMR,0.1453,Unlikely to churn,0.8547,2026-08-19
6260-ONULR,0.5593,Likely to churn,0.5593,2026-08-19
4389-UEFCZ,0.0614,Unlikely to churn,0.9386,2026-08-19
8711-LOBKY,0.0553,Unlikely to churn,0.9447,2026-08-19
9134-CEQMF,0.6002,Likely to churn,0.6002,2026-08-19
8985-OOPOS,0.5169,Likely to churn,0.5169,2026-08-19
8800-ZKRFW,0.2874,Unlikely to churn,0.7126,2026-08-19
2616-FLVQC,0.0441,Unlikely to churn,0.9559,2026-08-19
9968-FFVVH,0.051,Unlikely to churn,0.949,2026-08-19
3108-PCCGG,0.0369,Unlikely to churn,0.9631,2026-08-19
7993-PYKOF,0.5734,Likely to churn,0.5734,2026-08-19
8390-FESFV,0.0577,Unlikely to churn,0.9423,2026-08-19
3022-BEXHZ,0.0706,Unlikely to churn,0.9294,2026-08-19
5027-XWQHA,0.5153,Likely to churn,0.5153,2026-08-19
6248-TKCQV,0.0451,Unlikely to churn,0.9549,2026-08-19
6729-GDNGC,0.4576,Unlikely to churn,0.5424,2026-08-19
6198-ZFIOJ,0.6517,Likely to churn,0.6517,2026-08-19
5989-OMNJE,0.1875,Unlikely to churn,0.8125,2026-08-19
4566-QVRRW,0.454,Unlikely to churn,0.546,2026-08-19
1291-CUOCY,0.0562,Unlikely to churn,0.9438,2026-08-19
9795-SHUHB,0.0447,Unlikely to churn,0.9553,2026-08-19
3230-IUALN,0.1135,Unlikely to churn,0.8865,2026-08-19
0042-RLHYP,0.0353,Unlikely to churn,0.9647,2026-08-19
8519-IMDHU,0.5365,Likely to churn,0.5365,2026-08-19
4945-RVMTE,0.2535,Unlikely to churn,0.7465,2026-08-19
0201-OAMXR,0.056,Unlikely to churn,0.944,2026-08-19
1866-NXPSP,0.1511,Unlikely to churn,0.8489,2026-08-19
3372-KWFBM,0.5291,Likely to churn,0.5291,2026-08-19
7831-QGOXH,0.4998,Unlikely to churn,0.5002,2026-08-19
6393-WRYZE,0.3273,Unlikely to churn,0.6727,2026-08-19
3941-XTSKM,0.1036,Unlikely to churn,0.8964,2026-08-19
1661-CZBAU,0.1187,Unlikely to churn,0.8813,2026-08-19
6599-RCLCJ,0.1585,Unlikely to churn,0.8415,2026-08-19
9831-BPFRI,0.2191,Unlikely to churn,0.7809,2026-08-19
5158-RIVOP,0.3604,Unlikely to churn,0.6396,2026-08-19
9788-YTFGE,0.4007,Unlikely to churn,0.5993,2026-08-19
9277-JOOMO,0.4658,Unlikely to churn,0.5342,2026-08-19
1907-YLNYW,0.4492,Unlikely to churn,0.5508,2026-08-19
1725-MIMXW,0.4675,Unlikely to churn,0.5325,2026-08-19
8947-YRTDV,0.2621,Unlikely to churn,0.7379,2026-08-19
3161-ONRWK,0.0556,Unlikely to churn,0.9444,2026-08-19
0114-RSRRW,0.3675,Unlikely to churn,0.6325,2026-08-19
4565-NLZBV,0.0349,Unlikely to churn,0.9651,2026-08-19
0031-PVLZI,0.4365,Unlikely to churn,0.5635,2026-08-19
7206-GZCDC,0.6697,Likely to churn,0.6697,2026-08-19
6682-VCIXC,0.0926,Unlikely to churn,0.9074,2026-08-19
4791-QRGMF,0.1151,Unlikely to churn,0.8849,2026-08-19
6475-VHUIZ,0.2819,Unlikely to churn,0.7181,2026-08-19
3910-MRQOY,0.0307,Unlikely to churn,0.9693,2026-08-19
0661-WCQNQ,0.2984,Unlikely to churn,0.7016,2026-08-19
7537-RBWEA,0.4914,Unlikely to churn,0.5086,2026-08-19
4656-CAURT,0.0378,Unlikely to churn,0.9622,2026-08-19
0121-SNYRK,0.0748,Unlikely to churn,0.9252,2026-08-19
1768-ZAIFU,0.4916,Unlikely to churn,0.5084,2026-08-19
4671-LXRDQ,0.5628,Likely to churn,0.5628,2026-08-19
3733-LSYCE,0.4935,Unlikely to churn,0.5065,2026-08-19
6265-FRMTQ,0.1797,Unlikely to churn,0.8203,2026-08-19
1934-SJVJK,0.4704,Unlikely to churn,0.5296,2026-08-19
3838-OZURD,0.0791,Unlikely to churn,0.9209,2026-08-19
1371-DWPAZ,0.4088,Unlikely to churn,0.5912,2026-08-19
9269-CQOOL,0.547,Likely to churn,0.547,2026-08-19
2017-CCBLH,0.3897,Unlikely to churn,0.6103,2026-08-19
7690-KPNCU,0.0522,Unlikely to churn,0.9478,2026-08-19
0536-BGFMZ,0.2016,Unlikely to churn,0.7984,2026-08-19
2293-IJWPS,0.1273,Unlikely to churn,0.8727,2026-08-19
2845-HSJCY,0.5102,Likely to churn,0.5102,2026-08-19
5469-NUJUR,0.276,Unlikely to churn,0.724,2026-08-19
1184-PJVDB,0.5709,Likely to churn,0.5709,2026-08-19
2625-TRCZQ,0.0756,Unlikely to churn,0.9244,2026-08-19
4102-HLENU,0.0482,Unlikely to churn,0.9518,2026-08-19
7266-GSSJX,0.3586,Unlikely to churn,0.6414,2026-08-19
7722-VJRQD,0.0252,Unlikely to churn,0.9748,2026-08-19
7073-QETQY,0.0408,Unlikely to churn,0.9592,2026-08-19
9415-DPEWS,0.468,Unlikely to churn,0.532,2026-08-19
5624-RYAMH,0.3767,Unlikely to churn,0.6233,2026-08-19
0196-JTUQI,0.6065,Likely to churn,0.6065,2026-08-19
7130-YXBRO,0.1565,Unlikely to churn,0.8435,2026-08-19
9272-LSVYH,0.5746,Likely to churn,0.5746,2026-08-19
7943-RQCHR,0.5989,Likely to churn,0.5989,2026-08-19
3793-MMFUH,0.5544,Likely to churn,0.5544,2026-08-19
3249-ZPQRG,0.632,Likely to churn,0.632,2026-08-19
2568-BRGYX,0.6416,Likely to churn,0.6416,2026-08-19
3084-DOWLE,0.0351,Unlikely to churn,0.9649,2026-08-19
1084-MNSMJ,0.0801,Unlikely to churn,0.9199,2026-08-19
7721-JXEAW,0.0551,Unlikely to churn,0.9449,2026-08-19
7249-WBIYX,0.594,Likely to churn,0.594,2026-08-19
4238-HFHSN,0.1126,Unlikely to churn,0.8874,2026-08-19
6250-CGGUN,0.1131,Unlikely to churn,0.8869,2026-08-19
5478-JJVZK,0.2156,Unlikely to churn,0.7844,2026-08-19
7596-IIWYC,0.2086,Unlikely to churn,0.7914,2026-08-19
6567-HOOPW,0.6669,Likely to churn,0.6669,2026-08-19
9793-WECQC,0.3952,Unlikely to churn,0.6048,2026-08-19
4291-HPAXL,0.4692,Unlikely to churn,0.5308,2026-08-19
8999-YPYBV,0.1016,Unlikely to churn,0.8984,2026-08-19
1839-FBNFR,0.1299,Unlikely to churn,0.8701,2026-08-19
3164-AALRN,0.498,Unlikely to churn,0.502,2026-08-19
3071-MVJCD,0.0357,Unlikely to churn,0.9643,2026-08-19
1697-BCSHV,0.0861,Unlikely to churn,0.9139,2026-08-19
0562-KBDVM,0.0252,Unlikely to churn,0.9748,2026-08-19
1131-SUEKT,0.0886,Unlikely to churn,0.9114,2026-08-19
3717-OEAUQ,0.6647,Likely to churn,0.6647,2026-08-19
4538-WNTMJ,0.1049,Unlikely to churn,0.8951,2026-08-19
3334-CTHOL,0.5945,Likely to churn,0.5945,2026-08-19
4704-ERYFC,0.4315,Unlikely to churn,0.5685,2026-08-19
9432-RUVSL,0.1377,Unlikely to churn,0.8623,2026-08-19
8060-HIWJJ,0.0546,Unlikely to churn,0.9454,2026-08-19
7684-XSZIY,0.0332,Unlikely to churn,0.9668,2026-08-19
9089-UOWJG,0.413,Unlikely to churn,0.587,2026-08-19
8621-MNIHH,0.2773,Unlikely to churn,0.7227,2026-08-19
8039-ACLPL,0.0341,Unlikely to churn,0.9659,2026-08-19
9885-AIBVB,0.335,Unlikely to churn,0.665,2026-08-19
1934-MKPXS,0.1656,Unlikely to churn,0.8344,2026-08-19
2592-YKDIF,0.4713,Unlikely to churn,0.5287,2026-08-19
2272-JKMSI,0.087,Unlikely to churn,0.913,2026-08-19
0471-LVHGK,0.1621,Unlikely to churn,0.8379,2026-08-19
9518-RWHZL,0.0941,Unlikely to churn,0.9059,2026-08-19
8714-CTZJW,0.607,Likely to churn,0.607,2026-08-19
3569-EDBPQ,0.3832,Unlikely to churn,0.6168,2026-08-19
3131-NWVFJ,0.3237,Unlikely to churn,0.6763,2026-08-19
7521-YXVZY,0.4464,Unlikely to churn,0.5536,2026-08-19
5419-CONWX,0.5889,Likely to churn,0.5889,2026-08-19
6240-EURKS,0.3006,Unlikely to churn,0.6994,2026-08-19
2373-NTKOD,0.4921,Unlikely to churn,0.5079,2026-08-19
1970-KKFWL,0.1602,Unlikely to churn,0.8398,2026-08-19
6960-HVYXR,0.6943,Likely to churn,0.6943,2026-08-19
9337-SRRNI,0.0442,Unlikely to churn,0.9558,2026-08-19
0895-UADGO,0.3598,Unlikely to churn,0.6402,2026-08-19
5678-VFNEQ,0.0627,Unlikely to churn,0.9373,2026-08-19
5977-CKHON,0.2266,Unlikely to churn,0.7734,2026-08-19
7024-OHCCK,0.6711,Likely to churn,0.6711,2026-08-19
2692-BUCFV,0.3137,Unlikely to churn,0.6863,2026-08-19
7861-UVUFT,0.4861,Unlikely to churn,0.5139,2026-08-19
1830-GGFNM,0.0702,Unlikely to churn,0.9298,2026-08-19
5302-BDJNT,0.2722,Unlikely to churn,0.7278,2026-08-19
5223-UZAVK,0.0801,Unlikely to churn,0.9199,2026-08-19
4859-ZSRDZ,0.0515,Unlikely to churn,0.9485,2026-08-19
5651-WYIPH,0.3555,Unlikely to churn,0.6445,2026-08-19
9350-VLHMB,0.0831,Unlikely to churn,0.9169,2026-08-19
3498-LZGQZ,0.0458,Unlikely to churn,0.9542,2026-08-19
8785-CJSHH,0.1109,Unlikely to churn,0.8891,2026-08-19
5357-TZHPP,0.6004,Likely to churn,0.6004,2026-08-19
3870-SPZSI,0.0538,Unlikely to churn,0.9462,2026-08-19
0680-DFNNY,0.5116,Likely to churn,0.5116,2026-08-19
7560-QRBXH,0.0894,Unlikely to churn,0.9106,2026-08-19
7077-XJMET,0.3903,Unlikely to churn,0.6097,2026-08-19
8752-GHJFU,0.0518,Unlikely to churn,0.9482,2026-08-19
6896-SRVYQ,0.1965,Unlikely to churn,0.8035,2026-08-19
7767-UXAGJ,0.5965,Likely to churn,0.5965,2026-08-19
4652-ODEVH,0.1086,Unlikely to churn,0.8914,2026-08-19
6510-UPNKS,0.2554,Unlikely to churn,0.7446,2026-08-19
6718-BDGHG,0.1554,Unlikely to churn,0.8446,2026-08-19
9046-DQMTP,0.1545,Unlikely to churn,0.8455,2026-08-19
6439-LAJXL,0.403,Unlikely to churn,0.597,2026-08-19
1571-SAVHK,0.5418,Likely to churn,0.5418,2026-08-19
9052-VKDUW,0.0749,Unlikely to churn,0.9251,2026-08-19
9546-CQJSU,0.662,Likely to churn,0.662,2026-08-19
1666-JZPZT,0.2994,Unlikely to churn,0.7006,2026-08-19
5777-KJIRB,0.1655,Unlikely to churn,0.8345,2026-08-19
0506-LVNGN,0.6096,Likely to churn,0.6096,2026-08-19
7677-SJJJK,0.3893,Unlikely to churn,0.6107,2026-08-19
2480-EJWYP,0.117,Unlikely to churn,0.883,2026-08-19
3253-HKOKL,0.1325,Unlikely to churn,0.8675,2026-08-19
7055-HNEOJ,0.5067,Likely to churn,0.5067,2026-08-19
5514-YQENT,0.1763,Unlikely to churn,0.8237,2026-08-19
3211-AAPKX,0.4427,Unlikely to churn,0.5573,2026-08-19
8445-DNBAE,0.5949,Likely to churn,0.5949,2026-08-19
2951-QOQTK,0.6412,Likely to churn,0.6412,2026-08-19
2958-NHPPS,0.243,Unlikely to churn,0.757,2026-08-19
6806-YDEUL,0.4102,Unlikely to churn,0.5898,2026-08-19
1735-XMJVH,0.3871,Unlikely to churn,0.6129,2026-08-19
6890-PFRQX,0.3486,Unlikely to churn,0.6514,2026-08-19
0222-CNVPT,0.0715,Unlikely to churn,0.9285,2026-08-19
5899-OUVKV,0.3072,Unlikely to churn,0.6928,2026-08-19
8681-ICONS,0.1946,Unlikely to churn,0.8054,2026-08-19
1621-YNCJH,0.2291,Unlikely to churn,0.7709,2026-08-19
3473-XIIIT,0.4953,Unlikely to churn,0.5047,2026-08-19
6362-QHAFM,0.2182,Unlikely to churn,0.7818,2026-08-19
7893-IXHRQ,0.4721,Unlikely to churn,0.5279,2026-08-19
3070-BDOQC,0.0941,Unlikely to churn,0.9059,2026-08-19
2952-QAYZF,0.6057,Likely to churn,0.6057,2026-08-19
6234-PFPXL,0.4089,Unlikely to churn,0.5911,2026-08-19
9824-QCJPK,0.1469,Unlikely to churn,0.8531,2026-08-19
4763-PGDPO,0.6424,Likely to churn,0.6424,2026-08-19
4283-IVYCI,0.4304,Unlikely to churn,0.5696,2026-08-19
1866-OBPNR,0.6495,Likely to churn,0.6495,2026-08-19
8205-MQUGY,0.4194,Unlikely to churn,0.5806,2026-08-19
8970-ANWXO,0.3127,Unlikely to churn,0.6873,2026-08-19
9480-BQJEI,0.091,Unlikely to churn,0.909,2026-08-19
5394-SVGJV,0.2647,Unlikely to churn,0.7353,2026-08-19
6979-TNDEU,0.3865,Unlikely to churn,0.6135,2026-08-19
9777-WJJPR,0.3249,Unlikely to churn,0.6751,2026-08-19
9283-LZQOH,0.5577,Likely to churn,0.5577,2026-08-19
7079-QRCBC,0.3979,Unlikely to churn,0.6021,2026-08-19
9495-SKLKD,0.1909,Unlikely to churn,0.8091,2026-08-19
6048-UWKAL,0.0699,Unlikely to churn,0.9301,2026-08-19
5067-DGXLL,0.4592,Unlikely to churn,0.5408,2026-08-19
5469-CTCWN,0.0994,Unlikely to churn,0.9006,2026-08-19
9851-QXEEQ,0.2159,Unlikely to churn,0.7841,2026-08-19
6281-FKEWS,0.1011,Unlikely to churn,0.8989,2026-08-19
8898-KASCD,0.1194,Unlikely to churn,0.8806,2026-08-19
9242-TKFSV,0.0226,Unlikely to churn,0.9774,2026-08-19
9290-SHCMB,0.5172,Likely to churn,0.5172,2026-08-19
0743-HNPFG,0.0874,Unlikely to churn,0.9126,2026-08-19
2277-BKJKN,0.0581,Unlikely to churn,0.9419,2026-08-19
9809-IMGCQ,0.4564,Unlikely to churn,0.5436,2026-08-19
5208-HFSBT,0.5153,Likely to churn,0.5153,2026-08-19
5035-PGZXH,0.1238,Unlikely to churn,0.8762,2026-08-19
8695-WDYEA,0.5558,Likely to churn,0.5558,2026-08-19
6543-JXSOO,0.258,Unlikely to churn,0.742,2026-08-19
8016-ZMGMO,0.0547,Unlikely to churn,0.9453,2026-08-19
8605-ITULD,0.4679,Unlikely to churn,0.5321,2026-08-19
3254-YRILK,0.4558,Unlikely to churn,0.5442,2026-08-19
6416-YJTTB,0.5127,Likely to churn,0.5127,2026-08-19
2667-WYLWJ,0.3887,Unlikely to churn,0.6113,2026-08-19
4472-VESGY,0.1284,Unlikely to churn,0.8716,2026-08-19
3195-TQDZX,0.4476,Unlikely to churn,0.5524,2026-08-19
3128-YOVTD,0.1386,Unlikely to churn,0.8614,2026-08-19
0529-ONKER,0.5397,Likely to churn,0.5397,2026-08-19
1728-CXQBE,0.0861,Unlikely to churn,0.9139,2026-08-19
7041-TXQJH,0.1386,Unlikely to churn,0.8614,2026-08-19
5014-GSOUQ,0.3355,Unlikely to churn,0.6645,2026-08-19
5724-BIDBU,0.1242,Unlikely to churn,0.8758,2026-08-19
0481-SUMCB,0.2075,Unlikely to churn,0.7925,2026-08-19
1769-GRUIK,0.4856,Unlikely to churn,0.5144,2026-08-19
5240-IJOQT,0.6897,Likely to churn,0.6897,2026-08-19
8819-WFGGJ,0.0322,Unlikely to churn,0.9678,2026-08-19
7427-AUFPY,0.0687,Unlikely to churn,0.9313,2026-08-19
2811-POVEX,0.3681,Unlikely to churn,0.6319,2026-08-19
1092-GANHU,0.4756,Unlikely to churn,0.5244,2026-08-19
7898-PDWQE,0.0362,Unlikely to churn,0.9638,2026-08-19
9972-EWRJS,0.0383,Unlikely to churn,0.9617,2026-08-19
9314-IJWSQ,0.5448,Likely to churn,0.5448,2026-08-19
0661-XEYAN,0.4942,Unlikely to churn,0.5058,2026-08-19
5799-JRCZO,0.046,Unlikely to churn,0.954,2026-08-19
1921-KYSAY,0.1523,Unlikely to churn,0.8477,2026-08-19
6198-RTPMF,0.4976,Unlikely to churn,0.5024,2026-08-19
2924-KHUVI,0.1322,Unlikely to churn,0.8678,2026-08-19
1925-GMVBW,0.4258,Unlikely to churn,0.5742,2026-08-19
7881-EVUAD,0.4187,Unlikely to churn,0.5813,2026-08-19
6184-DYUOB,0.4449,Unlikely to churn,0.5551,2026-08-19
9207-ZPANB,0.1507,Unlikely to churn,0.8493,2026-08-19
5766-XQXMQ,0.209,Unlikely to churn,0.791,2026-08-19
9327-QSDED,0.4868,Unlikely to churn,0.5132,2026-08-19
1656-DRSMG,0.0822,Unlikely to churn,0.9178,2026-08-19
3012-VFFMN,0.4035,Unlikely to churn,0.5965,2026-08-19
2984-AFWNC,0.6254,Likely to churn,0.6254,2026-08-19
0640-YJTPY,0.0315,Unlikely to churn,0.9685,2026-08-19
8096-LOIST,0.3693,Unlikely to churn,0.6307,2026-08-19
9764-REAFF,0.054,Unlikely to churn,0.946,2026-08-19
3703-VAVCL,0.615,Likely to churn,0.615,2026-08-19
7107-UBYKY,0.1658,Unlikely to churn,0.8342,2026-08-19
4881-GQJTW,0.3239,Unlikely to churn,0.6761,2026-08-19
8519-QJGJD,0.5052,Likely to churn,0.5052,2026-08-19
7876-DNYAP,0.0353,Unlikely to churn,0.9647,2026-08-19
7905-NJMXS,0.4504,Unlikely to churn,0.5496,2026-08-19
2882-WDTBA,0.0367,Unlikely to churn,0.9633,2026-08-19
2091-GPPIQ,0.0402,Unlikely to churn,0.9598,2026-08-19
6326-MTTXK,0.5915,Likely to churn,0.5915,2026-08-19
5071-FBJFS,0.517,Likely to churn,0.517,2026-08-19
2796-UUZZO,0.0855,Unlikely to churn,0.9145,2026-08-19
2429-AYKKO,0.0309,Unlikely to churn,0.9691,2026-08-19
9798-OPFEM,0.099,Unlikely to churn,0.901,2026-08-19
0330-IVZHA,0.6298,Likely to churn,0.6298,2026-08-19
3794-NFNCH,0.2397,Unlikely to churn,0.7603,2026-08-19
5193-QLVZB,0.0896,Unlikely to churn,0.9104,2026-08-19
7114-AEOZE,0.0529,Unlikely to churn,0.9471,2026-08-19
2886-KEFUM,0.0934,Unlikely to churn,0.9066,2026-08-19
5522-NYKPB,0.3783,Unlikely to churn,0.6217,2026-08-19
4237-RLAQD,0.5778,Likely to churn,0.5778,2026-08-19
9957-YODKZ,0.6194,Likely to churn,0.6194,2026-08-19
6518-KZXCB,0.2659,Unlikely to churn,0.7341,2026-08-19
2245-ADZFJ,0.2266,Unlikely to churn,0.7734,2026-08-19
7776-QGYJC,0.2269,Unlikely to churn,0.7731,2026-08-19
9313-QOLTZ,0.2183,Unlikely to churn,0.7817,2026-08-19
9651-GTSAQ,0.1183,Unlikely to churn,0.8817,2026-08-19
3186-BAXNB,0.6327,Likely to churn,0.6327,2026-08-19
4672-FOTSD,0.4056,Unlikely to churn,0.5944,2026-08-19
0637-YLETY,0.4768,Unlikely to churn,0.5232,2026-08-19
9818-XQCUV,0.4596,Unlikely to churn,0.5404,2026-08-19
7338-ERIVA,0.1172,Unlikely to churn,0.8828,2026-08-19
1157-BQCUW,0.6906,Likely to churn,0.6906,2026-08-19
8259-NFJTV,0.3738,Unlikely to churn,0.6262,2026-08-19
3223-DWFIO,0.6383,Likely to churn,0.6383,2026-08-19
2660-EMUBI,0.59,Likely to churn,0.59,2026-08-19
6968-GMKPR,0.122,Unlikely to churn,0.878,2026-08-19
4751-ERMAN,0.0379,Unlikely to churn,0.9621,2026-08-19
1436-ZMJAN,0.4307,Unlikely to churn,0.5693,2026-08-19
3292-PBZEJ,0.5116,Likely to churn,0.5116,2026-08-19
0799-DDIHE,0.4173,Unlikely to churn,0.5827,2026-08-19
3070-FNFZQ,0.2416,Unlikely to churn,0.7584,2026-08-19
2812-SFXMJ,0.47,Unlikely to churn,0.53,2026-08-19
7675-OZCZG,0.5513,Likely to churn,0.5513,2026-08-19
5014-WUQMG,0.1525,Unlikely to churn,0.8475,2026-08-19
5312-TSZVC,0.3139,Unlikely to churn,0.6861,2026-08-19
2003-CKLOR,0.0726,Unlikely to churn,0.9274,2026-08-19
0993-OSGPT,0.0425,Unlikely to churn,0.9575,2026-08-19
9254-RBFON,0.4331,Unlikely to churn,0.5669,2026-08-19
1205-WNWPJ,0.4755,Unlikely to churn,0.5245,2026-08-19
9391-EOYLI,0.5499,Likely to churn,0.5499,2026-08-19
7108-DGVUU,0.3255,Unlikely to churn,0.6745,2026-08-19
2782-JEEBU,0.2408,Unlikely to churn,0.7592,2026-08-19
5127-BZENZ,0.0915,Unlikely to churn,0.9085,2026-08-19
2720-FVBQP,0.5329,Likely to churn,0.5329,2026-08-19
9906-NHHVC,0.0365,Unlikely to churn,0.9635,2026-08-19
4522-XRWWI,0.1488,Unlikely to churn,0.8512,2026-08-19
3766-EJLFL,0.0653,Unlikely to churn,0.9347,2026-08-19
5939-SXWHM,0.0984,Unlikely to churn,0.9016,2026-08-19
8152-UOBNY,0.1576,Unlikely to churn,0.8424,2026-08-19
7351-KYHQH,0.4535,Unlikely to churn,0.5465,2026-08-19
7643-RCHXS,0.0459,Unlikely to churn,0.9541,2026-08-19
8246-SHFGA,0.2992,Unlikely to churn,0.7008,2026-08-19
8387-MOJJT,0.2234,Unlikely to churn,0.7766,2026-08-19
0620-XEFWH,0.4303,Unlikely to churn,0.5697,2026-08-19
6485-QXWWE,0.0534,Unlikely to churn,0.9466,2026-08-19
2761-OCIAX,0.6391,Likely to churn,0.6391,2026-08-19
7321-VGNKU,0.6634,Likely to churn,0.6634,2026-08-19
5327-CNLUQ,0.1482,Unlikely to churn,0.8518,2026-08-19
7552-KEYGT,0.2066,Unlikely to churn,0.7934,2026-08-19
5816-JMLGY,0.0378,Unlikely to churn,0.9622,2026-08-19
3068-OMWZA,0.6627,Likely to churn,0.6627,2026-08-19
2927-QRRQV,0.1805,Unlikely to churn,0.8195,2026-08-19
6032-KRXXO,0.3413,Unlikely to churn,0.6587,2026-08-19
7459-RRWQZ,0.4047,Unlikely to churn,0.5953,2026-08-19
6265-SXWBU,0.071,Unlikely to churn,0.929,2026-08-19
7941-RCJOW,0.0421,Unlikely to churn,0.9579,2026-08-19
6374-NTQLP,0.0506,Unlikely to churn,0.9494,2026-08-19
4154-AQUGT,0.4844,Unlikely to churn,0.5156,2026-08-19
2387-KDZQY,0.2957,Unlikely to churn,0.7043,2026-08-19
3584-WKTTW,0.1391,Unlikely to churn,0.8609,2026-08-19
3399-BMLVW,0.0894,Unlikely to churn,0.9106,2026-08-19
1971-DTCZB,0.0345,Unlikely to churn,0.9655,2026-08-19
3092-IGHWF,0.0804,Unlikely to churn,0.9196,2026-08-19
3374-PZLXD,0.1584,Unlikely to churn,0.8416,2026-08-19
3813-DHBBB,0.032,Unlikely to churn,0.968,2026-08-19
2812-REYAT,0.0858,Unlikely to churn,0.9142,2026-08-19
6518-PPLMZ,0.0714,Unlikely to churn,0.9286,2026-08-19
4939-KYYPY,0.2621,Unlikely to churn,0.7379,2026-08-19
8017-LXHFA,0.393,Unlikely to churn,0.607,2026-08-19
5930-GBIWP,0.0403,Unlikely to churn,0.9597,2026-08-19
6022-KOUQO,0.4512,Unlikely to churn,0.5488,2026-08-19
6352-TWCAU,0.3153,Unlikely to churn,0.6847,2026-08-19
2361-UPSND,0.1094,Unlikely to churn,0.8906,2026-08-19
6035-RIIOM,0.1365,Unlikely to churn,0.8635,2026-08-19
2929-QNSRW,0.1278,Unlikely to churn,0.8722,2026-08-19
1262-OPMFY,0.565,Likely to churn,0.565,2026-08-19
9504-DSHWM,0.3293,Unlikely to churn,0.6707,2026-08-19
5035-BVCXS,0.5425,Likely to churn,0.5425,2026-08-19
6267-DCFFZ,0.3405,Unlikely to churn,0.6595,2026-08-19
3533-UVMOM,0.0423,Unlikely to churn,0.9577,2026-08-19
2439-LYPMQ,0.2342,Unlikely to churn,0.7658,2026-08-19
4248-QPAVC,0.4671,Unlikely to churn,0.5329,2026-08-19
1899-VXWXM,0.1688,Unlikely to churn,0.8312,2026-08-19
1478-VPOAD,0.5693,Likely to churn,0.5693,2026-08-19
9995-HOTOH,0.0367,Unlikely to churn,0.9633,2026-08-19
2988-PLAHS,0.5211,Likely to churn,0.5211,2026-08-19
1371-OJCEK,0.0956,Unlikely to churn,0.9044,2026-08-19
4999-IEZLT,0.0398,Unlikely to churn,0.9602,2026-08-19
8883-ANODQ,0.0735,Unlikely to churn,0.9265,2026-08-19
4690-LLKUA,0.3897,Unlikely to churn,0.6103,2026-08-19
2351-RRBUE,0.4035,Unlikely to churn,0.5965,2026-08-19
5980-BDHPY,0.0324,Unlikely to churn,0.9676,2026-08-19
1498-DQNRX,0.1925,Unlikely to churn,0.8075,2026-08-19
9469-WEJBT,0.238,Unlikely to churn,0.762,2026-08-19
3331-HQDTW,0.2579,Unlikely to churn,0.7421,2026-08-19
9490-DFPMD,0.2436,Unlikely to churn,0.7564,2026-08-19
2581-VKIRT,0.0684,Unlikely to churn,0.9316,2026-08-19
5442-XSDCW,0.5575,Likely to churn,0.5575,2026-08-19
7426-WEIJX,0.1153,Unlikely to churn,0.8847,2026-08-19
2851-MMUTZ,0.2515,Unlikely to churn,0.7485,2026-08-19
3049-NDXFL,0.691,Likely to churn,0.691,2026-08-19
8580-AECUZ,0.6665,Likely to churn,0.6665,2026-08-19
3307-TLCUD,0.2713,Unlikely to churn,0.7287,2026-08-19
6625-FLENO,0.0586,Unlikely to churn,0.9414,2026-08-19
2967-MXRAV,0.4648,Unlikely to churn,0.5352,2026-08-19
7963-GQRMY,0.5483,Likely to churn,0.5483,2026-08-19
8189-HBVRW,0.1295,Unlikely to churn,0.8705,2026-08-19
4163-KIUHY,0.1655,Unlikely to churn,0.8345,2026-08-19
1228-FZFRV,0.1558,Unlikely to churn,0.8442,2026-08-19
3500-NSDOA,0.0501,Unlikely to churn,0.9499,2026-08-19
1171-TYKUR,0.1013,Unlikely to churn,0.8987,2026-08-19
3761-FLYZI,0.0875,Unlikely to churn,0.9125,2026-08-19
2058-DCJBE,0.629,Likely to churn,0.629,2026-08-19
5364-XYIRR,0.1727,Unlikely to churn,0.8273,2026-08-19
4829-AUOAX,0.2126,Unlikely to churn,0.7874,2026-08-19
1219-NNDDO,0.6131,Likely to churn,0.6131,2026-08-19
8388-DMKAE,0.3907,Unlikely to churn,0.6093,2026-08-19
4403-BWPAY,0.3433,Unlikely to churn,0.6567,2026-08-19
9659-QEQSY,0.1606,Unlikely to churn,0.8394,2026-08-19
5405-ZMYXQ,0.6152,Likely to churn,0.6152,2026-08-19
5047-LHVLY,0.5513,Likely to churn,0.5513,2026-08-19
1442-OKRJE,0.065,Unlikely to churn,0.935,2026-08-19
4737-AQCPU,0.036,Unlikely to churn,0.964,2026-08-19
9158-VCTQB,0.1823,Unlikely to churn,0.8177,2026-08-19
2808-CHTDM,0.2564,Unlikely to churn,0.7436,2026-08-19
6311-UEUME,0.3494,Unlikely to churn,0.6506,2026-08-19
0793-TWELN,0.6387,Likely to churn,0.6387,2026-08-19
3283-WCWXT,0.4344,Unlikely to churn,0.5656,2026-08-19
1060-ENTOF,0.0645,Unlikely to churn,0.9355,2026-08-19
0999-QXNSA,0.5078,Likely to churn,0.5078,2026-08-19
5451-MHQOF,0.0678,Unlikely to churn,0.9322,2026-08-19
4836-WNFNO,0.0336,Unlikely to churn,0.9664,2026-08-19
9225-BZLNZ,0.0374,Unlikely to churn,0.9626,2026-08-19
0354-VXMJC,0.2392,Unlikely to churn,0.7608,2026-08-19
4422-QVIJA,0.2305,Unlikely to churn,0.7695,2026-08-19
9365-SRSZE,0.3803,Unlikely to churn,0.6197,2026-08-19
6839-ITVZJ,0.2733,Unlikely to churn,0.7267,2026-08-19
8332-OSJDW,0.371,Unlikely to churn,0.629,2026-08-19
4735-BJKOU,0.1252,Unlikely to churn,0.8748,2026-08-19
0274-JKUJR,0.3431,Unlikely to churn,0.6569,2026-08-19
5740-YHGTW,0.07,Unlikely to churn,0.93,2026-08-19
8917-SZTTJ,0.0527,Unlikely to churn,0.9473,2026-08-19
1696-MZVAU,0.1405,Unlikely to churn,0.8595,2026-08-19
7359-WWYJV,0.0503,Unlikely to churn,0.9497,2026-08-19
0375-HVGXO,0.4865,Unlikely to churn,0.5135,2026-08-19
4906-ZHGPK,0.092,Unlikely to churn,0.908,2026-08-19
8593-WHYHV,0.6688,Likely to churn,0.6688,2026-08-19
3795-GWTRD,0.0479,Unlikely to churn,0.9521,2026-08-19
1298-PHBTI,0.0649,Unlikely to churn,0.9351,2026-08-19
6223-DHJGV,0.1162,Unlikely to churn,0.8838,2026-08-19
6961-MJKBO,0.094,Unlikely to churn,0.906,2026-08-19
6097-EQISJ,0.076,Unlikely to churn,0.924,2026-08-19
4423-YLHDV,0.4112,Unlikely to churn,0.5888,2026-08-19
8158-WPEZG,0.3349,Unlikely to churn,0.6651,2026-08-19
0107-YHINA,0.6635,Likely to churn,0.6635,2026-08-19
4918-FYJNT,0.1187,Unlikely to churn,0.8813,2026-08-19
0727-BNRLG,0.0619,Unlikely to churn,0.9381,2026-08-19
4854-CIDCF,0.6249,Likely to churn,0.6249,2026-08-19
8640-SDGKB,0.4831,Unlikely to churn,0.5169,2026-08-19
3280-MRDOF,0.2327,Unlikely to churn,0.7673,2026-08-19
6435-SRWBJ,0.5954,Likely to churn,0.5954,2026-08-19
9964-WBQDJ,0.0348,Unlikely to churn,0.9652,2026-08-19
6303-KFWSL,0.2652,Unlikely to churn,0.7348,2026-08-19
1702-CCFNJ,0.1022,Unlikely to churn,0.8978,2026-08-19
8932-CZHRQ,0.0464,Unlikely to churn,0.9536,2026-08-19
0386-CWRGM,0.0965,Unlikely to churn,0.9035,2026-08-19
5515-RUGKN,0.4889,Unlikely to churn,0.5111,2026-08-19
0404-AHASP,0.0308,Unlikely to churn,0.9692,2026-08-19
7279-NMVJC,0.295,Unlikely to churn,0.705,2026-08-19
2081-VEYEH,0.5898,Likely to churn,0.5898,2026-08-19
6407-UTSLV,0.6328,Likely to churn,0.6328,2026-08-19
4116-TZAQJ,0.5588,Likely to churn,0.5588,2026-08-19
9060-HJJRW,0.0711,Unlikely to churn,0.9289,2026-08-19
2587-YNLES,0.4126,Unlikely to churn,0.5874,2026-08-19
7398-SKNQZ,0.6647,Likely to churn,0.6647,2026-08-19
5935-FCCNB,0.5043,Likely to churn,0.5043,2026-08-19
1958-RNRKS,0.2738,Unlikely to churn,0.7262,2026-08-19
5136-RGMZO,0.2302,Unlikely to churn,0.7698,2026-08-19
8345-MVDYC,0.1146,Unlikely to churn,0.8854,2026-08-19
8226-BXGES,0.08,Unlikely to churn,0.92,2026-08-19
3877-JRJIP,0.5912,Likely to churn,0.5912,2026-08-19
8375-DKEBR,0.671,Likely to churn,0.671,2026-08-19
9705-IOVQQ,0.1051,Unlikely to churn,0.8949,2026-08-19
1015-OWJKI,0.4658,Unlikely to churn,0.5342,2026-08-19
7511-YMXVQ,0.3944,Unlikely to churn,0.6056,2026-08-19
2040-XBAVJ,0.0503,Unlikely to churn,0.9497,2026-08-19
7551-JOHTI,0.4677,Unlikely to churn,0.5323,2026-08-19
8887-IPQNC,0.5015,Likely to churn,0.5015,2026-08-19
8646-JCOMS,0.0746,Unlikely to churn,0.9254,2026-08-19
9804-ICWBG,0.6721,Likely to churn,0.6721,2026-08-19
1222-KJNZD,0.1257,Unlikely to churn,0.8743,2026-08-19
0106-GHRQR,0.3777,Unlikely to churn,0.6223,2026-08-19
5318-IXUZF,0.6458,Likely to churn,0.6458,2026-08-19
3768-VHXQO,0.042,Unlikely to churn,0.958,2026-08-19
8952-WCVCD,0.1863,Unlikely to churn,0.8137,2026-08-19
2418-TPEUN,0.0631,Unlikely to churn,0.9369,2026-08-19
3963-RYFNS,0.052,Unlikely to churn,0.948,2026-08-19
3198-VELRD,0.6668,Likely to churn,0.6668,2026-08-19
8540-ZQGEA,0.0691,Unlikely to churn,0.9309,2026-08-19
1320-REHCS,0.132,Unlikely to churn,0.868,2026-08-19
4137-JOPHL,0.1439,Unlikely to churn,0.8561,2026-08-19
9436-ZBZCT,0.5215,Likely to churn,0.5215,2026-08-19
7801-CEDNV,0.262,Unlikely to churn,0.738,2026-08-19
2057-BOYKM,0.0533,Unlikely to churn,0.9467,2026-08-19
3658-QQJYD,0.0582,Unlikely to churn,0.9418,2026-08-19
1803-BGNBD,0.3966,Unlikely to churn,0.6034,2026-08-19
0134-XWXCE,0.1265,Unlikely to churn,0.8735,2026-08-19
6950-TWMYB,0.1241,Unlikely to churn,0.8759,2026-08-19
5848-FHRFC,0.0371,Unlikely to churn,0.9629,2026-08-19
2243-FNMMI,0.265,Unlikely to churn,0.735,2026-08-19
2511-MORQY,0.1184,Unlikely to churn,0.8816,2026-08-19
5356-KZCKT,0.0622,Unlikely to churn,0.9378,2026-08-19
9470-XCCEM,0.2887,Unlikely to churn,0.7113,2026-08-19
6519-CFDBX,0.5645,Likely to churn,0.5645,2026-08-19
3902-MIVLE,0.0569,Unlikely to churn,0.9431,2026-08-19
0409-WTMPL,0.1029,Unlikely to churn,0.8971,2026-08-19
8763-KIAFH,0.2094,Unlikely to churn,0.7906,2026-08-19
3669-WHAFY,0.0532,Unlikely to churn,0.9468,2026-08-19
3055-VTCGS,0.0609,Unlikely to churn,0.9391,2026-08-19
3144-KMTWZ,0.0626,Unlikely to churn,0.9374,2026-08-19
7279-BUYWN,0.2096,Unlikely to churn,0.7904,2026-08-19
7156-MHUGY,0.5355,Likely to churn,0.5355,2026-08-19
7198-GLXTC,0.6556,Likely to churn,0.6556,2026-08-19
2007-QVGAW,0.0367,Unlikely to churn,0.9633,2026-08-19
5207-PLSTK,0.5454,Likely to churn,0.5454,2026-08-19
2307-FYNNL,0.0744,Unlikely to churn,0.9256,2026-08-19
5605-XNWEN,0.0336,Unlikely to churn,0.9664,2026-08-19
2155-AMQRX,0.2733,Unlikely to churn,0.7267,2026-08-19
6181-AXXYF,0.0334,Unlikely to churn,0.9666,2026-08-19
5091-HFAZW,0.6196,Likely to churn,0.6196,2026-08-19
0516-VRYBW,0.2862,Unlikely to churn,0.7138,2026-08-19
2519-LBNQL,0.1011,Unlikely to churn,0.8989,2026-08-19
8623-ULFNQ,0.2938,Unlikely to churn,0.7062,2026-08-19
8380-PEFPE,0.6786,Likely to churn,0.6786,2026-08-19
5687-DKDTV,0.4365,Unlikely to churn,0.5635,2026-08-19
1568-LJSZU,0.0421,Unlikely to churn,0.9579,2026-08-19
7530-HDYDS,0.212,Unlikely to churn,0.788,2026-08-19
7789-HKSBS,0.2094,Unlikely to churn,0.7906,2026-08-19
7416-CKTEP,0.0602,Unlikely to churn,0.9398,2026-08-19
2586-CWXVV,0.0687,Unlikely to churn,0.9313,2026-08-19
3096-IZETN,0.5401,Likely to churn,0.5401,2026-08-19
2348-KCJLT,0.1217,Unlikely to churn,0.8783,2026-08-19
8401-EMUWF,0.1481,Unlikely to churn,0.8519,2026-08-19
4193-IBKSW,0.0334,Unlikely to churn,0.9666,2026-08-19
5377-NDTOU,0.0361,Unlikely to churn,0.9639,2026-08-19
5922-ABDVO,0.4618,Unlikely to churn,0.5382,2026-08-19
2474-LCNUE,0.3123,Unlikely to churn,0.6877,2026-08-19
0839-QNXME,0.1842,Unlikely to churn,0.8158,2026-08-19
3506-OVLKD,0.1669,Unlikely to churn,0.8331,2026-08-19
9172-ANCRX,0.5598,Likely to churn,0.5598,2026-08-19
6650-VJONK,0.5695,Likely to churn,0.5695,2026-08-19
2178-PMGCJ,0.4333,Unlikely to churn,0.5667,2026-08-19
7492-TAFJD,0.3474,Unlikely to churn,0.6526,2026-08-19
2773-MADBQ,0.1088,Unlikely to churn,0.8912,2026-08-19
6016-LVTJQ,0.1605,Unlikely to churn,0.8395,2026-08-19
7860-KSUGX,0.0378,Unlikely to churn,0.9622,2026-08-19
8966-KZXXA,0.158,Unlikely to churn,0.842,2026-08-19
6910-HADCM,0.6561,Likely to churn,0.6561,2026-08-19
4816-LXZYW,0.4167,Unlikely to churn,0.5833,2026-08-19
9606-PBKBQ,0.3409,Unlikely to churn,0.6591,2026-08-19
5149-QYTTU,0.0544,Unlikely to churn,0.9456,2026-08-19
2070-XYMFH,0.4175,Unlikely to churn,0.5825,2026-08-19
2085-BOJKI,0.4696,Unlikely to churn,0.5304,2026-08-19
0817-HSUSE,0.5228,Likely to churn,0.5228,2026-08-19
5442-PPTJY,0.3451,Unlikely to churn,0.6549,2026-08-19
1927-QEWMY,0.0312,Unlikely to churn,0.9688,2026-08-19
1663-MHLHE,0.4665,Unlikely to churn,0.5335,2026-08-19
5663-QBGIS,0.0649,Unlikely to churn,0.9351,2026-08-19
4450-MDZFX,0.1225,Unlikely to churn,0.8775,2026-08-19
6701-DHKWQ,0.0422,Unlikely to churn,0.9578,2026-08-19
7554-AKDQF,0.5191,Likely to churn,0.5191,2026-08-19
3536-IQCTX,0.342,Unlikely to churn,0.658,2026-08-19
4911-BANWH,0.3574,Unlikely to churn,0.6426,2026-08-19
8496-EJAUI,0.4407,Unlikely to churn,0.5593,2026-08-19
0794-YVSGE,0.0311,Unlikely to churn,0.9689,2026-08-19
5423-BHIXO,0.2356,Unlikely to churn,0.7644,2026-08-19
6908-VVYHM,0.092,Unlikely to churn,0.908,2026-08-19
2959-EEXWB,0.0996,Unlikely to churn,0.9004,2026-08-19
1839-UMACK,0.124,Unlikely to churn,0.876,2026-08-19
3030-YDNRM,0.6162,Likely to churn,0.6162,2026-08-19
7321-KKSDU,0.1732,Unlikely to churn,0.8268,2026-08-19
3402-XRIUO,0.2865,Unlikely to churn,0.7135,2026-08-19
3132-TVFDZ,0.0639,Unlikely to churn,0.9361,2026-08-19
8286-AFUYI,0.5421,Likely to churn,0.5421,2026-08-19
8080-DDEMJ,0.5747,Likely to churn,0.5747,2026-08-19
8356-WUAOJ,0.5743,Likely to churn,0.5743,2026-08-19
6365-MTGZX,0.3869,Unlikely to churn,0.6131,2026-08-19
1349-WXNGG,0.47,Unlikely to churn,0.53,2026-08-19
8058-DMYRU,0.1438,Unlikely to churn,0.8562,2026-08-19
9350-ZXYJC,0.4571,Unlikely to churn,0.5429,2026-08-19
6990-YNRIO,0.074,Unlikely to churn,0.926,2026-08-19
8958-JPTRR,0.0677,Unlikely to churn,0.9323,2026-08-19
6959-GQEGV,0.1234,Unlikely to churn,0.8766,2026-08-19
3173-WSSUE,0.0322,Unlikely to churn,0.9678,2026-08-19
1265-HVPZB,0.0586,Unlikely to churn,0.9414,2026-08-19
4115-UMJFQ,0.0323,Unlikely to churn,0.9677,2026-08-19
7369-TRPFD,0.2722,Unlikely to churn,0.7278,2026-08-19
1098-KFQEC,0.0655,Unlikely to churn,0.9345,2026-08-19
7190-XHTWJ,0.1342,Unlikely to churn,0.8658,2026-08-19
0621-TWIEM,0.4719,Unlikely to churn,0.5281,2026-08-19
3537-RYBHH,0.1175,Unlikely to churn,0.8825,2026-08-19
2485-ITVKB,0.4765,Unlikely to churn,0.5235,2026-08-19
3669-OYSJI,0.5792,Likely to churn,0.5792,2026-08-19
1612-EOHDH,0.5749,Likely to churn,0.5749,2026-08-19
6702-OHFWR,0.433,Unlikely to churn,0.567,2026-08-19
5296-BFCYD,0.0975,Unlikely to churn,0.9025,2026-08-19
4510-PYUSH,0.1696,Unlikely to churn,0.8304,2026-08-19
9359-JANWS,0.0473,Unlikely to churn,0.9527,2026-08-19
7517-SAWMO,0.438,Unlikely to churn,0.562,2026-08-19
4143-HHPMK,0.1456,Unlikely to churn,0.8544,2026-08-19
3279-DYZQM,0.0321,Unlikely to churn,0.9679,2026-08-19
7054-LGEQW,0.5782,Likely to churn,0.5782,2026-08-19
0523-VNGTF,0.062,Unlikely to churn,0.938,2026-08-19
9575-IWCAZ,0.4331,Unlikely to churn,0.5669,2026-08-19
7105-MXJLL,0.2754,Unlikely to churn,0.7246,2026-08-19
7064-FRRSW,0.1775,Unlikely to churn,0.8225,2026-08-19
7940-UQQUG,0.0854,Unlikely to churn,0.9146,2026-08-19
0923-PNFUB,0.6217,Likely to churn,0.6217,2026-08-19
3961-SXAXY,0.5704,Likely to churn,0.5704,2026-08-19
7010-BRBUU,0.0331,Unlikely to churn,0.9669,2026-08-19
3566-HJGPK,0.5765,Likely to churn,0.5765,2026-08-19
3062-ICYZQ,0.1467,Unlikely to churn,0.8533,2026-08-19
9938-PRCVK,0.1194,Unlikely to churn,0.8806,2026-08-19
0973-KYVNF,0.0351,Unlikely to churn,0.9649,2026-08-19
5129-HHMZC,0.1335,Unlikely to churn,0.8665,2026-08-19
9637-CDTKZ,0.0501,Unlikely to churn,0.9499,2026-08-19
3946-JEWRQ,0.2026,Unlikely to churn,0.7974,2026-08-19
7873-CVMAW,0.0332,Unlikely to churn,0.9668,2026-08-19
0463-WZZKO,0.4497,Unlikely to churn,0.5503,2026-08-19
3494-JCHRQ,0.6727,Likely to churn,0.6727,2026-08-19
6474-FVJLC,0.6817,Likely to churn,0.6817,2026-08-19
4524-QCSSM,0.1951,Unlikely to churn,0.8049,2026-08-19
5832-EXGTT,0.2468,Unlikely to churn,0.7532,2026-08-19
8840-DQLGN,0.2536,Unlikely to churn,0.7464,2026-08-19
2039-JONDJ,0.2493,Unlikely to churn,0.7507,2026-08-19
7217-JYHOQ,0.2549,Unlikely to churn,0.7451,2026-08-19
6695-FRVEC,0.0443,Unlikely to churn,0.9557,2026-08-19
4547-LYTDD,0.5155,Likely to churn,0.5155,2026-08-19
9894-QMIMJ,0.2872,Unlikely to churn,0.7128,2026-08-19
8069-YQQAJ,0.3268,Unlikely to churn,0.6732,2026-08-19
6770-XUAGN,0.474,Unlikely to churn,0.526,2026-08-19
4193-ORFCL,0.5747,Likely to churn,0.5747,2026-08-19
1636-NTNCO,0.4301,Unlikely to churn,0.5699,2026-08-19
3466-WAESX,0.3686,Unlikely to churn,0.6314,2026-08-19
9281-PKKZE,0.1011,Unlikely to churn,0.8989,2026-08-19
3638-VBZTA,0.0457,Unlikely to churn,0.9543,2026-08-19
7459-IMVYU,0.1501,Unlikely to churn,0.8499,2026-08-19
7776-QWNFX,0.241,Unlikely to churn,0.759,2026-08-19
6689-TCZHQ,0.6231,Likely to churn,0.6231,2026-08-19
8563-OYMQY,0.4458,Unlikely to churn,0.5542,2026-08-19
0754-EEBDC,0.4346,Unlikely to churn,0.5654,2026-08-19
5777-ZPQNC,0.3468,Unlikely to churn,0.6532,2026-08-19
1951-IEYXM,0.0343,Unlikely to churn,0.9657,2026-08-19
3318-NMQXL,0.6537,Likely to churn,0.6537,2026-08-19
3143-ILDAL,0.1209,Unlikely to churn,0.8791,2026-08-19
1022-RKXDR,0.1288,Unlikely to churn,0.8712,2026-08-19
2361-FJWNO,0.1153,Unlikely to churn,0.8847,2026-08-19
2272-UOINI,0.4209,Unlikely to churn,0.5791,2026-08-19
8232-UTFOZ,0.0354,Unlikely to churn,0.9646,2026-08-19
3750-YHRYO,0.4035,Unlikely to churn,0.5965,2026-08-19
6637-KYRCV,0.4227,Unlikely to churn,0.5773,2026-08-19
5668-MEISB,0.0523,Unlikely to churn,0.9477,2026-08-19
0129-QMPDR,0.1067,Unlikely to churn,0.8933,2026-08-19
7188-CBBBA,0.0841,Unlikely to churn,0.9159,2026-08-19
5356-CSVSQ,0.5436,Likely to churn,0.5436,2026-08-19
3221-CJMSG,0.2984,Unlikely to churn,0.7016,2026-08-19
4720-VSTSI,0.1971,Unlikely to churn,0.8029,2026-08-19
3219-JQRSL,0.0335,Unlikely to churn,0.9665,2026-08-19
2801-NISEI,0.2748,Unlikely to churn,0.7252,2026-08-19
3946-MHCZW,0.5544,Likely to churn,0.5544,2026-08-19
4623-ZKHLY,0.2505,Unlikely to churn,0.7495,2026-08-19
6732-VAILE,0.0414,Unlikely to churn,0.9586,2026-08-19
8201-AAXCB,0.3217,Unlikely to churn,0.6783,2026-08-19
7696-CFTAT,0.1407,Unlikely to churn,0.8593,2026-08-19
1845-CSBRZ,0.4538,Unlikely to churn,0.5462,2026-08-19
2123-VSCOT,0.0758,Unlikely to churn,0.9242,2026-08-19
6651-AZVTJ,0.1727,Unlikely to churn,0.8273,2026-08-19
4566-GOLUK,0.1785,Unlikely to churn,0.8215,2026-08-19
2484-DGXPZ,0.1776,Unlikely to churn,0.8224,2026-08-19
2018-QKYGT,0.6737,Likely to churn,0.6737,2026-08-19
2792-VPPET,0.4487,Unlikely to churn,0.5513,2026-08-19
7409-JURKQ,0.1287,Unlikely to churn,0.8713,2026-08-19
3247-MHJKM,0.4707,Unlikely to churn,0.5293,2026-08-19
1964-SVLEA,0.266,Unlikely to churn,0.734,2026-08-19
4587-NUKOX,0.6031,Likely to churn,0.6031,2026-08-19
7297-DVYGA,0.0785,Unlikely to churn,0.9215,2026-08-19
2239-CGBUZ,0.0894,Unlikely to churn,0.9106,2026-08-19
0854-UYHZD,0.334,Unlikely to churn,0.666,2026-08-19
7243-LCGGZ,0.4736,Unlikely to churn,0.5264,2026-08-19
8267-KFGYD,0.4742,Unlikely to churn,0.5258,2026-08-19
4890-VMUAV,0.0533,Unlikely to churn,0.9467,2026-08-19
9261-WDCAF,0.5468,Likely to churn,0.5468,2026-08-19
3764-MNMOI,0.0962,Unlikely to churn,0.9038,2026-08-19
7442-YGZFK,0.5939,Likely to churn,0.5939,2026-08-19
0420-BWTPW,0.4119,Unlikely to churn,0.5881,2026-08-19
8229-BUJHX,0.0327,Unlikely to churn,0.9673,2026-08-19
7449-HVPIV,0.1388,Unlikely to churn,0.8612,2026-08-19
5504-WSIUR,0.0624,Unlikely to churn,0.9376,2026-08-19
8183-ONMXC,0.6622,Likely to churn,0.6622,2026-08-19
8466-PZBLH,0.0753,Unlikely to churn,0.9247,2026-08-19
9614-RMGHA,0.0937,Unlikely to churn,0.9063,2026-08-19
8735-IJJEG,0.4009,Unlikely to churn,0.5991,2026-08-19
0564-MUUQK,0.4301,Unlikely to churn,0.5699,2026-08-19
5054-IEXZT,0.6523,Likely to churn,0.6523,2026-08-19
5834-ASPWA,0.6924,Likely to churn,0.6924,2026-08-19
0701-RFGFI,0.1884,Unlikely to churn,0.8116,2026-08-19
0019-EFAEP,0.0574,Unlikely to churn,0.9426,2026-08-19
5619-PTMIK,0.1358,Unlikely to churn,0.8642,2026-08-19
3737-XBQDD,0.3852,Unlikely to churn,0.6148,2026-08-19
5882-CMAZQ,0.3944,Unlikely to churn,0.6056,2026-08-19
5846-QFDFI,0.2678,Unlikely to churn,0.7322,2026-08-19
4445-KWOKW,0.1512,Unlikely to churn,0.8488,2026-08-19
3511-APPBJ,0.3711,Unlikely to churn,0.6289,2026-08-19
7967-HYCDE,0.5996,Likely to churn,0.5996,2026-08-19
2430-RRYUW,0.0503,Unlikely to churn,0.9497,2026-08-19
3948-XHGNA,0.293,Unlikely to churn,0.707,2026-08-19
3723-BFBGR,0.3116,Unlikely to churn,0.6884,2026-08-19
0565-IYCGT,0.0384,Unlikely to churn,0.9616,2026-08-19
5447-WZAFP,0.1272,Unlikely to churn,0.8728,2026-08-19
5110-CHOPY,0.0457,Unlikely to churn,0.9543,2026-08-19
5445-UTODQ,0.6095,Likely to churn,0.6095,2026-08-19
4425-OWHWB,0.2648,Unlikely to churn,0.7352,2026-08-19
7892-QVYKW,0.4432,Unlikely to churn,0.5568,2026-08-19
9675-ICXCT,0.0348,Unlikely to churn,0.9652,2026-08-19
1024-VRZHF,0.5829,Likely to churn,0.5829,2026-08-19
4703-MQYKT,0.2566,Unlikely to churn,0.7434,2026-08-19
9497-QCMMS,0.6803,Likely to churn,0.6803,2026-08-19
5692-ICXLW,0.3325,Unlikely to churn,0.6675,2026-08-19
0602-DDUML,0.0675,Unlikely to churn,0.9325,2026-08-19
2208-MPXIO,0.1015,Unlikely to churn,0.8985,2026-08-19
1960-UYCNN,0.5454,Likely to churn,0.5454,2026-08-19
0348-SDKOL,0.1063,Unlikely to churn,0.8937,2026-08-19
3190-FZATL,0.3252,Unlikely to churn,0.6748,2026-08-19
7336-RLLRH,0.262,Unlikely to churn,0.738,2026-08-19
4373-MAVJG,0.5255,Likely to churn,0.5255,2026-08-19
8901-HJXTF,0.3405,Unlikely to churn,0.6595,2026-08-19
7710-JSYOA,0.0684,Unlikely to churn,0.9316,2026-08-19
5419-KLXBN,0.3493,Unlikely to churn,0.6507,2026-08-19
3424-NMNBO,0.1001,Unlikely to churn,0.8999,2026-08-19
9885-MFVSU,0.1407,Unlikely to churn,0.8593,2026-08-19
4514-GFCFI,0.5213,Likely to churn,0.5213,2026-08-19
0607-MVMGC,0.1286,Unlikely to churn,0.8714,2026-08-19
3365-SAIGS,0.4596,Unlikely to churn,0.5404,2026-08-19
9828-AOQLM,0.5772,Likely to churn,0.5772,2026-08-19
8022-BECSI,0.2478,Unlikely to churn,0.7522,2026-08-19
8000-REIQB,0.6723,Likely to churn,0.6723,2026-08-19
9993-LHIEB,0.042,Unlikely to churn,0.958,2026-08-19
0266-CLZKZ,0.0765,Unlikely to churn,0.9235,2026-08-19
7615-ESMYF,0.4714,Unlikely to churn,0.5286,2026-08-19
3858-VOBET,0.4435,Unlikely to churn,0.5565,2026-08-19
7020-OZKXZ,0.564,Likely to churn,0.564,2026-08-19
3977-QCRSL,0.4242,Unlikely to churn,0.5758,2026-08-19
0017-DINOC,0.0619,Unlikely to churn,0.9381,2026-08-19
1447-PJGGA,0.1174,Unlikely to churn,0.8826,2026-08-19
8565-CLBZW,0.4053,Unlikely to churn,0.5947,2026-08-19
9139-WQQDY,0.1743,Unlikely to churn,0.8257,2026-08-19
0224-HJAPT,0.537,Likely to churn,0.537,2026-08-19
8086-OVPWV,0.6602,Likely to churn,0.6602,2026-08-19
9430-FRQOC,0.6239,Likely to churn,0.6239,2026-08-19
7639-OPLNG,0.0371,Unlikely to churn,0.9629,2026-08-19
3074-GQWYX,0.6528,Likely to churn,0.6528,2026-08-19
1492-QGCLU,0.087,Unlikely to churn,0.913,2026-08-19
6845-RGTYS,0.1583,Unlikely to churn,0.8417,2026-08-19
7328-OWMOM,0.179,Unlikely to churn,0.821,2026-08-19
4418-LZMSV,0.3728,Unlikely to churn,0.6272,2026-08-19
5155-AZQPB,0.2928,Unlikely to churn,0.7072,2026-08-19
8861-HGGKB,0.5974,Likely to churn,0.5974,2026-08-19
1087-GRUYI,0.1364,Unlikely to churn,0.8636,2026-08-19
7065-YUNRY,0.5755,Likely to churn,0.5755,2026-08-19
7694-VLBWQ,0.0747,Unlikely to churn,0.9253,2026-08-19
2546-KZAAT,0.0913,Unlikely to churn,0.9087,2026-08-19
0181-RITDD,0.0708,Unlikely to churn,0.9292,2026-08-19
5989-PGKJB,0.4826,Unlikely to churn,0.5174,2026-08-19
4795-KTRTH,0.6311,Likely to churn,0.6311,2026-08-19
8272-ONJLV,0.524,Likely to churn,0.524,2026-08-19
1488-PBLJN,0.0523,Unlikely to churn,0.9477,2026-08-19
0308-GIQJT,0.0644,Unlikely to churn,0.9356,2026-08-19
3778-FOAQW,0.2324,Unlikely to churn,0.7676,2026-08-19
4452-ROHMO,0.3137,Unlikely to churn,0.6863,2026-08-19
6481-OGDOO,0.0715,Unlikely to churn,0.9285,2026-08-19
3090-LETTY,0.54,Likely to churn,0.54,2026-08-19
5349-AZPEW,0.4444,Unlikely to churn,0.5556,2026-08-19
3753-TSEMP,0.5023,Likely to churn,0.5023,2026-08-19
8305-VHZBZ,0.4707,Unlikely to churn,0.5293,2026-08-19
9720-JJJOR,0.1352,Unlikely to churn,0.8648,2026-08-19
8100-HZZLJ,0.1314,Unlikely to churn,0.8686,2026-08-19
8775-ERLNB,0.6882,Likely to churn,0.6882,2026-08-19
8309-IEYJD,0.6747,Likely to churn,0.6747,2026-08-19
9172-JITSM,0.3867,Unlikely to churn,0.6133,2026-08-19
6298-QDFNH,0.4289,Unlikely to churn,0.5711,2026-08-19
7398-HPYZQ,0.0358,Unlikely to churn,0.9642,2026-08-19
3546-GHEAE,0.3987,Unlikely to churn,0.6013,2026-08-19
7361-YPXFS,0.2354,Unlikely to churn,0.7646,2026-08-19
6557-BZXLQ,0.5029,Likely to churn,0.5029,2026-08-19
2550-QHZGP,0.3989,Unlikely to churn,0.6011,2026-08-19
7519-JTWQH,0.064,Unlikely to churn,0.936,2026-08-19
2538-OIMXF,0.4895,Unlikely to churn,0.5105,2026-08-19
8543-MSDMF,0.5074,Likely to churn,0.5074,2026-08-19
9961-JBNMK,0.424,Unlikely to churn,0.576,2026-08-19
1170-SASML,0.0715,Unlikely to churn,0.9285,2026-08-19
4872-JCVCA,0.0252,Unlikely to churn,0.9748,2026-08-19
5346-BZCHP,0.0351,Unlikely to churn,0.9649,2026-08-19
2038-LLMLM,0.1636,Unlikely to churn,0.8364,2026-08-19
6173-ITPWD,0.1723,Unlikely to churn,0.8277,2026-08-19
9734-UYXQI,0.5809,Likely to churn,0.5809,2026-08-19
1216-BGTSP,0.1688,Unlikely to churn,0.8312,2026-08-19
4138-NAXED,0.1658,Unlikely to churn,0.8342,2026-08-19
2189-UXTKY,0.3038,Unlikely to churn,0.6962,2026-08-19
0744-BIKKF,0.0322,Unlikely to churn,0.9678,2026-08-19
7483-IQWIB,0.246,Unlikely to churn,0.754,2026-08-19
5248-KWLAR,0.0357,Unlikely to churn,0.9643,2026-08-19
4958-GZWIY,0.4752,Unlikely to churn,0.5248,2026-08-19
7996-MHXLW,0.0441,Unlikely to churn,0.9559,2026-08-19
7833-PKIHD,0.0968,Unlikely to churn,0.9032,2026-08-19
7061-OVMIM,0.1846,Unlikely to churn,0.8154,2026-08-19
5153-RTHKF,0.3215,Unlikely to churn,0.6785,2026-08-19
1852-QSWCD,0.0479,Unlikely to churn,0.9521,2026-08-19
4832-VRBMR,0.0802,Unlikely to churn,0.9198,2026-08-19
9079-LWTFD,0.1628,Unlikely to churn,0.8372,2026-08-19
6356-ELRKD,0.6478,Likely to churn,0.6478,2026-08-19
8624-GIOUT,0.1131,Unlikely to churn,0.8869,2026-08-19
3392-EHMNK,0.0755,Unlikely to churn,0.9245,2026-08-19
5986-WWXDV,0.1289,Unlikely to churn,0.8711,2026-08-19
3061-BCKYI,0.325,Unlikely to churn,0.675,2026-08-19
6179-GJPSO,0.1816,Unlikely to churn,0.8184,2026-08-19
7901-TBKJX,0.1332,Unlikely to churn,0.8668,2026-08-19
7228-PAQPD,0.3935,Unlikely to churn,0.6065,2026-08-19
3177-LASXD,0.6775,Likely to churn,0.6775,2026-08-19
7746-QYVCO,0.3588,Unlikely to churn,0.6412,2026-08-19
5804-HYIEZ,0.0676,Unlikely to churn,0.9324,2026-08-19
9919-FZDED,0.0367,Unlikely to churn,0.9633,2026-08-19
5934-TSSAU,0.401,Unlikely to churn,0.599,2026-08-19
3486-KHMLI,0.2733,Unlikely to churn,0.7267,2026-08-19
4897-QSUYC,0.4704,Unlikely to churn,0.5296,2026-08-19
1084-UQCHV,0.6716,Likely to churn,0.6716,2026-08-19
8290-YWKHZ,0.3314,Unlikely to churn,0.6686,2026-08-19
2955-BJZHG,0.4932,Unlikely to churn,0.5068,2026-08-19
3806-DXQOM,0.4032,Unlikely to churn,0.5968,2026-08-19
6784-XYJAE,0.2079,Unlikely to churn,0.7921,2026-08-19
3933-DQPWX,0.0676,Unlikely to churn,0.9324,2026-08-19
6661-EIPZC,0.0878,Unlikely to churn,0.9122,2026-08-19
8957-THMOA,0.0823,Unlikely to churn,0.9177,2026-08-19
2251-PYLPB,0.0341,Unlikely to churn,0.9659,2026-08-19
5555-RNPGT,0.3867,Unlikely to churn,0.6133,2026-08-19
1057-FOGLZ,0.2845,Unlikely to churn,0.7155,2026-08-19
9300-RENDD,0.6697,Likely to churn,0.6697,2026-08-19
0761-AETCS,0.4669,Unlikely to churn,0.5331,2026-08-19
8087-LGYHQ,0.552,Likely to churn,0.552,2026-08-19
4137-BTIKL,0.6595,Likely to churn,0.6595,2026-08-19
2190-BCXEC,0.2428,Unlikely to churn,0.7572,2026-08-19
6227-FBDXH,0.0753,Unlikely to churn,0.9247,2026-08-19
2153-MREFK,0.2323,Unlikely to churn,0.7677,2026-08-19
2911-WDXMV,0.4803,Unlikely to churn,0.5197,2026-08-19
7206-PQBBZ,0.5634,Likely to churn,0.5634,2026-08-19
3106-ULWFW,0.6147,Likely to churn,0.6147,2026-08-19
0925-VYDLG,0.6713,Likely to churn,0.6713,2026-08-19
4547-FZJWE,0.0874,Unlikely to churn,0.9126,2026-08-19
7422-WNBTY,0.2837,Unlikely to churn,0.7163,2026-08-19
0842-IWYCP,0.1409,Unlikely to churn,0.8591,2026-08-19
3521-HTQTV,0.1732,Unlikely to churn,0.8268,2026-08-19
3744-ZBHON,0.4474,Unlikely to churn,0.5526,2026-08-19
3373-DIUUN,0.1889,Unlikely to churn,0.8111,2026-08-19
8383-SGHJU,0.2114,Unlikely to churn,0.7886,2026-08-19
7607-QKKTJ,0.1885,Unlikely to churn,0.8115,2026-08-19
7707-PYBBH,0.144,Unlikely to churn,0.856,2026-08-19
8984-HPEMB,0.0563,Unlikely to churn,0.9437,2026-08-19
4349-GFQHK,0.5686,Likely to churn,0.5686,2026-08-19
4139-DETXS,0.0224,Unlikely to churn,0.9776,2026-08-19
9779-DPNEJ,0.4322,Unlikely to churn,0.5678,2026-08-19
9805-FILKB,0.0976,Unlikely to churn,0.9024,2026-08-19
5793-YOLJN,0.0671,Unlikely to churn,0.9329,2026-08-19
0673-IGUQO,0.4717,Unlikely to churn,0.5283,2026-08-19
4123-FCVCB,0.4409,Unlikely to churn,0.5591,2026-08-19
8819-IMISP,0.3342,Unlikely to churn,0.6658,2026-08-19
7802-EFKNY,0.444,Unlikely to churn,0.556,2026-08-19
8311-UEUAB,0.0564,Unlikely to churn,0.9436,2026-08-19
5858-EAFCZ,0.572,Likely to churn,0.572,2026-08-19
8035-BUYVG,0.108,Unlikely to churn,0.892,2026-08-19
1163-ONYEY,0.1423,Unlikely to churn,0.8577,2026-08-19
9787-XVQIU,0.6918,Likely to churn,0.6918,2026-08-19
8945-MUQUF,0.1488,Unlikely to churn,0.8512,2026-08-19
5656-MJEFC,0.0922,Unlikely to churn,0.9078,2026-08-19
6082-OQFBA,0.2393,Unlikely to churn,0.7607,2026-08-19
8051-HJRLT,0.6745,Likely to churn,0.6745,2026-08-19
8974-OVACP,0.4704,Unlikely to churn,0.5296,2026-08-19
4010-YLMVT,0.1235,Unlikely to churn,0.8765,2026-08-19
1379-FRVEB,0.5142,Likely to churn,0.5142,2026-08-19
8612-GXIDD,0.367,Unlikely to churn,0.633,2026-08-19
6288-CHQJB,0.0771,Unlikely to churn,0.9229,2026-08-19
8160-HOWOX,0.5064,Likely to churn,0.5064,2026-08-19
3023-GFLBR,0.3347,Unlikely to churn,0.6653,2026-08-19
6648-INWPS,0.3057,Unlikely to churn,0.6943,2026-08-19
4223-BKEOR,0.3008,Unlikely to churn,0.6992,2026-08-19
4079-VTGLK,0.2504,Unlikely to churn,0.7496,2026-08-19
1763-WQFUK,0.5295,Likely to churn,0.5295,2026-08-19
1391-UBDAR,0.53,Likely to churn,0.53,2026-08-19
8894-JVDCV,0.0788,Unlikely to churn,0.9212,2026-08-19
2023-VQFDL,0.2823,Unlikely to churn,0.7177,2026-08-19
1345-GKDZZ,0.4104,Unlikely to churn,0.5896,2026-08-19
2014-MKGMH,0.1971,Unlikely to churn,0.8029,2026-08-19
5628-FCGYG,0.4602,Unlikely to churn,0.5398,2026-08-19
2560-WBWXF,0.0397,Unlikely to churn,0.9603,2026-08-19
0248-IPDFW,0.5951,Likely to churn,0.5951,2026-08-19
7978-DKUQH,0.376,Unlikely to churn,0.624,2026-08-19
4335-UPJSI,0.2312,Unlikely to churn,0.7688,2026-08-19
0524-IAVZO,0.3622,Unlikely to churn,0.6378,2026-08-19
2737-YNGYW,0.6615,Likely to churn,0.6615,2026-08-19
1784-EZDKJ,0.1515,Unlikely to churn,0.8485,2026-08-19
9297-FVVDH,0.0719,Unlikely to churn,0.9281,2026-08-19
8007-YYPWD,0.3338,Unlikely to churn,0.6662,2026-08-19
7101-HRBLJ,0.0306,Unlikely to churn,0.9694,2026-08-19
5159-YFPKQ,0.6434,Likely to churn,0.6434,2026-08-19
6635-CPNUN,0.3458,Unlikely to churn,0.6542,2026-08-19
4021-RQSNY,0.3425,Unlikely to churn,0.6575,2026-08-19
5453-YBTWV,0.0528,Unlikely to churn,0.9472,2026-08-19
5039-LZRQT,0.3365,Unlikely to churn,0.6635,2026-08-19
2931-VUVJN,0.0902,Unlikely to churn,0.9098,2026-08-19
9061-TIHDA,0.5553,Likely to churn,0.5553,2026-08-19
8699-ASUFO,0.6254,Likely to churn,0.6254,2026-08-19
6418-PIQSP,0.0546,Unlikely to churn,0.9454,2026-08-19
8220-OCUFY,0.2848,Unlikely to churn,0.7152,2026-08-19
3995-WFCSM,0.5396,Likely to churn,0.5396,2026-08-19
1895-QTKDO,0.57,Likely to churn,0.57,2026-08-19
2038-OEQZH,0.6198,Likely to churn,0.6198,2026-08-19
1178-PZGAB,0.2771,Unlikely to churn,0.7229,2026-08-19
7927-AUXBZ,0.3223,Unlikely to churn,0.6777,2026-08-19
2626-VEEWG,0.0384,Unlikely to churn,0.9616,2026-08-19
2878-RMWXY,0.0587,Unlikely to churn,0.9413,2026-08-19
1657-DYMBM,0.072,Unlikely to churn,0.928,2026-08-19
7311-MQJCH,0.4217,Unlikely to churn,0.5783,2026-08-19
7375-WMVMT,0.0547,Unlikely to churn,0.9453,2026-08-19
1136-XGEQU,0.0965,Unlikely to churn,0.9035,2026-08-19
2530-FMFXO,0.1174,Unlikely to churn,0.8826,2026-08-19
6844-DZKRF,0.5399,Likely to churn,0.5399,2026-08-19
4695-WJZUE,0.6512,Likely to churn,0.6512,2026-08-19
7619-ODSGN,0.3114,Unlikely to churn,0.6886,2026-08-19
5970-GHJAW,0.0973,Unlikely to churn,0.9027,2026-08-19
8879-XUAHX,0.0542,Unlikely to churn,0.9458,2026-08-19
3689-MOZGR,0.1942,Unlikely to churn,0.8058,2026-08-19
4195-PNGZS,0.0381,Unlikely to churn,0.9619,2026-08-19
5003-XZWWO,0.0385,Unlikely to churn,0.9615,2026-08-19
3988-RQIXO,0.672,Likely to churn,0.672,2026-08-19
7622-FWGEW,0.0646,Unlikely to churn,0.9354,2026-08-19
6922-NCEDI,0.0645,Unlikely to churn,0.9355,2026-08-19
2514-GINMM,0.668,Likely to churn,0.668,2026-08-19
9891-NQDBD,0.2156,Unlikely to churn,0.7844,2026-08-19
6131-IUNXN,0.2769,Unlikely to churn,0.7231,2026-08-19
8548-AWOFC,0.0581,Unlikely to churn,0.9419,2026-08-19
9798-DRYDS,0.3717,Unlikely to churn,0.6283,2026-08-19
8532-UEFWH,0.0823,Unlikely to churn,0.9177,2026-08-19
6296-DDOOR,0.3359,Unlikely to churn,0.6641,2026-08-19
7951-VRDVK,0.1502,Unlikely to churn,0.8498,2026-08-19
5931-FLJJF,0.6084,Likely to churn,0.6084,2026-08-19
4815-YOSUK,0.0513,Unlikely to churn,0.9487,2026-08-19
2659-VXMWZ,0.0707,Unlikely to churn,0.9293,2026-08-19
0380-NEAVX,0.2604,Unlikely to churn,0.7396,2026-08-19
3207-OYBWH,0.1174,Unlikely to churn,0.8826,2026-08-19
4285-GYRQC,0.587,Likely to churn,0.587,2026-08-19
7216-EWTRS,0.6675,Likely to churn,0.6675,2026-08-19
4365-MSDYN,0.3879,Unlikely to churn,0.6121,2026-08-19
7036-TYDEC,0.0684,Unlikely to churn,0.9316,2026-08-19
5802-ADBRC,0.1524,Unlikely to churn,0.8476,2026-08-19
8076-FEZKJ,0.3658,Unlikely to churn,0.6342,2026-08-19
5197-YPYBZ,0.3665,Unlikely to churn,0.6335,2026-08-19
8337-MSSXB,0.5062,Likely to churn,0.5062,2026-08-19
4312-GVYNH,0.0274,Unlikely to churn,0.9726,2026-08-19
8495-LJDFO,0.0776,Unlikely to churn,0.9224,2026-08-19
0839-JTCUD,0.0444,Unlikely to churn,0.9556,2026-08-19
5494-WOZRZ,0.0371,Unlikely to churn,0.9629,2026-08-19
1302-UHBDD,0.4515,Unlikely to churn,0.5485,2026-08-19
2234-EOFPT,0.034,Unlikely to churn,0.966,2026-08-19
8619-IJNDK,0.033,Unlikely to churn,0.967,2026-08-19
8378-LKJAF,0.2633,Unlikely to churn,0.7367,2026-08-19
8182-BJDSI,0.3614,Unlikely to churn,0.6386,2026-08-19
2528-HFYZX,0.4748,Unlikely to churn,0.5252,2026-08-19
1153-GNOLC,0.1601,Unlikely to churn,0.8399,2026-08-19
3298-QEICA,0.22,Unlikely to churn,0.78,2026-08-19
0788-DXBFY,0.0575,Unlikely to churn,0.9425,2026-08-19
3597-YASZG,0.0659,Unlikely to churn,0.9341,2026-08-19
3496-LFSZU,0.6428,Likely to churn,0.6428,2026-08-19
5242-UOWHD,0.1021,Unlikely to churn,0.8979,2026-08-19
2482-CZGBB,0.574,Likely to churn,0.574,2026-08-19
6479-SZPLM,0.1458,Unlikely to churn,0.8542,2026-08-19
8097-VBQTZ,0.077,Unlikely to churn,0.923,2026-08-19
4500-HKANN,0.3008,Unlikely to churn,0.6992,2026-08-19
9917-KWRBE,0.1502,Unlikely to churn,0.8498,2026-08-19
3420-ZDBMA,0.6357,Likely to churn,0.6357,2026-08-19
2212-LYASK,0.191,Unlikely to churn,0.809,2026-08-19
1393-IMKZG,0.6488,Likely to churn,0.6488,2026-08-19
8069-RHUXK,0.0354,Unlikely to churn,0.9646,2026-08-19
3398-GCPMU,0.0337,Unlikely to churn,0.9663,2026-08-19
2908-WGAXL,0.0684,Unlikely to churn,0.9316,2026-08-19
3378-AJRAO,0.1139,Unlikely to churn,0.8861,2026-08-19
1013-QCWAM,0.0874,Unlikely to churn,0.9126,2026-08-19
0866-QLSIR,0.1885,Unlikely to churn,0.8115,2026-08-19
6050-FFXES,0.0698,Unlikely to churn,0.9302,2026-08-19
7181-BQYBV,0.6328,Likely to churn,0.6328,2026-08-19
0362-RAOQO,0.1243,Unlikely to churn,0.8757,2026-08-19
9554-DFKIC,0.2536,Unlikely to churn,0.7464,2026-08-19
5527-ACHSO,0.4303,Unlikely to churn,0.5697,2026-08-19
0829-DDVLK,0.3155,Unlikely to churn,0.6845,2026-08-19
1399-UBQIU,0.4256,Unlikely to churn,0.5744,2026-08-19
1813-JLKWR,0.0442,Unlikely to churn,0.9558,2026-08-19
0336-PIKEI,0.0314,Unlikely to churn,0.9686,2026-08-19
7322-OCWHC,0.0504,Unlikely to churn,0.9496,2026-08-19
9537-VHDTA,0.5556,Likely to churn,0.5556,2026-08-19
4957-TIALW,0.3251,Unlikely to churn,0.6749,2026-08-19
2054-PJOCK,0.0701,Unlikely to churn,0.9299,2026-08-19
9150-HEPMB,0.0755,Unlikely to churn,0.9245,2026-08-19
9030-QGZNL,0.3931,Unlikely to churn,0.6069,2026-08-19
6204-IEUXJ,0.6072,Likely to churn,0.6072,2026-08-19
3126-WQMGH,0.1386,Unlikely to churn,0.8614,2026-08-19
4529-CKBCL,0.6602,Likely to churn,0.6602,2026-08-19
2506-CLAKW,0.5145,Likely to churn,0.5145,2026-08-19
7176-WRTNX,0.0554,Unlikely to churn,0.9446,2026-08-19
1583-IHQZE,0.5065,Likely to churn,0.5065,2026-08-19
5732-IKGQH,0.1203,Unlikely to churn,0.8797,2026-08-19
9239-GZHZE,0.0497,Unlikely to churn,0.9503,2026-08-19
7205-BAIAD,0.1261,Unlikely to churn,0.8739,2026-08-19
0151-ONTOV,0.6758,Likely to churn,0.6758,2026-08-19
4140-MUHUG,0.6339,Likely to churn,0.6339,2026-08-19
0093-EXYQL,0.249,Unlikely to churn,0.751,2026-08-19
8064-RAVOH,0.55,Likely to churn,0.55,2026-08-19
0219-QAERP,0.1852,Unlikely to churn,0.8148,2026-08-19
0320-JDNQG,0.3707,Unlikely to churn,0.6293,2026-08-19
7180-PISOG,0.6889,Likely to churn,0.6889,2026-08-19
9168-INPSZ,0.1916,Unlikely to churn,0.8084,2026-08-19
3571-RFHAR,0.0746,Unlikely to churn,0.9254,2026-08-19
0015-UOCOJ,0.4731,Unlikely to churn,0.5269,2026-08-19
5334-AFQJB,0.0336,Unlikely to churn,0.9664,2026-08-19
2754-SDJRD,0.5886,Likely to churn,0.5886,2026-08-19
9578-VRMNM,0.3957,Unlikely to churn,0.6043,2026-08-19
1587-FKLZB,0.0857,Unlikely to churn,0.9143,2026-08-19
6140-QNRQQ,0.6782,Likely to churn,0.6782,2026-08-19
8963-JLGJT,0.5072,Likely to churn,0.5072,2026-08-19
4307-KTUMW,0.1355,Unlikely to churn,0.8645,2026-08-19
1465-LNTLJ,0.4396,Unlikely to churn,0.5604,2026-08-19
5440-FLBQG,0.0619,Unlikely to churn,0.9381,2026-08-19
2135-DQWAQ,0.6057,Likely to churn,0.6057,2026-08-19
4056-QHXHZ,0.0534,Unlikely to churn,0.9466,2026-08-19
7470-MCQTK,0.3231,Unlikely to churn,0.6769,2026-08-19
7488-MXJIV,0.6597,Likely to churn,0.6597,2026-08-19
7401-JIXNM,0.077,Unlikely to churn,0.923,2026-08-19
9339-FIIJL,0.0378,Unlikely to churn,0.9622,2026-08-19
2027-FECZV,0.5252,Likely to churn,0.5252,2026-08-19
2672-DZUOY,0.4914,Unlikely to churn,0.5086,2026-08-19
4706-DGAHW,0.5751,Likely to churn,0.5751,2026-08-19
3870-MQAMG,0.1209,Unlikely to churn,0.8791,2026-08-19
6670-MFRPK,0.0767,Unlikely to churn,0.9233,2026-08-19
6177-PEVRA,0.1106,Unlikely to churn,0.8894,2026-08-19
4800-CZMPC,0.1622,Unlikely to churn,0.8378,2026-08-19
4813-HQMGZ,0.5919,Likely to churn,0.5919,2026-08-19
7579-KKLOE,0.0362,Unlikely to churn,0.9638,2026-08-19
7377-DMMRI,0.5298,Likely to churn,0.5298,2026-08-19
8402-EIVQS,0.071,Unlikely to churn,0.929,2026-08-19
4947-DSMXK,0.2891,Unlikely to churn,0.7109,2026-08-19
7245-NIIWQ,0.651,Likely to churn,0.651,2026-08-19
0002-ORFBO,0.4331,Unlikely to churn,0.5669,2026-08-19
3324-OIRTO,0.0534,Unlikely to churn,0.9466,2026-08-19
5414-OFQCB,0.1281,Unlikely to churn,0.8719,2026-08-19
4967-WPNCF,0.0221,Unlikely to churn,0.9779,2026-08-19
8552-OBVRU,0.1417,Unlikely to churn,0.8583,2026-08-19
8499-BRXTD,0.286,Unlikely to churn,0.714,2026-08-19
9154-QDGTH,0.1994,Unlikely to churn,0.8006,2026-08-19
8197-BFWVU,0.0358,Unlikely to churn,0.9642,2026-08-19
2577-GVSIL,0.2052,Unlikely to churn,0.7948,2026-08-19
9367-OIUXP,0.4379,Unlikely to churn,0.5621,2026-08-19
6770-UAYGJ,0.0929,Unlikely to churn,0.9071,2026-08-19
6463-HHXJR,0.0593,Unlikely to churn,0.9407,2026-08-19
7928-VJYAB,0.5591,Likely to churn,0.5591,2026-08-19
1187-WILMM,0.0503,Unlikely to churn,0.9497,2026-08-19
9776-OJUZI,0.084,Unlikely to churn,0.916,2026-08-19
1306-RPWXZ,0.0863,Unlikely to churn,0.9137,2026-08-19
8949-JTMAY,0.3428,Unlikely to churn,0.6572,2026-08-19
2774-LVQUS,0.4808,Unlikely to churn,0.5192,2026-08-19
3097-PYWXL,0.4348,Unlikely to churn,0.5652,2026-08-19
2266-SJNAT,0.0549,Unlikely to churn,0.9451,2026-08-19
0869-PAPRP,0.3666,Unlikely to churn,0.6334,2026-08-19
4238-JSSWH,0.2945,Unlikely to churn,0.7055,2026-08-19
2972-YDYUW,0.1164,Unlikely to churn,0.8836,2026-08-19
1104-FEJAM,0.2692,Unlikely to churn,0.7308,2026-08-19
2809-ILCYT,0.2442,Unlikely to churn,0.7558,2026-08-19
5499-ECUTN,0.115,Unlikely to churn,0.885,2026-08-19
4981-FLTMF,0.0743,Unlikely to churn,0.9257,2026-08-19
9121-PHQSR,0.5226,Likely to churn,0.5226,2026-08-19
3113-IWHLC,0.4833,Unlikely to churn,0.5167,2026-08-19
3211-ILJTT,0.4944,Unlikely to churn,0.5056,2026-08-19
4612-THJBS,0.1201,Unlikely to churn,0.8799,2026-08-19
4277-BWBML,0.0309,Unlikely to churn,0.9691,2026-08-19
4094-NSEDU,0.4578,Unlikely to churn,0.5422,2026-08-19
0234-TEVTT,0.0801,Unlikely to churn,0.9199,2026-08-19
4304-TSPVK,0.0605,Unlikely to churn,0.9395,2026-08-19
1552-AAGRX,0.3216,Unlikely to churn,0.6784,2026-08-19
2637-FKFSY,0.5558,Likely to churn,0.5558,2026-08-19
9796-MVYXX,0.2812,Unlikely to churn,0.7188,2026-08-19
7874-ECPQJ,0.4353,Unlikely to churn,0.5647,2026-08-19
0020-INWCK,0.0651,Unlikely to churn,0.9349,2026-08-19
7089-RKVSZ,0.4074,Unlikely to churn,0.5926,2026-08-19
2683-JXWQQ,0.0448,Unlikely to churn,0.9552,2026-08-19
9548-ZMVTX,0.0573,Unlikely to churn,0.9427,2026-08-19
8739-XNIKG,0.6428,Likely to churn,0.6428,2026-08-19
9755-JHNMN,0.0918,Unlikely to churn,0.9082,2026-08-19
3981-QSVQI,0.3885,Unlikely to churn,0.6115,2026-08-19
2789-HQBOU,0.6502,Likely to churn,0.6502,2026-08-19
9424-CMPOG,0.3771,Unlikely to churn,0.6229,2026-08-19
5067-WJEUN,0.0476,Unlikely to churn,0.9524,2026-08-19
3450-WXOAT,0.1414,Unlikely to churn,0.8586,2026-08-19
9251-WNSOD,0.0472,Unlikely to churn,0.9528,2026-08-19
6974-DAFLI,0.0658,Unlikely to churn,0.9342,2026-08-19
2616-UUTFK,0.1896,Unlikely to churn,0.8104,2026-08-19
7064-JHXCE,0.0486,Unlikely to churn,0.9514,2026-08-19
5103-MHMHY,0.5782,Likely to churn,0.5782,2026-08-19
7989-AWGEH,0.0828,Unlikely to churn,0.9172,2026-08-19
4373-VVHQL,0.5733,Likely to churn,0.5733,2026-08-19
4559-UWIHT,0.4909,Unlikely to churn,0.5091,2026-08-19
7268-IGMFD,0.4465,Unlikely to churn,0.5535,2026-08-19
1846-XWOQN,0.6731,Likely to churn,0.6731,2026-08-19
0235-KGSLC,0.6504,Likely to churn,0.6504,2026-08-19
6650-BWFRT,0.0526,Unlikely to churn,0.9474,2026-08-19
9570-KYEUA,0.0789,Unlikely to churn,0.9211,2026-08-19
6993-YGFJV,0.0558,Unlikely to churn,0.9442,2026-08-19
2712-SYWAY,0.4937,Unlikely to churn,0.5063,2026-08-19
0730-BGQGF,0.0357,Unlikely to churn,0.9643,2026-08-19
5498-IBWPI,0.0547,Unlikely to churn,0.9453,2026-08-19
9101-NTIXF,0.4557,Unlikely to churn,0.5443,2026-08-19
0013-SMEOE,0.0488,Unlikely to churn,0.9512,2026-08-19
9314-QDMDW,0.4364,Unlikely to churn,0.5636,2026-08-19
9308-ANMVE,0.115,Unlikely to churn,0.885,2026-08-19
2884-GBPFB,0.2959,Unlikely to churn,0.7041,2026-08-19
3757-NJYBX,0.3013,Unlikely to churn,0.6987,2026-08-19
3413-DHLPB,0.1002,Unlikely to churn,0.8998,2026-08-19
7649-PHJVR,0.355,Unlikely to churn,0.645,2026-08-19
6114-TCFID,0.1619,Unlikely to churn,0.8381,2026-08-19
3787-TRIAL,0.2778,Unlikely to churn,0.7222,2026-08-19
2573-GYRUU,0.1844,Unlikely to churn,0.8156,2026-08-19
5156-UMKOW,0.4422,Unlikely to churn,0.5578,2026-08-19
1247-QBVSH,0.1469,Unlikely to churn,0.8531,2026-08-19
6734-GMPVK,0.5999,Likely to churn,0.5999,2026-08-19
9822-OAOVB,0.5732,Likely to churn,0.5732,2026-08-19
6161-ERDGD,0.0393,Unlikely to churn,0.9607,2026-08-19
1226-JZNKR,0.3889,Unlikely to churn,0.6111,2026-08-19
7318-EIVKO,0.5078,Likely to churn,0.5078,2026-08-19
3771-PZOBW,0.4546,Unlikely to churn,0.5454,2026-08-19
5136-KCKGI,0.2824,Unlikely to churn,0.7176,2026-08-19
8231-BSWXX,0.0701,Unlikely to churn,0.9299,2026-08-19
6486-LHTMA,0.3325,Unlikely to churn,0.6675,2026-08-19
4083-BFNYK,0.2437,Unlikely to churn,0.7563,2026-08-19
3722-WPXTK,0.661,Likely to churn,0.661,2026-08-19
7389-KBFIT,0.4562,Unlikely to churn,0.5438,2026-08-19
7176-WIONM,0.3375,Unlikely to churn,0.6625,2026-08-19
5141-ZUVBH,0.5028,Likely to churn,0.5028,2026-08-19
1089-HDMKP,0.4089,Unlikely to churn,0.5911,2026-08-19
7623-HKYRK,0.411,Unlikely to churn,0.589,2026-08-19
0310-SUCIN,0.0326,Unlikely to churn,0.9674,2026-08-19
5197-PYEPU,0.2093,Unlikely to churn,0.7907,2026-08-19
2929-ERCFZ,0.5642,Likely to churn,0.5642,2026-08-19
7548-SEPYI,0.6066,Likely to churn,0.6066,2026-08-19
8835-VSDSE,0.6647,Likely to churn,0.6647,2026-08-19
6619-RPLQZ,0.1029,Unlikely to churn,0.8971,2026-08-19
3275-RHRNE,0.1662,Unlikely to churn,0.8338,2026-08-19
3503-TYDAY,0.2226,Unlikely to churn,0.7774,2026-08-19
6901-GOGZG,0.0635,Unlikely to churn,0.9365,2026-08-19
1623-NLDOT,0.1023,Unlikely to churn,0.8977,2026-08-19
7021-XSNYE,0.3489,Unlikely to churn,0.6511,2026-08-19
9621-OUPYD,0.2243,Unlikely to churn,0.7757,2026-08-19
9898-KZQDZ,0.2586,Unlikely to churn,0.7414,2026-08-19
8982-NHAVY,0.3716,Unlikely to churn,0.6284,2026-08-19
4307-KWMXE,0.3458,Unlikely to churn,0.6542,2026-08-19
0141-YEAYS,0.3587,Unlikely to churn,0.6413,2026-08-19
2450-ZKEED,0.4059,Unlikely to churn,0.5941,2026-08-19
3694-DELSO,0.4232,Unlikely to churn,0.5768,2026-08-19
3893-JRNFS,0.0362,Unlikely to churn,0.9638,2026-08-19
9603-OAIHC,0.6727,Likely to churn,0.6727,2026-08-19
1133-KXCGE,0.286,Unlikely to churn,0.714,2026-08-19
5236-PERKL,0.111,Unlikely to churn,0.889,2026-08-19
0142-GVYSN,0.2165,Unlikely to churn,0.7835,2026-08-19
1049-FYSYG,0.2755,Unlikely to churn,0.7245,2026-08-19
7854-FOKSF,0.4916,Unlikely to churn,0.5084,2026-08-19
2519-FAKOD,0.2571,Unlikely to churn,0.7429,2026-08-19
8406-LNMHF,0.0897,Unlikely to churn,0.9103,2026-08-19
1821-BUCWY,0.2246,Unlikely to churn,0.7754,2026-08-19
8263-JQAIK,0.4768,Unlikely to churn,0.5232,2026-08-19
0023-UYUPN,0.0889,Unlikely to churn,0.9111,2026-08-19
8314-DPQHL,0.3322,Unlikely to churn,0.6678,2026-08-19
1465-WCZVT,0.4451,Unlikely to churn,0.5549,2026-08-19
9481-SFCQY,0.3964,Unlikely to churn,0.6036,2026-08-19
6360-SVNWV,0.3089,Unlikely to churn,0.6911,2026-08-19
0567-GGCAC,0.4387,Unlikely to churn,0.5613,2026-08-19
7089-IVVAZ,0.5577,Likely to churn,0.5577,2026-08-19
8884-MRNSU,0.295,Unlikely to churn,0.705,2026-08-19
2171-UDMFD,0.1707,Unlikely to churn,0.8293,2026-08-19
9050-IKDZA,0.665,Likely to churn,0.665,2026-08-19
2205-YMZZJ,0.6242,Likely to churn,0.6242,2026-08-19
9802-CAQUT,0.0552,Unlikely to churn,0.9448,2026-08-19
1254-IZEYF,0.327,Unlikely to churn,0.673,2026-08-19
0187-WZNAB,0.3535,Unlikely to churn,0.6465,2026-08-19
9492-TOKRI,0.475,Unlikely to churn,0.525,2026-08-19
1475-VWVDO,0.5844,Likely to churn,0.5844,2026-08-19
9221-OTIVJ,0.4941,Unlikely to churn,0.5059,2026-08-19
1357-MVDOZ,0.4298,Unlikely to churn,0.5702,2026-08-19
7602-MVRMB,0.056,Unlikely to churn,0.944,2026-08-19
3325-FUYCG,0.3412,Unlikely to churn,0.6588,2026-08-19
5908-QMGOE,0.5337,Likely to churn,0.5337,2026-08-19
1197-BVMVG,0.6579,Likely to churn,0.6579,2026-08-19
5406-KGRMX,0.0349,Unlikely to churn,0.9651,2026-08-19
8481-YYXWG,0.5786,Likely to churn,0.5786,2026-08-19
5968-HYJRZ,0.1,Unlikely to churn,0.9,2026-08-19
5198-EFNBM,0.1096,Unlikely to churn,0.8904,2026-08-19
7516-GMHUV,0.1538,Unlikely to churn,0.8462,2026-08-19
7140-ADSMJ,0.3915,Unlikely to churn,0.6085,2026-08-19
2230-XTUWL,0.0888,Unlikely to churn,0.9112,2026-08-19
7706-YLMQA,0.0337,Unlikely to churn,0.9663,2026-08-19
2585-KTFRE,0.5016,Likely to churn,0.5016,2026-08-19
7994-UYIVZ,0.6165,Likely to churn,0.6165,2026-08-19
2609-IAICY,0.6984,Likely to churn,0.6984,2026-08-19
1740-CSDJP,0.4888,Unlikely to churn,0.5112,2026-08-19
7717-BICXI,0.0535,Unlikely to churn,0.9465,2026-08-19
6559-RAKOZ,0.1683,Unlikely to churn,0.8317,2026-08-19
2636-OHFMN,0.4202,Unlikely to churn,0.5798,2026-08-19
4716-MRVEN,0.1929,Unlikely to churn,0.8071,2026-08-19
2143-LJULT,0.0422,Unlikely to churn,0.9578,2026-08-19
1323-OOEPC,0.1446,Unlikely to churn,0.8554,2026-08-19
3200-MNQTF,0.0442,Unlikely to churn,0.9558,2026-08-19
6164-HXUGH,0.4116,Unlikely to churn,0.5884,2026-08-19
5630-IXDXV,0.1761,Unlikely to churn,0.8239,2026-08-19
0320-DWVTU,0.1072,Unlikely to churn,0.8928,2026-08-19
9135-MGVPY,0.0357,Unlikely to churn,0.9643,2026-08-19
1212-GLHMD,0.6307,Likely to churn,0.6307,2026-08-19
7878-JGDKK,0.5378,Likely to churn,0.5378,2026-08-19
1088-AUUZZ,0.0775,Unlikely to churn,0.9225,2026-08-19
0397-GZBBC,0.1241,Unlikely to churn,0.8759,2026-08-19
6614-YWYSC,0.0549,Unlikely to churn,0.9451,2026-08-19
9588-OZDMQ,0.5628,Likely to churn,0.5628,2026-08-19
7641-EUYET,0.1692,Unlikely to churn,0.8308,2026-08-19
6476-EPYZR,0.3481,Unlikely to churn,0.6519,2026-08-19
9921-ZVRHG,0.5266,Likely to churn,0.5266,2026-08-19
1174-FGIFN,0.3634,Unlikely to churn,0.6366,2026-08-19
6620-HVDUJ,0.2577,Unlikely to churn,0.7423,2026-08-19
4701-MLJPN,0.2154,Unlikely to churn,0.7846,2026-08-19
1032-MAELW,0.0401,Unlikely to churn,0.9599,2026-08-19
7641-TQFHN,0.2524,Unlikely to churn,0.7476,2026-08-19
1552-TKMXS,0.1157,Unlikely to churn,0.8843,2026-08-19
9206-GVPEQ,0.3049,Unlikely to churn,0.6951,2026-08-19
8622-ZLFKO,0.6163,Likely to churn,0.6163,2026-08-19
1596-BBVTG,0.3139,Unlikely to churn,0.6861,2026-08-19
6188-UXBBR,0.1361,Unlikely to churn,0.8639,2026-08-19
2333-KWEWW,0.2858,Unlikely to churn,0.7142,2026-08-19
5702-SKUOB,0.4334,Unlikely to churn,0.5666,2026-08-19
1134-YWTYF,0.2442,Unlikely to churn,0.7558,2026-08-19
6061-GWWAV,0.1336,Unlikely to churn,0.8664,2026-08-19
0679-TDGAK,0.0996,Unlikely to churn,0.9004,2026-08-19
6585-WCEWR,0.0311,Unlikely to churn,0.9689,2026-08-19
9067-YGSCA,0.0374,Unlikely to churn,0.9626,2026-08-19
9067-SQTNS,0.1069,Unlikely to churn,0.8931,2026-08-19
8433-WXGNA,0.643,Likely to churn,0.643,2026-08-19
1776-SPBWV,0.1593,Unlikely to churn,0.8407,2026-08-19
8735-SDUFN,0.0332,Unlikely to churn,0.9668,2026-08-19
9668-PUGNU,0.0348,Unlikely to churn,0.9652,2026-08-19
9405-GPBBG,0.0795,Unlikely to churn,0.9205,2026-08-19
1926-QUZNN,0.0337,Unlikely to churn,0.9663,2026-08-19
3707-GNWHM,0.688,Likely to churn,0.688,2026-08-19
7016-NVRIC,0.3114,Unlikely to churn,0.6886,2026-08-19
5829-NVSQN,0.2589,Unlikely to churn,0.7411,2026-08-19
9565-AXSMR,0.0744,Unlikely to churn,0.9256,2026-08-19
8922-LIEGH,0.3934,Unlikely to churn,0.6066,2026-08-19
8869-LIHMK,0.0723,Unlikely to churn,0.9277,2026-08-19
8245-UMPYT,0.5252,Likely to churn,0.5252,2026-08-19
5186-SAMNZ,0.6707,Likely to churn,0.6707,2026-08-19
0447-RXSGD,0.4015,Unlikely to churn,0.5985,2026-08-19
4927-WWOOZ,0.6622,Likely to churn,0.6622,2026-08-19
5788-YPOEG,0.16,Unlikely to churn,0.84,2026-08-19
5373-SFODM,0.301,Unlikely to churn,0.699,2026-08-19
0661-KBKPA,0.0921,Unlikely to churn,0.9079,2026-08-19
9081-WWXKP,0.0937,Unlikely to churn,0.9063,2026-08-19
0784-ZQJZX,0.0309,Unlikely to churn,0.9691,2026-08-19
3133-PZNSR,0.0543,Unlikely to churn,0.9457,2026-08-19
5766-ZJYBB,0.4673,Unlikely to churn,0.5327,2026-08-19
8931-GJJIQ,0.5959,Likely to churn,0.5959,2026-08-19
4277-PVRAN,0.5942,Likely to churn,0.5942,2026-08-19
0022-TCJCI,0.1189,Unlikely to churn,0.8811,2026-08-19
0722-SVSFK,0.557,Likely to churn,0.557,2026-08-19
3612-YVGSJ,0.0348,Unlikely to churn,0.9652,2026-08-19
9825-YCXWZ,0.2058,Unlikely to churn,0.7942,2026-08-19
5397-NSKQG,0.038,Unlikely to churn,0.962,2026-08-19
8565-HBFNN,0.0607,Unlikely to churn,0.9393,2026-08-19
2000-DHJUY,0.0385,Unlikely to churn,0.9615,2026-08-19
0203-HHYIJ,0.2396,Unlikely to churn,0.7604,2026-08-19
8670-ERCJH,0.0495,Unlikely to churn,0.9505,2026-08-19
7758-UJWYS,0.1571,Unlikely to churn,0.8429,2026-08-19
2050-ONYDQ,0.0467,Unlikely to churn,0.9533,2026-08-19
7055-JCGNI,0.0529,Unlikely to churn,0.9471,2026-08-19
0739-UUAJR,0.0267,Unlikely to churn,0.9733,2026-08-19
4826-DXMUP,0.2015,Unlikely to churn,0.7985,2026-08-19
0952-KMEEH,0.5226,Likely to churn,0.5226,2026-08-19
7285-KLOTR,0.4092,Unlikely to churn,0.5908,2026-08-19
0654-PQKDW,0.055,Unlikely to churn,0.945,2026-08-19
7175-NTIXE,0.2648,Unlikely to churn,0.7352,2026-08-19
7963-SHNDT,0.0614,Unlikely to churn,0.9386,2026-08-19
9796-BPKIW,0.5965,Likely to churn,0.5965,2026-08-19
0188-GWFLE,0.4584,Unlikely to churn,0.5416,2026-08-19
8129-GMVGI,0.0633,Unlikely to churn,0.9367,2026-08-19
2882-DDZPG,0.3441,Unlikely to churn,0.6559,2026-08-19
3547-LQRIK,0.1036,Unlikely to churn,0.8964,2026-08-19
9137-NOQKA,0.4548,Unlikely to churn,0.5452,2026-08-19
5843-TTHGI,0.3561,Unlikely to churn,0.6439,2026-08-19
1849-RJYIG,0.4659,Unlikely to churn,0.5341,2026-08-19
8868-GAGIO,0.1891,Unlikely to churn,0.8109,2026-08-19
4061-UKJWL,0.5531,Likely to churn,0.5531,2026-08-19
5380-XPJNZ,0.1357,Unlikely to churn,0.8643,2026-08-19
8263-QMNTJ,0.0512,Unlikely to churn,0.9488,2026-08-19
8178-EYZUO,0.1782,Unlikely to churn,0.8218,2026-08-19
3230-JCNZS,0.0579,Unlikely to churn,0.9421,2026-08-19
0277-ORXQS,0.0395,Unlikely to churn,0.9605,2026-08-19
5130-IEKQT,0.3728,Unlikely to churn,0.6272,2026-08-19
3230-WYKIR,0.3555,Unlikely to churn,0.6445,2026-08-19
7996-BPXHY,0.3547,Unlikely to churn,0.6453,2026-08-19
3227-WLKLI,0.0477,Unlikely to churn,0.9523,2026-08-19
0407-BDJKB,0.1044,Unlikely to churn,0.8956,2026-08-19
2266-FUBDZ,0.3128,Unlikely to churn,0.6872,2026-08-19
8237-ULIXL,0.0335,Unlikely to churn,0.9665,2026-08-19
9600-UDOPK,0.3558,Unlikely to churn,0.6442,2026-08-19
8216-AZUUZ,0.1964,Unlikely to churn,0.8036,2026-08-19
9153-BTBVV,0.0351,Unlikely to churn,0.9649,2026-08-19
4074-SJFFA,0.5703,Likely to churn,0.5703,2026-08-19
3269-ATYWD,0.2713,Unlikely to churn,0.7287,2026-08-19
5186-PEIZU,0.1513,Unlikely to churn,0.8487,2026-08-19
1074-AMIOH,0.1222,Unlikely to churn,0.8778,2026-08-19
4910-GMJOT,0.6841,Likely to churn,0.6841,2026-08-19
0354-WYROK,0.2851,Unlikely to churn,0.7149,2026-08-19
4361-FEBGN,0.0896,Unlikely to churn,0.9104,2026-08-19
7748-UMTRK,0.3425,Unlikely to churn,0.6575,2026-08-19
0380-ZCSBI,0.3677,Unlikely to churn,0.6323,2026-08-19
7145-FEJWU,0.5193,Likely to churn,0.5193,2026-08-19
6463-MVYRY,0.0676,Unlikely to churn,0.9324,2026-08-19
3969-JQABI,0.0712,Unlikely to churn,0.9288,2026-08-19
9624-EGDEQ,0.1407,Unlikely to churn,0.8593,2026-08-19
1051-EQPZR,0.1053,Unlikely to churn,0.8947,2026-08-19
5849-ASHZJ,0.208,Unlikely to churn,0.792,2026-08-19
5780-INQIK,0.4664,Unlikely to churn,0.5336,2026-08-19
7576-OYWBN,0.6743,Likely to churn,0.6743,2026-08-19
4526-ZJJTM,0.3464,Unlikely to churn,0.6536,2026-08-19
8384-FZBJK,0.127,Unlikely to churn,0.873,2026-08-19
3750-RNQKR,0.3441,Unlikely to churn,0.6559,2026-08-19
0962-CQPWQ,0.0488,Unlikely to churn,0.9512,2026-08-19
3096-YXENJ,0.0728,Unlikely to churn,0.9272,2026-08-19
1265-BCFEO,0.043,Unlikely to churn,0.957,2026-08-19
5837-LXSDN,0.3177,Unlikely to churn,0.6823,2026-08-19
5945-AZYHT,0.0578,Unlikely to churn,0.9422,2026-08-19
8325-QRPZR,0.5854,Likely to churn,0.5854,2026-08-19
6384-VMJHP,0.0307,Unlikely to churn,0.9693,2026-08-19
2262-SLNVK,0.6729,Likely to churn,0.6729,2026-08-19
7730-CLDSV,0.0551,Unlikely to churn,0.9449,2026-08-19
1135-HIORI,0.0807,Unlikely to churn,0.9193,2026-08-19
0164-APGRB,0.0507,Unlikely to churn,0.9493,2026-08-19
6481-ESCNL,0.3503,Unlikely to churn,0.6497,2026-08-19
1790-NESIO,0.3372,Unlikely to churn,0.6628,2026-08-19
1550-EENBN,0.3041,Unlikely to churn,0.6959,2026-08-19
5539-TMZLF,0.6716,Likely to churn,0.6716,2026-08-19
4323-SADQS,0.3733,Unlikely to churn,0.6267,2026-08-19
4446-BZKHU,0.0987,Unlikely to churn,0.9013,2026-08-19
5202-IVJNU,0.129,Unlikely to churn,0.871,2026-08-19
5976-JCJRH,0.5753,Likely to churn,0.5753,2026-08-19
8198-RKSZG,0.3932,Unlikely to churn,0.6068,2026-08-19
0137-OCGAB,0.6706,Likely to churn,0.6706,2026-08-19
3351-NQLDI,0.0758,Unlikely to churn,0.9242,2026-08-19
9297-EONCV,0.0347,Unlikely to churn,0.9653,2026-08-19
7593-JNWRU,0.5146,Likely to churn,0.5146,2026-08-19
4588-YBNIB,0.4681,Unlikely to churn,0.5319,2026-08-19
1069-QJOEE,0.2234,Unlikely to churn,0.7766,2026-08-19
3336-JORSO,0.2691,Unlikely to churn,0.7309,2026-08-19
7799-DSEWS,0.3048,Unlikely to churn,0.6952,2026-08-19
8766-PAFNE,0.0354,Unlikely to churn,0.9646,2026-08-19
5315-CKEQK,0.2966,Unlikely to churn,0.7034,2026-08-19
3130-ICDUP,0.6615,Likely to churn,0.6615,2026-08-19
0820-FNRNX,0.3486,Unlikely to churn,0.6514,2026-08-19
0880-FVFWF,0.1257,Unlikely to churn,0.8743,2026-08-19
4611-ANLQC,0.0432,Unlikely to churn,0.9568,2026-08-19
4213-HKBJO,0.1791,Unlikely to churn,0.8209,2026-08-19
2792-LSHWX,0.5997,Likely to churn,0.5997,2026-08-19
5028-GZLDO,0.6647,Likely to churn,0.6647,2026-08-19
0014-BMAQU,0.0914,Unlikely to churn,0.9086,2026-08-19
6861-XWTWQ,0.5963,Likely to churn,0.5963,2026-08-19
9018-PCIOK,0.0804,Unlikely to churn,0.9196,2026-08-19
4837-QUSFT,0.0766,Unlikely to churn,0.9234,2026-08-19
6877-TJMBR,0.6475,Likely to churn,0.6475,2026-08-19
9953-ZMKSM,0.0505,Unlikely to churn,0.9495,2026-08-19
0907-HQNTS,0.0538,Unlikely to churn,0.9462,2026-08-19
7665-NKLAV,0.1243,Unlikely to churn,0.8757,2026-08-19
6769-DCQLI,0.1213,Unlikely to churn,0.8787,2026-08-19
2433-KMEAS,0.3307,Unlikely to churn,0.6693,2026-08-19
4391-LNRXK,0.3625,Unlikely to churn,0.6375,2026-08-19
8250-ZNGGW,0.4556,Unlikely to churn,0.5444,2026-08-19
2195-ZRVAX,0.177,Unlikely to churn,0.823,2026-08-19
3550-SAHFP,0.3243,Unlikely to churn,0.6757,2026-08-19
2011-TRQYE,0.2592,Unlikely to churn,0.7408,2026-08-19
8562-GHPPI,0.469,Unlikely to churn,0.531,2026-08-19
5893-PYOLZ,0.072,Unlikely to churn,0.928,2026-08-19
4986-MXSFP,0.4582,Unlikely to churn,0.5418,2026-08-19
6131-FOYAS,0.1967,Unlikely to churn,0.8033,2026-08-19
3027-YNWZU,0.0481,Unlikely to churn,0.9519,2026-08-19
5609-IMCGG,0.4863,Unlikely to churn,0.5137,2026-08-19
4873-ILOLJ,0.4073,Unlikely to churn,0.5927,2026-08-19
4727-MCYZG,0.5736,Likely to churn,0.5736,2026-08-19
9481-WHGWY,0.0415,Unlikely to churn,0.9585,2026-08-19
2725-KXXWT,0.67,Likely to churn,0.67,2026-08-19
9565-DJPIB,0.6337,Likely to churn,0.6337,2026-08-19
4328-VUFWD,0.1681,Unlikely to churn,0.8319,2026-08-19
3301-LSLWQ,0.2656,Unlikely to churn,0.7344,2026-08-19
7473-ZBDSN,0.3209,Unlikely to churn,0.6791,2026-08-19
3166-PNEOF,0.0622,Unlikely to churn,0.9378,2026-08-19
5639-NTUPK,0.4199,Unlikely to churn,0.5801,2026-08-19
8780-YRMTT,0.0316,Unlikely to churn,0.9684,2026-08-19
8348-HFYIV,0.4461,Unlikely to churn,0.5539,2026-08-19
5140-FOMCQ,0.0964,Unlikely to churn,0.9036,2026-08-19
6242-SGYTS,0.0948,Unlikely to churn,0.9052,2026-08-19
8166-ORCHU,0.2492,Unlikely to churn,0.7508,2026-08-19
8414-OOEEL,0.0446,Unlikely to churn,0.9554,2026-08-19
8454-AATJP,0.0508,Unlikely to churn,0.9492,2026-08-19
6849-WLEYG,0.4688,Unlikely to churn,0.5312,2026-08-19
4659-NZRUF,0.4401,Unlikely to churn,0.5599,2026-08-19
4531-AUZNK,0.1495,Unlikely to churn,0.8505,2026-08-19
4191-XOVOM,0.0905,Unlikely to churn,0.9095,2026-08-19
2150-OEGBV,0.2082,Unlikely to churn,0.7918,2026-08-19
8429-XIBUM,0.4312,Unlikely to churn,0.5688,2026-08-19
1855-CFULU,0.4353,Unlikely to churn,0.5647,2026-08-19
4878-BUNFV,0.1163,Unlikely to churn,0.8837,2026-08-19
1872-EBWSC,0.1938,Unlikely to churn,0.8062,2026-08-19
2608-BHKFN,0.6411,Likely to churn,0.6411,2026-08-19
7026-YMSBE,0.1849,Unlikely to churn,0.8151,2026-08-19
7341-LXCAF,0.6586,Likely to churn,0.6586,2026-08-19
6997-UVGOX,0.033,Unlikely to churn,0.967,2026-08-19
9674-EHPPG,0.0813,Unlikely to churn,0.9187,2026-08-19
9462-MJUAW,0.5621,Likely to churn,0.5621,2026-08-19
8128-YVJRG,0.6037,Likely to churn,0.6037,2026-08-19
5440-VHLUL,0.0697,Unlikely to churn,0.9303,2026-08-19
5781-BKHOP,0.0568,Unlikely to churn,0.9432,2026-08-19
4283-FUTGF,0.4657,Unlikely to churn,0.5343,2026-08-19
5213-TWWJU,0.3248,Unlikely to churn,0.6752,2026-08-19
1569-TTNYJ,0.6223,Likely to churn,0.6223,2026-08-19
8628-MFKAX,0.0522,Unlikely to churn,0.9478,2026-08-19
2397-BRLOM,0.5957,Likely to churn,0.5957,2026-08-19
7629-WIXZF,0.4738,Unlikely to churn,0.5262,2026-08-19
5445-GLVOT,0.3137,Unlikely to churn,0.6863,2026-08-19
3976-HXHCE,0.0306,Unlikely to churn,0.9694,2026-08-19
2466-NEJOJ,0.3883,Unlikely to churn,0.6117,2026-08-19
0254-KCJGT,0.085,Unlikely to churn,0.915,2026-08-19
5472-CVMDX,0.0299,Unlikely to churn,0.9701,2026-08-19
6461-SZMCV,0.0344,Unlikely to churn,0.9656,2026-08-19
8150-QUDFX,0.4576,Unlikely to churn,0.5424,2026-08-19
9508-ILZDG,0.2844,Unlikely to churn,0.7156,2026-08-19
2346-DJQTB,0.1621,Unlikely to churn,0.8379,2026-08-19
1697-LYYYX,0.05,Unlikely to churn,0.95,2026-08-19
1942-OQFRW,0.5702,Likely to churn,0.5702,2026-08-19
4749-VFKVB,0.5951,Likely to churn,0.5951,2026-08-19
9640-ZSLDC,0.0969,Unlikely to churn,0.9031,2026-08-19
4231-LZUYM,0.0339,Unlikely to churn,0.9661,2026-08-19
7598-UAASY,0.6457,Likely to churn,0.6457,2026-08-19
7938-OUHIO,0.5957,Likely to churn,0.5957,2026-08-19
8510-AWCXC,0.5337,Likely to churn,0.5337,2026-08-19
6128-AQBMT,0.105,Unlikely to churn,0.895,2026-08-19
3594-BDSOA,0.2332,Unlikely to churn,0.7668,2026-08-19
0431-APWVY,0.362,Unlikely to churn,0.638,2026-08-19
5133-VRSAB,0.3843,Unlikely to churn,0.6157,2026-08-19
5996-DAOQL,0.4717,Unlikely to churn,0.5283,2026-08-19
6838-YAUVY,0.1324,Unlikely to churn,0.8676,2026-08-19
0484-JPBRU,0.1296,Unlikely to churn,0.8704,2026-08-19
7883-ROJOC,0.3671,Unlikely to churn,0.6329,2026-08-19
0244-LGNFY,0.0354,Unlikely to churn,0.9646,2026-08-19
7274-CGTOD,0.0356,Unlikely to churn,0.9644,2026-08-19
4295-YURET,0.0737,Unlikely to churn,0.9263,2026-08-19
3426-NIYYL,0.4389,Unlikely to churn,0.5611,2026-08-19
8225-BTJAU,0.568,Likely to churn,0.568,2026-08-19
4635-EJYPD,0.1695,Unlikely to churn,0.8305,2026-08-19
1866-ZSLJM,0.2595,Unlikely to churn,0.7405,2026-08-19
4636-TVXVG,0.0485,Unlikely to churn,0.9515,2026-08-19
4236-UJPWO,0.477,Unlikely to churn,0.523,2026-08-19
9392-XBGTD,0.2095,Unlikely to churn,0.7905,2026-08-19
3387-VATUS,0.6433,Likely to churn,0.6433,2026-08-19
6402-SSEJG,0.1892,Unlikely to churn,0.8108,2026-08-19
1143-NMNQJ,0.6806,Likely to churn,0.6806,2026-08-19
1169-SAOCL,0.1636,Unlikely to churn,0.8364,2026-08-19
1110-KYLGQ,0.0802,Unlikely to churn,0.9198,2026-08-19
9929-PLVPA,0.4367,Unlikely to churn,0.5633,2026-08-19
3518-PZXZQ,0.5726,Likely to churn,0.5726,2026-08-19
2371-JUNGC,0.3579,Unlikely to churn,0.6421,2026-08-19
7693-QPEFS,0.1655,Unlikely to churn,0.8345,2026-08-19
0924-BJCRC,0.1115,Unlikely to churn,0.8885,2026-08-19
5074-FBGHB,0.0857,Unlikely to churn,0.9143,2026-08-19
2351-BKRZW,0.1325,Unlikely to churn,0.8675,2026-08-19
4455-BFSPD,0.1086,Unlikely to churn,0.8914,2026-08-19
0415-MOSGF,0.5718,Likely to churn,0.5718,2026-08-19
1724-BQUHA,0.6224,Likely to churn,0.6224,2026-08-19
3948-KXDUF,0.0446,Unlikely to churn,0.9554,2026-08-19
2323-ARSVR,0.0595,Unlikely to churn,0.9405,2026-08-19
0815-MFZGM,0.1927,Unlikely to churn,0.8073,2026-08-19
4826-XTSOH,0.6919,Likely to churn,0.6919,2026-08-19
5480-XTFFL,0.1812,Unlikely to churn,0.8188,2026-08-19
8295-FHIVV,0.3985,Unlikely to churn,0.6015,2026-08-19
2495-INZWQ,0.448,Unlikely to churn,0.552,2026-08-19
9086-YJYXS,0.2237,Unlikely to churn,0.7763,2026-08-19
1179-INLAT,0.4443,Unlikely to churn,0.5557,2026-08-19
7909-FIOIY,0.2928,Unlikely to churn,0.7072,2026-08-19
4139-SUGLD,0.1643,Unlikely to churn,0.8357,2026-08-19
6857-VWJDT,0.6879,Likely to churn,0.6879,2026-08-19
6351-SCJKT,0.4023,Unlikely to churn,0.5977,2026-08-19
5468-BPMMO,0.0968,Unlikely to churn,0.9032,2026-08-19
5624-BQSSA,0.4738,Unlikely to churn,0.5262,2026-08-19
0197-PNKNK,0.0704,Unlikely to churn,0.9296,2026-08-19
2439-QKJUL,0.4246,Unlikely to churn,0.5754,2026-08-19
1194-SPVSP,0.4684,Unlikely to churn,0.5316,2026-08-19
9534-NSXEM,0.2175,Unlikely to churn,0.7825,2026-08-19
2408-WITXK,0.3834,Unlikely to churn,0.6166,2026-08-19
8929-KSWIH,0.3471,Unlikely to churn,0.6529,2026-08-19
2250-IVBWA,0.0829,Unlikely to churn,0.9171,2026-08-19
1810-MVMAI,0.198,Unlikely to churn,0.802,2026-08-19
9506-UXUSK,0.54,Likely to churn,0.54,2026-08-19
1229-RCALF,0.0722,Unlikely to churn,0.9278,2026-08-19
3572-UOLYZ,0.1827,Unlikely to churn,0.8173,2026-08-19
1429-UYJSV,0.3451,Unlikely to churn,0.6549,2026-08-19
5577-OTWWW,0.3143,Unlikely to churn,0.6857,2026-08-19
6100-QQHEB,0.4973,Unlikely to churn,0.5027,2026-08-19
6366-XIVKZ,0.3781,Unlikely to churn,0.6219,2026-08-19
3470-OBUET,0.0464,Unlikely to churn,0.9536,2026-08-19
2770-NSVDG,0.2271,Unlikely to churn,0.7729,2026-08-19
9375-MHRRS,0.4925,Unlikely to churn,0.5075,2026-08-19
2634-HCZGT,0.0961,Unlikely to churn,0.9039,2026-08-19
7503-QQRVF,0.4774,Unlikely to churn,0.5226,2026-08-19
4860-YZGZM,0.3677,Unlikely to churn,0.6323,2026-08-19
6599-GZWCM,0.514,Likely to churn,0.514,2026-08-19
2691-NZETQ,0.6042,Likely to churn,0.6042,2026-08-19
4404-HIBDJ,0.2258,Unlikely to churn,0.7742,2026-08-19
5533-NHFRF,0.37,Unlikely to churn,0.63,2026-08-19
7037-MTYVW,0.1606,Unlikely to churn,0.8394,2026-08-19
4760-THGOT,0.2008,Unlikely to churn,0.7992,2026-08-19
7295-JOMMD,0.582,Likely to churn,0.582,2026-08-19
4016-BJKTZ,0.3428,Unlikely to churn,0.6572,2026-08-19
6584-VQMYT,0.2517,Unlikely to churn,0.7483,2026-08-19
9838-BFCQT,0.0342,Unlikely to churn,0.9658,2026-08-19
2790-XUYMV,0.0655,Unlikely to churn,0.9345,2026-08-19
0581-MDMPW,0.4016,Unlikely to churn,0.5984,2026-08-19
5013-SBUIH,0.1409,Unlikely to churn,0.8591,2026-08-19
1023-BQXZE,0.0725,Unlikely to churn,0.9275,2026-08-19
9163-GHAYE,0.3843,Unlikely to churn,0.6157,2026-08-19
3904-UKFRE,0.6385,Likely to churn,0.6385,2026-08-19
5353-WILCI,0.2425,Unlikely to churn,0.7575,2026-08-19
0709-TVGUR,0.6039,Likely to churn,0.6039,2026-08-19
0058-EVZWM,0.1376,Unlikely to churn,0.8624,2026-08-19
6023-YEBUP,0.647,Likely to churn,0.647,2026-08-19
7209-JCUDS,0.544,Likely to churn,0.544,2026-08-19
7009-PCARS,0.0652,Unlikely to churn,0.9348,2026-08-19
0519-DRGTI,0.2681,Unlikely to churn,0.7319,2026-08-19
1017-FBQMM,0.0953,Unlikely to churn,0.9047,2026-08-19
3001-CBHLQ,0.2962,Unlikely to churn,0.7038,2026-08-19
1985-MBRYP,0.1098,Unlikely to churn,0.8902,2026-08-19
6158-DWPZT,0.395,Unlikely to churn,0.605,2026-08-19
9372-TXXPS,0.0599,Unlikely to churn,0.9401,2026-08-19
3259-QMXUN,0.0705,Unlikely to churn,0.9295,2026-08-19
1015-JPFYW,0.3987,Unlikely to churn,0.6013,2026-08-19
6645-MXQJT,0.6429,Likely to churn,0.6429,2026-08-19
4360-QRAVE,0.1317,Unlikely to churn,0.8683,2026-08-19
8433-WPJTV,0.0812,Unlikely to churn,0.9188,2026-08-19
5804-JMYIO,0.1297,Unlikely to churn,0.8703,2026-08-19
3763-GCZHZ,0.0779,Unlikely to churn,0.9221,2026-08-19
6484-LATFU,0.0399,Unlikely to churn,0.9601,2026-08-19
7599-NTMDP,0.0386,Unlikely to churn,0.9614,2026-08-19
0772-GYEQQ,0.5972,Likely to churn,0.5972,2026-08-19
0536-ACXIP,0.0552,Unlikely to churn,0.9448,2026-08-19
0936-NQLJU,0.1211,Unlikely to churn,0.8789,2026-08-19
4831-EOBFE,0.328,Unlikely to churn,0.672,2026-08-19
1575-KRZZE,0.4925,Unlikely to churn,0.5075,2026-08-19
3251-YMVWZ,0.0768,Unlikely to churn,0.9232,2026-08-19
4102-OQUPX,0.6886,Likely to churn,0.6886,2026-08-19
9170-GYZJC,0.1316,Unlikely to churn,0.8684,2026-08-19
4884-LEVMQ,0.131,Unlikely to churn,0.869,2026-08-19
8857-CUPFQ,0.0459,Unlikely to churn,0.9541,2026-08-19
7610-TVOPG,0.3386,Unlikely to churn,0.6614,2026-08-19
3638-DIMPH,0.4298,Unlikely to churn,0.5702,2026-08-19
1845-ZLLIG,0.5513,Likely to churn,0.5513,2026-08-19
8559-WNQZS,0.4717,Unlikely to churn,0.5283,2026-08-19
3999-QGRJH,0.5955,Likely to churn,0.5955,2026-08-19
1699-UOTXU,0.0614,Unlikely to churn,0.9386,2026-08-19
2454-RPBRZ,0.5341,Likely to churn,0.5341,2026-08-19
0635-WKOLD,0.1633,Unlikely to churn,0.8367,2026-08-19
5993-JSUWV,0.0469,Unlikely to churn,0.9531,2026-08-19
4518-FZBSX,0.1155,Unlikely to churn,0.8845,2026-08-19
5387-ASZNZ,0.049,Unlikely to churn,0.951,2026-08-19
6988-CJEYV,0.1701,Unlikely to churn,0.8299,2026-08-19
2002-MZHWP,0.4719,Unlikely to churn,0.5281,2026-08-19
3097-FQTVJ,0.1199,Unlikely to churn,0.8801,2026-08-19
5465-BUBFA,0.1187,Unlikely to churn,0.8813,2026-08-19
7299-GNVPL,0.3524,Unlikely to churn,0.6476,2026-08-19
9743-DQKQW,0.4679,Unlikely to churn,0.5321,2026-08-19
1215-VFYVK,0.3759,Unlikely to churn,0.6241,2026-08-19
9371-BITHB,0.0751,Unlikely to churn,0.9249,2026-08-19
2265-CYWIV,0.6309,Likely to churn,0.6309,2026-08-19
9093-FPDLG,0.4844,Unlikely to churn,0.5156,2026-08-19
0541-FITGH,0.545,Likely to churn,0.545,2026-08-19
6985-HAYWX,0.3836,Unlikely to churn,0.6164,2026-08-19
7508-KBIMB,0.2792,Unlikely to churn,0.7208,2026-08-19
6838-HVLXG,0.3474,Unlikely to churn,0.6526,2026-08-19
2277-DJJDL,0.1096,Unlikely to churn,0.8904,2026-08-19
1897-OKVMW,0.0491,Unlikely to churn,0.9509,2026-08-19
5485-ITNPC,0.0416,Unlikely to churn,0.9584,2026-08-19
0233-FTHAV,0.1123,Unlikely to churn,0.8877,2026-08-19
4644-PIZRT,0.3626,Unlikely to churn,0.6374,2026-08-19
8922-NPKBJ,0.114,Unlikely to churn,0.886,2026-08-19
2740-TVLFN,0.5953,Likely to churn,0.5953,2026-08-19
7771-CFQRQ,0.1112,Unlikely to churn,0.8888,2026-08-19
9512-PHSMG,0.3699,Unlikely to churn,0.6301,2026-08-19
6963-EZQEE,0.0363,Unlikely to churn,0.9637,2026-08-19
2452-KDRRH,0.0845,Unlikely to churn,0.9155,2026-08-19
2004-OCQXK,0.677,Likely to churn,0.677,2026-08-19
5027-QPKTE,0.6053,Likely to churn,0.6053,2026-08-19
4146-SVFUD,0.5726,Likely to churn,0.5726,2026-08-19
1564-HJUVY,0.4834,Unlikely to churn,0.5166,2026-08-19
3617-XLSGQ,0.0715,Unlikely to churn,0.9285,2026-08-19
7517-LDMPS,0.5224,Likely to churn,0.5224,2026-08-19
7244-KXYZN,0.2333,Unlikely to churn,0.7667,2026-08-19
5226-NOZFC,0.3668,Unlikely to churn,0.6332,2026-08-19
2672-HUYVI,0.6177,Likely to churn,0.6177,2026-08-19
1400-WIVLL,0.1209,Unlikely to churn,0.8791,2026-08-19
7508-MYBOG,0.5502,Likely to churn,0.5502,2026-08-19
8148-NLEGT,0.1202,Unlikely to churn,0.8798,2026-08-19
0148-DCDOS,0.4137,Unlikely to churn,0.5863,2026-08-19
8347-GDTMP,0.044,Unlikely to churn,0.956,2026-08-19
9992-RRAMN,0.4527,Unlikely to churn,0.5473,2026-08-19
6746-WAUWT,0.2752,Unlikely to churn,0.7248,2026-08-19
0310-MVLET,0.1053,Unlikely to churn,0.8947,2026-08-19
0428-IKYCP,0.4163,Unlikely to churn,0.5837,2026-08-19
4550-VBOFE,0.0644,Unlikely to churn,0.9356,2026-08-19
2187-PKZAY,0.5478,Likely to churn,0.5478,2026-08-19
4003-OCTMP,0.2098,Unlikely to churn,0.7902,2026-08-19
6652-YFFJO,0.4515,Unlikely to churn,0.5485,2026-08-19
7225-IILWY,0.0407,Unlikely to churn,0.9593,2026-08-19
5248-RPYWW,0.034,Unlikely to churn,0.966,2026-08-19
7923-IYJWY,0.0644,Unlikely to churn,0.9356,2026-08-19
3170-GWYKC,0.0867,Unlikely to churn,0.9133,2026-08-19
5696-QURRL,0.5745,Likely to churn,0.5745,2026-08-19
7409-KIUTL,0.6762,Likely to churn,0.6762,2026-08-19
9830-ECLEN,0.0472,Unlikely to churn,0.9528,2026-08-19
1732-VHUBQ,0.194,Unlikely to churn,0.806,2026-08-19
0495-RVCBF,0.6687,Likely to churn,0.6687,2026-08-19
2668-TZSPS,0.4717,Unlikely to churn,0.5283,2026-08-19
7854-EDSSA,0.3082,Unlikely to churn,0.6918,2026-08-19
8869-TORSS,0.1013,Unlikely to churn,0.8987,2026-08-19
7446-SFAOA,0.1408,Unlikely to churn,0.8592,2026-08-19
9522-ZSINC,0.3355,Unlikely to churn,0.6645,2026-08-19
8234-GSZYK,0.1215,Unlikely to churn,0.8785,2026-08-19
6505-OZNPG,0.3304,Unlikely to churn,0.6696,2026-08-19
6164-HAQTX,0.0235,Unlikely to churn,0.9765,2026-08-19
0679-IDSTG,0.6697,Likely to churn,0.6697,2026-08-19
7765-LWVVH,0.0617,Unlikely to churn,0.9383,2026-08-19
1658-TJVOA,0.5925,Likely to churn,0.5925,2026-08-19
0953-LGOVU,0.324,Unlikely to churn,0.676,2026-08-19
2115-BFTIW,0.4043,Unlikely to churn,0.5957,2026-08-19
4692-NNQRU,0.396,Unlikely to churn,0.604,2026-08-19
7742-MYPGI,0.4873,Unlikely to churn,0.5127,2026-08-19
0611-DFXKO,0.4475,Unlikely to churn,0.5525,2026-08-19
7780-OTDSO,0.4694,Unlikely to churn,0.5306,2026-08-19
9619-GSATL,0.1357,Unlikely to churn,0.8643,2026-08-19
5622-UEJFI,0.165,Unlikely to churn,0.835,2026-08-19
9747-DDZOS,0.6452,Likely to churn,0.6452,2026-08-19
0674-DGMAQ,0.2938,Unlikely to churn,0.7062,2026-08-19
6203-HBZPA,0.0546,Unlikely to churn,0.9454,2026-08-19
0484-FFVBJ,0.2354,Unlikely to churn,0.7646,2026-08-19
0301-FIDRB,0.0221,Unlikely to churn,0.9779,2026-08-19
4139-JPIAM,0.0698,Unlikely to churn,0.9302,2026-08-19
2181-TIDSV,0.0371,Unlikely to churn,0.9629,2026-08-19
2761-XECQW,0.3551,Unlikely to churn,0.6449,2026-08-19
1936-CZAKF,0.0825,Unlikely to churn,0.9175,2026-08-19
9453-PATOS,0.0314,Unlikely to churn,0.9686,2026-08-19
0564-JJHGS,0.6019,Likely to churn,0.6019,2026-08-19
3348-CFRNX,0.3298,Unlikely to churn,0.6702,2026-08-19
4402-FTBXC,0.1225,Unlikely to churn,0.8775,2026-08-19
1428-GTBJJ,0.5369,Likely to churn,0.5369,2026-08-19
2931-XIQBR,0.1494,Unlikely to churn,0.8506,2026-08-19
0106-UGRDO,0.0589,Unlikely to churn,0.9411,2026-08-19
5542-TBBWB,0.6721,Likely to churn,0.6721,2026-08-19
1930-QPBVZ,0.0621,Unlikely to churn,0.9379,2026-08-19
2606-PKWJB,0.1047,Unlikely to churn,0.8953,2026-08-19
5322-ZSMZY,0.1934,Unlikely to churn,0.8066,2026-08-19
8059-UDZFY,0.2881,Unlikely to churn,0.7119,2026-08-19
7740-BTPUX,0.1218,Unlikely to churn,0.8782,2026-08-19
5220-AGAAX,0.0396,Unlikely to churn,0.9604,2026-08-19
0208-BPQEJ,0.3439,Unlikely to churn,0.6561,2026-08-19
9435-JMLSX,0.0333,Unlikely to churn,0.9667,2026-08-19
3352-ALMCK,0.218,Unlikely to churn,0.782,2026-08-19
5312-IRCFR,0.0843,Unlikely to churn,0.9157,2026-08-19
5294-IMHHT,0.1433,Unlikely to churn,0.8567,2026-08-19
8802-UNOJF,0.4741,Unlikely to churn,0.5259,2026-08-19
6313-GIDIT,0.0632,Unlikely to churn,0.9368,2026-08-19
6176-YJWAS,0.0545,Unlikely to churn,0.9455,2026-08-19
5310-NOOVA,0.0973,Unlikely to churn,0.9027,2026-08-19
4526-EXKKN,0.1337,Unlikely to churn,0.8663,2026-08-19
5311-IHLEI,0.3024,Unlikely to churn,0.6976,2026-08-19
3987-KQDDU,0.5644,Likely to churn,0.5644,2026-08-19
3404-JNXAX,0.1652,Unlikely to churn,0.8348,2026-08-19
5131-PONJI,0.1513,Unlikely to churn,0.8487,2026-08-19
2845-AFFTX,0.2329,Unlikely to churn,0.7671,2026-08-19
3489-VSFRD,0.0718,Unlikely to churn,0.9282,2026-08-19
3345-JHUEO,0.4359,Unlikely to churn,0.5641,2026-08-19
5815-HGGHV,0.3082,Unlikely to churn,0.6918,2026-08-19
5260-UMPWX,0.2164,Unlikely to churn,0.7836,2026-08-19
2249-YPRNG,0.4285,Unlikely to churn,0.5715,2026-08-19
7410-YTJIK,0.6296,Likely to churn,0.6296,2026-08-19
4626-GYCZP,0.6176,Likely to churn,0.6176,2026-08-19
5649-RXQTV,0.1354,Unlikely to churn,0.8646,2026-08-19
2674-MIAHT,0.6392,Likely to churn,0.6392,2026-08-19
2576-HXMPA,0.4679,Unlikely to churn,0.5321,2026-08-19
7587-AOVVU,0.3316,Unlikely to churn,0.6684,2026-08-19
5590-BYNII,0.4288,Unlikely to churn,0.5712,2026-08-19
6898-MDLZW,0.3944,Unlikely to churn,0.6056,2026-08-19
3237-AJGEH,0.4478,Unlikely to churn,0.5522,2026-08-19
4707-YNOQA,0.172,Unlikely to churn,0.828,2026-08-19
9357-UJRUN,0.2864,Unlikely to churn,0.7136,2026-08-19
1591-NFNLQ,0.1635,Unlikely to churn,0.8365,2026-08-19
8648-PFRMP,0.3437,Unlikely to churn,0.6563,2026-08-19
7663-CUXZB,0.0878,Unlikely to churn,0.9122,2026-08-19
0258-NOKBL,0.6055,Likely to churn,0.6055,2026-08-19
1163-VIPRI,0.0747,Unlikely to churn,0.9253,2026-08-19
2815-CPTUL,0.631,Likely to churn,0.631,2026-08-19
9348-ROUAI,0.061,Unlikely to churn,0.939,2026-08-19
9443-JUBUO,0.0227,Unlikely to churn,0.9773,2026-08-19
0596-BQCEQ,0.0871,Unlikely to churn,0.9129,2026-08-19
1481-ZUWZA,0.3379,Unlikely to churn,0.6621,2026-08-19
3043-TYBNO,0.5271,Likely to churn,0.5271,2026-08-19
4830-FAXFM,0.2902,Unlikely to churn,0.7098,2026-08-19
5906-BFOZT,0.4677,Unlikely to churn,0.5323,2026-08-19
2960-NKRSO,0.3477,Unlikely to churn,0.6523,2026-08-19
8996-ZROXE,0.0732,Unlikely to churn,0.9268,2026-08-19
5598-IKHQQ,0.0338,Unlikely to churn,0.9662,2026-08-19
0397-ZXWQF,0.0391,Unlikely to churn,0.9609,2026-08-19
5266-PFRQK,0.0763,Unlikely to churn,0.9237,2026-08-19
4674-HGNUA,0.0355,Unlikely to churn,0.9645,2026-08-19
6765-MBQNU,0.2332,Unlikely to churn,0.7668,2026-08-19
9786-IJYDL,0.2268,Unlikely to churn,0.7732,2026-08-19
1303-SRDOK,0.139,Unlikely to churn,0.861,2026-08-19
3769-MHZNV,0.1656,Unlikely to churn,0.8344,2026-08-19
6295-OSINB,0.0553,Unlikely to churn,0.9447,2026-08-19
3308-MHOOC,0.4665,Unlikely to churn,0.5335,2026-08-19
2309-OSFEU,0.3802,Unlikely to churn,0.6198,2026-08-19
2207-QPJED,0.2369,Unlikely to churn,0.7631,2026-08-19
4177-JPDFU,0.3185,Unlikely to churn,0.6815,2026-08-19
2239-CFOUJ,0.4715,Unlikely to churn,0.5285,2026-08-19
8046-DNVTL,0.039,Unlikely to churn,0.961,2026-08-19
2209-XADXF,0.4918,Unlikely to churn,0.5082,2026-08-19
6620-JDYNW,0.3556,Unlikely to churn,0.6444,2026-08-19
1891-FZYSA,0.0767,Unlikely to churn,0.9233,2026-08-19
4770-UEZOX,0.6393,Likely to churn,0.6393,2026-08-19
1038-RQOST,0.2782,Unlikely to churn,0.7218,2026-08-19
7613-LLQFO,0.5665,Likely to churn,0.5665,2026-08-19
4568-TTZRT,0.3802,Unlikely to churn,0.6198,2026-08-19
9513-DXHDA,0.2312,Unlikely to churn,0.7688,2026-08-19
2640-PMGFL,0.3734,Unlikely to churn,0.6266,2026-08-19
3801-HMYNL,0.664,Likely to churn,0.664,2026-08-19
0516-QREYC,0.2329,Unlikely to churn,0.7671,2026-08-19
9685-WKZGT,0.5484,Likely to churn,0.5484,2026-08-19
6022-UGGSO,0.3021,Unlikely to churn,0.6979,2026-08-19
8084-OIVBS,0.3569,Unlikely to churn,0.6431,2026-08-19
8896-BQTTI,0.4908,Unlikely to churn,0.5092,2026-08-19
3865-QBWSJ,0.2657,Unlikely to churn,0.7343,2026-08-19
3352-RICWQ,0.3777,Unlikely to churn,0.6223,2026-08-19
2160-GPFXD,0.0851,Unlikely to churn,0.9149,2026-08-19
2065-MMKGR,0.282,Unlikely to churn,0.718,2026-08-19
5857-TYBCJ,0.2091,Unlikely to churn,0.7909,2026-08-19
1498-NHTLT,0.0576,Unlikely to churn,0.9424,2026-08-19
4484-CGXFK,0.5495,Likely to churn,0.5495,2026-08-19
1402-PTHGN,0.3188,Unlikely to churn,0.6812,2026-08-19
4176-RELJR,0.0421,Unlikely to churn,0.9579,2026-08-19
6214-EDAKZ,0.2946,Unlikely to churn,0.7054,2026-08-19
5199-FPUSP,0.149,Unlikely to churn,0.851,2026-08-19
6377-KSLXC,0.4234,Unlikely to churn,0.5766,2026-08-19
1796-JANOW,0.458,Unlikely to churn,0.542,2026-08-19
0238-WHBIQ,0.0338,Unlikely to churn,0.9662,2026-08-19
8735-NBLWT,0.3802,Unlikely to churn,0.6198,2026-08-19
6651-RLGGM,0.0429,Unlikely to churn,0.9571,2026-08-19
6127-ISGTU,0.5221,Likely to churn,0.5221,2026-08-19
1614-JBEBI,0.3925,Unlikely to churn,0.6075,2026-08-19
8740-XLHDR,0.3457,Unlikely to churn,0.6543,2026-08-19
1208-DNHLN,0.3376,Unlikely to churn,0.6624,2026-08-19
1761-AEZZR,0.6682,Likely to churn,0.6682,2026-08-19
3923-CSIHK,0.1742,Unlikely to churn,0.8258,2026-08-19
5696-EXCYS,0.2934,Unlikely to churn,0.7066,2026-08-19
5795-KTGUD,0.0672,Unlikely to churn,0.9328,2026-08-19
7120-RFMVS,0.6863,Likely to churn,0.6863,2026-08-19
7924-GJZFI,0.3976,Unlikely to churn,0.6024,2026-08-19
4702-HDRKD,0.0312,Unlikely to churn,0.9688,2026-08-19
8512-WIWYV,0.1728,Unlikely to churn,0.8272,2026-08-19
5897-ZYEKH,0.0764,Unlikely to churn,0.9236,2026-08-19
5456-ITGIC,0.0224,Unlikely to churn,0.9776,2026-08-19
7317-GGVPB,0.0569,Unlikely to churn,0.9431,2026-08-19
1406-PUQVY,0.5502,Likely to churn,0.5502,2026-08-19
1322-AGOQM,0.0967,Unlikely to churn,0.9033,2026-08-19
3677-IYRBF,0.4569,Unlikely to churn,0.5431,2026-08-19
5692-FPTAH,0.5759,Likely to churn,0.5759,2026-08-19
9114-AAFQH,0.1097,Unlikely to churn,0.8903,2026-08-19
8715-KKTFG,0.0954,Unlikely to churn,0.9046,2026-08-19
1550-LOAHA,0.2986,Unlikely to churn,0.7014,2026-08-19
1728-BQDMA,0.5605,Likely to churn,0.5605,2026-08-19
0268-QKIWO,0.4455,Unlikely to churn,0.5545,2026-08-19
0876-WDUUZ,0.6061,Likely to churn,0.6061,2026-08-19
5117-ZSMHQ,0.0355,Unlikely to churn,0.9645,2026-08-19
5151-HQRDG,0.1983,Unlikely to churn,0.8017,2026-08-19
0960-HUWBM,0.0814,Unlikely to churn,0.9186,2026-08-19
6465-GSRCL,0.0776,Unlikely to churn,0.9224,2026-08-19
0617-FHSGK,0.1916,Unlikely to churn,0.8084,2026-08-19
0263-FJTQO,0.1085,Unlikely to churn,0.8915,2026-08-19
7319-ZNRTR,0.2226,Unlikely to churn,0.7774,2026-08-19
2858-MOFSQ,0.39,Unlikely to churn,0.61,2026-08-19
7503-EPSZW,0.0474,Unlikely to churn,0.9526,2026-08-19
7089-XXAYG,0.2141,Unlikely to churn,0.7859,2026-08-19
8118-LSUEL,0.3968,Unlikely to churn,0.6032,2026-08-19
8070-AAWZP,0.2111,Unlikely to churn,0.7889,2026-08-19
1666-JXLKU,0.2688,Unlikely to churn,0.7312,2026-08-19
7855-DIWPO,0.4405,Unlikely to churn,0.5595,2026-08-19
5133-POWUA,0.5776,Likely to churn,0.5776,2026-08-19
5652-MSDEY,0.5975,Likely to churn,0.5975,2026-08-19
7005-CCBKV,0.5908,Likely to churn,0.5908,2026-08-19
1810-BOHSY,0.1522,Unlikely to churn,0.8478,2026-08-19
1784-BXEFA,0.3699,Unlikely to churn,0.6301,2026-08-19
7351-MHQVU,0.3646,Unlikely to churn,0.6354,2026-08-19
9224-VTYID,0.1025,Unlikely to churn,0.8975,2026-08-19
9500-IWPXQ,0.0556,Unlikely to churn,0.9444,2026-08-19
5762-TJXGK,0.0597,Unlikely to churn,0.9403,2026-08-19
4504-YOULA,0.1963,Unlikely to churn,0.8037,2026-08-19
5569-IDSEY,0.0643,Unlikely to churn,0.9357,2026-08-19
4250-FDVOU,0.4735,Unlikely to churn,0.5265,2026-08-19
7284-ZZLOH,0.1212,Unlikely to churn,0.8788,2026-08-19
5277-ZLOOR,0.68,Likely to churn,0.68,2026-08-19
2141-RRYGO,0.504,Likely to churn,0.504,2026-08-19
1777-JYQPJ,0.4762,Unlikely to churn,0.5238,2026-08-19
6376-GAHQE,0.6297,Likely to churn,0.6297,2026-08-19
3401-URHDA,0.1043,Unlikely to churn,0.8957,2026-08-19
1599-EAHXY,0.0565,Unlikely to churn,0.9435,2026-08-19
8631-XVRZL,0.3792,Unlikely to churn,0.6208,2026-08-19
5052-PNLOS,0.6223,Likely to churn,0.6223,2026-08-19
3853-LYGAM,0.4654,Unlikely to churn,0.5346,2026-08-19
6979-ZNSFF,0.6221,Likely to churn,0.6221,2026-08-19
5751-USDBL,0.1089,Unlikely to churn,0.8911,2026-08-19
5680-LQOGP,0.036,Unlikely to churn,0.964,2026-08-19
2386-LAHRK,0.5651,Likely to churn,0.5651,2026-08-19
8189-DUKMV,0.4371,Unlikely to churn,0.5629,2026-08-19
6032-IGALN,0.4912,Unlikely to churn,0.5088,2026-08-19
9931-DCEZH,0.2375,Unlikely to churn,0.7625,2026-08-19
1898-JSNDC,0.1665,Unlikely to churn,0.8335,2026-08-19
0315-LVCRK,0.5349,Likely to churn,0.5349,2026-08-19
3911-RSNHI,0.0265,Unlikely to churn,0.9735,2026-08-19
2410-CIYFZ,0.4599,Unlikely to churn,0.5401,2026-08-19
4248-HCETZ,0.3024,Unlikely to churn,0.6976,2026-08-19
5505-OVWQW,0.2958,Unlikely to churn,0.7042,2026-08-19
7271-AJDTL,0.1259,Unlikely to churn,0.8741,2026-08-19
1867-TJHTS,0.1231,Unlikely to churn,0.8769,2026-08-19
0516-WJVXC,0.4766,Unlikely to churn,0.5234,2026-08-19
9174-FKWZE,0.4675,Unlikely to churn,0.5325,2026-08-19
6860-YRJZP,0.6019,Likely to churn,0.6019,2026-08-19
4429-WYGFR,0.2727,Unlikely to churn,0.7273,2026-08-19
2817-LVCPP,0.0813,Unlikely to churn,0.9187,2026-08-19
5038-ETMLM,0.0497,Unlikely to churn,0.9503,2026-08-19
5056-FIMPT,0.1763,Unlikely to churn,0.8237,2026-08-19
4521-WFJAI,0.0695,Unlikely to churn,0.9305,2026-08-19
6569-KTMDU,0.4661,Unlikely to churn,0.5339,2026-08-19
8809-RIHDD,0.0594,Unlikely to churn,0.9406,2026-08-19
8809-XKHMD,0.0568,Unlikely to churn,0.9432,2026-08-19
0396-YCHWO,0.299,Unlikely to churn,0.701,2026-08-19
0867-LDTTC,0.4746,Unlikely to churn,0.5254,2026-08-19
4822-NGOCH,0.5101,Likely to churn,0.5101,2026-08-19
9391-DXGGG,0.1807,Unlikely to churn,0.8193,2026-08-19
9844-FELAJ,0.0588,Unlikely to churn,0.9412,2026-08-19
2122-SZZZD,0.1051,Unlikely to churn,0.8949,2026-08-19
5307-DZCVC,0.3445,Unlikely to churn,0.6555,2026-08-19
3148-AOIQT,0.0384,Unlikely to churn,0.9616,2026-08-19
8679-JOEVF,0.3726,Unlikely to churn,0.6274,2026-08-19
8395-ETZKQ,0.0368,Unlikely to churn,0.9632,2026-08-19
6692-YQHXC,0.5042,Likely to churn,0.5042,2026-08-19
3889-VWBID,0.0431,Unlikely to churn,0.9569,2026-08-19
5222-JCXZT,0.4309,Unlikely to churn,0.5691,2026-08-19
9754-CLVZW,0.1803,Unlikely to churn,0.8197,2026-08-19
1432-FPAXX,0.1926,Unlikely to churn,0.8074,2026-08-19
2739-CCZMB,0.425,Unlikely to churn,0.575,2026-08-19
7080-TNUWP,0.0672,Unlikely to churn,0.9328,2026-08-19
0496-AHOOK,0.2682,Unlikely to churn,0.7318,2026-08-19
8336-TAVKX,0.0335,Unlikely to churn,0.9665,2026-08-19
2468-SJFLM,0.6483,Likely to churn,0.6483,2026-08-19
3181-VTHOE,0.028,Unlikely to churn,0.972,2026-08-19
7168-HDQHG,0.1452,Unlikely to churn,0.8548,2026-08-19
4803-AXVYP,0.2581,Unlikely to churn,0.7419,2026-08-19
3884-HCSWG,0.4927,Unlikely to churn,0.5073,2026-08-19
4567-AKPIA,0.1984,Unlikely to churn,0.8016,2026-08-19
5077-DXTCG,0.5755,Likely to churn,0.5755,2026-08-19
1142-WACZW,0.4546,Unlikely to churn,0.5454,2026-08-19
7901-HXJVA,0.5098,Likely to churn,0.5098,2026-08-19
5649-ANRML,0.5924,Likely to churn,0.5924,2026-08-19
4892-VLANZ,0.469,Unlikely to churn,0.531,2026-08-19
5924-IFQTT,0.3739,Unlikely to churn,0.6261,2026-08-19
7968-QUXNS,0.4079,Unlikely to churn,0.5921,2026-08-19
2919-HBCJO,0.625,Likely to churn,0.625,2026-08-19
4236-XPXAV,0.5748,Likely to churn,0.5748,2026-08-19
8903-WMRNW,0.4694,Unlikely to churn,0.5306,2026-08-19
2452-SNHFZ,0.1792,Unlikely to churn,0.8208,2026-08-19
3629-WEAAM,0.4384,Unlikely to churn,0.5616,2026-08-19
6029-CSMJE,0.3155,Unlikely to churn,0.6845,2026-08-19
7993-NQLJE,0.4925,Unlikely to churn,0.5075,2026-08-19
9909-DFRJA,0.3237,Unlikely to churn,0.6763,2026-08-19
9099-FTUHS,0.3203,Unlikely to churn,0.6797,2026-08-19
0581-BXBUB,0.6095,Likely to churn,0.6095,2026-08-19
4962-CHQPW,0.1925,Unlikely to churn,0.8075,2026-08-19
9467-ROOLM,0.221,Unlikely to churn,0.779,2026-08-19
3030-YZADT,0.481,Unlikely to churn,0.519,2026-08-19
7410-KTVFV,0.3543,Unlikely to churn,0.6457,2026-08-19
5150-ITWWB,0.6645,Likely to churn,0.6645,2026-08-19
2253-KPMNB,0.027,Unlikely to churn,0.973,2026-08-19
1345-ZUKID,0.323,Unlikely to churn,0.677,2026-08-19
6429-SHBCB,0.3799,Unlikely to churn,0.6201,2026-08-19
9281-OFDMF,0.2551,Unlikely to churn,0.7449,2026-08-19
2603-HVKCG,0.2937,Unlikely to churn,0.7063,2026-08-19
1834-WULEG,0.2327,Unlikely to churn,0.7673,2026-08-19
9097-ZUBYC,0.3952,Unlikely to churn,0.6048,2026-08-19
5148-ORICT,0.0449,Unlikely to churn,0.9551,2026-08-19
4893-GYUJU,0.0813,Unlikely to churn,0.9187,2026-08-19
4578-PHJYZ,0.0825,Unlikely to churn,0.9175,2026-08-19
7272-QDCKA,0.3596,Unlikely to churn,0.6404,2026-08-19
8908-SLFCJ,0.2606,Unlikely to churn,0.7394,2026-08-19
8393-DLHGA,0.3755,Unlikely to churn,0.6245,2026-08-19
9766-HGEDE,0.293,Unlikely to churn,0.707,2026-08-19
6968-MHOMU,0.0613,Unlikely to churn,0.9387,2026-08-19
7395-IGJOS,0.496,Unlikely to churn,0.504,2026-08-19
5044-XDPYX,0.0856,Unlikely to churn,0.9144,2026-08-19
1814-WFGVS,0.0246,Unlikely to churn,0.9754,2026-08-19
2834-SPCJV,0.143,Unlikely to churn,0.857,2026-08-19
3721-WKIIL,0.2068,Unlikely to churn,0.7932,2026-08-19
6734-CKRSM,0.4466,Unlikely to churn,0.5534,2026-08-19
1265-ZFOSD,0.0502,Unlikely to churn,0.9498,2026-08-19
6568-POCUI,0.189,Unlikely to churn,0.811,2026-08-19
7890-VYYWG,0.4705,Unlikely to churn,0.5295,2026-08-19
5197-LQXXH,0.0379,Unlikely to churn,0.9621,2026-08-19
9907-SWKKF,0.491,Unlikely to churn,0.509,2026-08-19
3457-PQBYH,0.0582,Unlikely to churn,0.9418,2026-08-19
7682-AZNDK,0.2627,Unlikely to churn,0.7373,2026-08-19
0587-DMGBH,0.4683,Unlikely to churn,0.5317,2026-08-19
5384-ZTTWP,0.3144,Unlikely to churn,0.6856,2026-08-19
3745-HRPHI,0.0355,Unlikely to churn,0.9645,2026-08-19
7636-OWBPG,0.341,Unlikely to churn,0.659,2026-08-19
1231-YNDEK,0.0572,Unlikely to churn,0.9428,2026-08-19
1407-DIGZV,0.4429,Unlikely to churn,0.5571,2026-08-19
6397-JNZZG,0.0989,Unlikely to churn,0.9011,2026-08-19
0570-BFQHT,0.5404,Likely to churn,0.5404,2026-08-19
4393-OBCRR,0.4476,Unlikely to churn,0.5524,2026-08-19
3523-QRQLL,0.3074,Unlikely to churn,0.6926,2026-08-19
8564-LDKFL,0.2277,Unlikely to churn,0.7723,2026-08-19
3696-DFHHB,0.0405,Unlikely to churn,0.9595,2026-08-19
0895-DQHEW,0.1295,Unlikely to churn,0.8705,2026-08-19
4717-GHADL,0.1059,Unlikely to churn,0.8941,2026-08-19
5501-TVMGM,0.5724,Likely to churn,0.5724,2026-08-19
5879-HMFFH,0.0329,Unlikely to churn,0.9671,2026-08-19
6772-WFQRD,0.1257,Unlikely to churn,0.8743,2026-08-19
3810-DVDQQ,0.0529,Unlikely to churn,0.9471,2026-08-19
6972-SNKKW,0.4122,Unlikely to churn,0.5878,2026-08-19
3694-GLTJM,0.4221,Unlikely to churn,0.5779,2026-08-19
8550-XSXUQ,0.118,Unlikely to churn,0.882,2026-08-19
8149-RSOUN,0.6814,Likely to churn,0.6814,2026-08-19
9055-MOJJJ,0.0552,Unlikely to churn,0.9448,2026-08-19
4359-INNWN,0.2955,Unlikely to churn,0.7045,2026-08-19
0585-EGDDA,0.2145,Unlikely to churn,0.7855,2026-08-19
4032-RMHCI,0.1096,Unlikely to churn,0.8904,2026-08-19
0549-CYCQN,0.1625,Unlikely to churn,0.8375,2026-08-19
3481-JHUZH,0.2386,Unlikely to churn,0.7614,2026-08-19
7250-EQKIY,0.5525,Likely to churn,0.5525,2026-08-19
3594-IVHJZ,0.4601,Unlikely to churn,0.5399,2026-08-19
6869-FGJJC,0.0682,Unlikely to churn,0.9318,2026-08-19
3896-ZVNET,0.2463,Unlikely to churn,0.7537,2026-08-19
8205-VSLRB,0.0428,Unlikely to churn,0.9572,2026-08-19
5960-MVTUK,0.4426,Unlikely to churn,0.5574,2026-08-19
6817-WTYHE,0.5624,Likely to churn,0.5624,2026-08-19
3082-VQXNH,0.4428,Unlikely to churn,0.5572,2026-08-19
4013-UBXWQ,0.4941,Unlikely to churn,0.5059,2026-08-19
4931-TRZWN,0.4134,Unlikely to churn,0.5866,2026-08-19
0750-EKNGL,0.4039,Unlikely to churn,0.5961,2026-08-19
7669-LCRSD,0.4488,Unlikely to churn,0.5512,2026-08-19
3567-PQTSO,0.1368,Unlikely to churn,0.8632,2026-08-19
5519-NPHVG,0.5625,Likely to churn,0.5625,2026-08-19
8043-PNYSD,0.0461,Unlikely to churn,0.9539,2026-08-19
9938-EKRGF,0.3157,Unlikely to churn,0.6843,2026-08-19
2703-AMTUL,0.1746,Unlikely to churn,0.8254,2026-08-19
0928-JMXNP,0.4317,Unlikely to churn,0.5683,2026-08-19
8173-RXAYP,0.2311,Unlikely to churn,0.7689,2026-08-19
4825-XJGDM,0.0373,Unlikely to churn,0.9627,2026-08-19
5402-HTOTQ,0.399,Unlikely to churn,0.601,2026-08-19
6734-JDTTV,0.0423,Unlikely to churn,0.9577,2026-08-19
7850-THJMU,0.2147,Unlikely to churn,0.7853,2026-08-19
3890-RTCMS,0.3756,Unlikely to churn,0.6244,2026-08-19
8849-GYOKR,0.1339,Unlikely to churn,0.8661,2026-08-19
3148-BLQJT,0.4702,Unlikely to churn,0.5298,2026-08-19
3717-FDJFU,0.4254,Unlikely to churn,0.5746,2026-08-19
3665-JATSN,0.2704,Unlikely to churn,0.7296,2026-08-19
7966-YOTQW,0.4645,Unlikely to churn,0.5355,2026-08-19
0461-CVKMU,0.3501,Unlikely to churn,0.6499,2026-08-19
8806-EAGWC,0.5489,Likely to churn,0.5489,2026-08-19
8853-TZDGH,0.0571,Unlikely to churn,0.9429,2026-08-19
7779-LGOVN,0.5982,Likely to churn,0.5982,2026-08-19
4324-BZCKL,0.4244,Unlikely to churn,0.5756,2026-08-19
6924-TDGMT,0.359,Unlikely to churn,0.641,2026-08-19
9710-ZUSHQ,0.2557,Unlikely to churn,0.7443,2026-08-19
1536-YHDOE,0.3723,Unlikely to churn,0.6277,2026-08-19
8123-QBNAZ,0.2574,Unlikely to churn,0.7426,2026-08-19
3629-ZNKXA,0.4463,Unlikely to churn,0.5537,2026-08-19
4827-LTQRJ,0.073,Unlikely to churn,0.927,2026-08-19
7711-YIJWC,0.0512,Unlikely to churn,0.9488,2026-08-19
5482-VXSXJ,0.398,Unlikely to churn,0.602,2026-08-19
7365-BVCJH,0.4883,Unlikely to churn,0.5117,2026-08-19
9620-ENEJV,0.6212,Likely to churn,0.6212,2026-08-19
4183-WCSEP,0.2885,Unlikely to churn,0.7115,2026-08-19
2378-YIZKA,0.0375,Unlikely to churn,0.9625,2026-08-19
5498-TXHLF,0.2907,Unlikely to churn,0.7093,2026-08-19
0689-DSXGL,0.1254,Unlikely to churn,0.8746,2026-08-19
6818-DJXAA,0.5281,Likely to churn,0.5281,2026-08-19
9722-UJOJR,0.3593,Unlikely to churn,0.6407,2026-08-19
0464-WJTKO,0.031,Unlikely to churn,0.969,2026-08-19
8902-ZEOVF,0.0934,Unlikely to churn,0.9066,2026-08-19
6778-EICRF,0.3065,Unlikely to churn,0.6935,2026-08-19
2662-NNTDK,0.0458,Unlikely to churn,0.9542,2026-08-19
4132-KALRO,0.6358,Likely to churn,0.6358,2026-08-19
3902-FOIGH,0.5476,Likely to churn,0.5476,2026-08-19
6772-KSATR,0.6761,Likely to churn,0.6761,2026-08-19
7112-OPOTK,0.3084,Unlikely to churn,0.6916,2026-08-19
2874-YXVVA,0.2431,Unlikely to churn,0.7569,2026-08-19
1245-HARPS,0.3268,Unlikely to churn,0.6732,2026-08-19
4210-QFJMF,0.6348,Likely to churn,0.6348,2026-08-19
4323-ELYYB,0.3357,Unlikely to churn,0.6643,2026-08-19
4293-ETKAP,0.0553,Unlikely to churn,0.9447,2026-08-19
6064-PUPMC,0.292,Unlikely to churn,0.708,2026-08-19
6504-VBLFL,0.0731,Unlikely to churn,0.9269,2026-08-19
6322-PJJDJ,0.161,Unlikely to churn,0.839,2026-08-19
0330-BGYZE,0.0983,Unlikely to churn,0.9017,2026-08-19
1085-LDWAM,0.0357,Unlikely to churn,0.9643,2026-08-19
7586-ZATGZ,0.262,Unlikely to churn,0.738,2026-08-19
7197-VOJMM,0.043,Unlikely to churn,0.957,2026-08-19
3318-OSATS,0.3091,Unlikely to churn,0.6909,2026-08-19
5828-AVIPD,0.4643,Unlikely to churn,0.5357,2026-08-19
1843-TLSGD,0.3389,Unlikely to churn,0.6611,2026-08-19
9626-VFRGG,0.2311,Unlikely to churn,0.7689,2026-08-19
7075-BNDVQ,0.4087,Unlikely to churn,0.5913,2026-08-19
9143-CANJF,0.2755,Unlikely to churn,0.7245,2026-08-19
7284-BUYEC,0.4186,Unlikely to churn,0.5814,2026-08-19
2041-JIJCI,0.5178,Likely to churn,0.5178,2026-08-19
1086-LXKFY,0.6692,Likely to churn,0.6692,2026-08-19
4900-MSOMT,0.0345,Unlikely to churn,0.9655,2026-08-19
2229-VWQJH,0.2921,Unlikely to churn,0.7079,2026-08-19
9194-GFVOI,0.1348,Unlikely to churn,0.8652,2026-08-19
1336-EZFZY,0.4353,Unlikely to churn,0.5647,2026-08-19
4282-MSACW,0.0627,Unlikely to churn,0.9373,2026-08-19
1403-LKLIK,0.1656,Unlikely to churn,0.8344,2026-08-19
2636-ALXXZ,0.671,Likely to churn,0.671,2026-08-19
7774-OJSXI,0.3009,Unlikely to churn,0.6991,2026-08-19
7786-WBJYI,0.6301,Likely to churn,0.6301,2026-08-19
0136-IFMYD,0.0634,Unlikely to churn,0.9366,2026-08-19
5144-TVGLP,0.2776,Unlikely to churn,0.7224,2026-08-19
9643-AVVWI,0.6068,Likely to churn,0.6068,2026-08-19
0253-ZTEOB,0.1152,Unlikely to churn,0.8848,2026-08-19
2706-QZIHY,0.3343,Unlikely to churn,0.6657,2026-08-19
6061-PQHMK,0.2234,Unlikely to churn,0.7766,2026-08-19
9885-CSMWE,0.6641,Likely to churn,0.6641,2026-08-19
6137-MFAJN,0.0799,Unlikely to churn,0.9201,2026-08-19
9122-UMROB,0.4711,Unlikely to churn,0.5289,2026-08-19
4232-JGKIY,0.4665,Unlikely to churn,0.5335,2026-08-19
2402-TAIRZ,0.2393,Unlikely to churn,0.7607,2026-08-19
9659-ZTWSM,0.0694,Unlikely to churn,0.9306,2026-08-19
9139-TWBAS,0.176,Unlikely to churn,0.824,2026-08-19
6685-GBWJZ,0.0527,Unlikely to churn,0.9473,2026-08-19
5016-ETTFF,0.363,Unlikely to churn,0.637,2026-08-19
3866-MDTUB,0.5362,Likely to churn,0.5362,2026-08-19
2195-VVRJF,0.3499,Unlikely to churn,0.6501,2026-08-19
3913-RDSJZ,0.0485,Unlikely to churn,0.9515,2026-08-19
8058-JMEQO,0.6006,Likely to churn,0.6006,2026-08-19
4203-QGNZA,0.201,Unlikely to churn,0.799,2026-08-19
5043-TRZWM,0.6531,Likely to churn,0.6531,2026-08-19
0697-ZMSWS,0.6597,Likely to churn,0.6597,2026-08-19
7657-DYEPJ,0.1506,Unlikely to churn,0.8494,2026-08-19
9494-BDNNC,0.0803,Unlikely to churn,0.9197,2026-08-19
1640-PLFMP,0.6734,Likely to churn,0.6734,2026-08-19
5366-OBVMR,0.3572,Unlikely to churn,0.6428,2026-08-19
8276-MQBYC,0.1553,Unlikely to churn,0.8447,2026-08-19
7644-OMVMY,0.4809,Unlikely to churn,0.5191,2026-08-19
7593-XFKDI,0.5796,Likely to churn,0.5796,2026-08-19
4573-JKNAE,0.3438,Unlikely to churn,0.6562,2026-08-19
0337-CNPZE,0.2204,Unlikely to churn,0.7796,2026-08-19
9817-APLHW,0.3655,Unlikely to churn,0.6345,2026-08-19
8380-MQINP,0.0664,Unlikely to churn,0.9336,2026-08-19
0840-DFEZH,0.6292,Likely to churn,0.6292,2026-08-19
1513-XNPPH,0.4976,Unlikely to churn,0.5024,2026-08-19
8690-ZVLCL,0.0394,Unlikely to churn,0.9606,2026-08-19
6015-VVHHE,0.6395,Likely to churn,0.6395,2026-08-19
1125-SNVCK,0.1227,Unlikely to churn,0.8773,2026-08-19
0384-LPITE,0.1053,Unlikely to churn,0.8947,2026-08-19
4616-EWBNJ,0.3055,Unlikely to churn,0.6945,2026-08-19
6347-DCUIK,0.591,Likely to churn,0.591,2026-08-19
1335-HQMKX,0.0575,Unlikely to churn,0.9425,2026-08-19
2545-EBUPK,0.6745,Likely to churn,0.6745,2026-08-19
6923-AQONU,0.2432,Unlikely to churn,0.7568,2026-08-19
2172-EJXVF,0.0645,Unlikely to churn,0.9355,2026-08-19
0897-FEGMU,0.5515,Likely to churn,0.5515,2026-08-19
7663-RGWBC,0.5708,Likely to churn,0.5708,2026-08-19
1120-BMWUB,0.3513,Unlikely to churn,0.6487,2026-08-19
9124-LHCJQ,0.6898,Likely to churn,0.6898,2026-08-19
4536-PLEQY,0.5243,Likely to churn,0.5243,2026-08-19
7029-IJEJK,0.0608,Unlikely to churn,0.9392,2026-08-19
8871-JLMHM,0.068,Unlikely to churn,0.932,2026-08-19
2235-ZGKPT,0.564,Likely to churn,0.564,2026-08-19
3891-PUQOD,0.5443,Likely to churn,0.5443,2026-08-19
5447-VYTKW,0.2431,Unlikely to churn,0.7569,2026-08-19
3623-FQBOX,0.2577,Unlikely to churn,0.7423,2026-08-19
0689-NKYLF,0.5049,Likely to churn,0.5049,2026-08-19
8659-HDIYE,0.0536,Unlikely to churn,0.9464,2026-08-19
3658-KIBGF,0.5263,Likely to churn,0.5263,2026-08-19
3474-BAFSJ,0.0469,Unlikely to churn,0.9531,2026-08-19
5519-YLDGW,0.4092,Unlikely to churn,0.5908,2026-08-19
3865-ZFZIB,0.275,Unlikely to churn,0.725,2026-08-19
1855-AGAWH,0.3047,Unlikely to churn,0.6953,2026-08-19
7109-CQYUZ,0.0813,Unlikely to churn,0.9187,2026-08-19
1370-GGAWX,0.1793,Unlikely to churn,0.8207,2026-08-19
4680-KUTAJ,0.4574,Unlikely to churn,0.5426,2026-08-19
5307-UVGNB,0.0577,Unlikely to churn,0.9423,2026-08-19
4946-EDSEW,0.354,Unlikely to churn,0.646,2026-08-19
2883-ILGWO,0.1155,Unlikely to churn,0.8845,2026-08-19
2516-VQRRV,0.6823,Likely to churn,0.6823,2026-08-19
7580-UGXNC,0.5144,Likely to churn,0.5144,2026-08-19
3642-BYHDO,0.0323,Unlikely to churn,0.9677,2026-08-19
9629-NHXFW,0.4673,Unlikely to churn,0.5327,2026-08-19
2696-RZVZW,0.0402,Unlikely to churn,0.9598,2026-08-19
5766-FTRTS,0.031,Unlikely to churn,0.969,2026-08-19
0396-HUJBP,0.4553,Unlikely to churn,0.5447,2026-08-19
5178-LMXOP,0.6859,Likely to churn,0.6859,2026-08-19
8879-ZKJOF,0.1315,Unlikely to churn,0.8685,2026-08-19
6285-FTQBF,0.0339,Unlikely to churn,0.9661,2026-08-19
8185-UPYBR,0.6406,Likely to churn,0.6406,2026-08-19
4585-HETAI,0.6135,Likely to churn,0.6135,2026-08-19
7526-BEZQB,0.5701,Likely to churn,0.5701,2026-08-19
1474-JUWSM,0.0748,Unlikely to churn,0.9252,2026-08-19
3530-CRZSB,0.4035,Unlikely to churn,0.5965,2026-08-19
8498-XXGWA,0.0529,Unlikely to churn,0.9471,2026-08-19
9617-INGJY,0.6747,Likely to churn,0.6747,2026-08-19
0621-TSSMU,0.0632,Unlikely to churn,0.9368,2026-08-19
7234-KMNRQ,0.4309,Unlikely to churn,0.5691,2026-08-19
7636-PEPNS,0.0844,Unlikely to churn,0.9156,2026-08-19
4683-WYDOU,0.0976,Unlikely to churn,0.9024,2026-08-19
9052-DHNKM,0.2783,Unlikely to churn,0.7217,2026-08-19
6794-HKIAJ,0.0888,Unlikely to churn,0.9112,2026-08-19
5578-NKCXI,0.1018,Unlikely to churn,0.8982,2026-08-19
1642-HMARX,0.0418,Unlikely to churn,0.9582,2026-08-19
3096-WPXBT,0.0917,Unlikely to churn,0.9083,2026-08-19
8434-PNQZX,0.1446,Unlikely to churn,0.8554,2026-08-19
5950-AAAGJ,0.496,Unlikely to churn,0.504,2026-08-19
4299-OPXEJ,0.0628,Unlikely to churn,0.9372,2026-08-19
4951-UKAAQ,0.6312,Likely to churn,0.6312,2026-08-19
9618-LFJRU,0.4369,Unlikely to churn,0.5631,2026-08-19
6693-DJWTY,0.1863,Unlikely to churn,0.8137,2026-08-19
0744-GKNGE,0.0905,Unlikely to churn,0.9095,2026-08-19
6447-EGDIV,0.1811,Unlikely to churn,0.8189,2026-08-19
1167-OYZJF,0.0388,Unlikely to churn,0.9612,2026-08-19
2108-YKQTY,0.5186,Likely to churn,0.5186,2026-08-19
4806-DXQCE,0.0543,Unlikely to churn,0.9457,2026-08-19
4918-QLLIW,0.5416,Likely to churn,0.5416,2026-08-19
7056-IMHCC,0.1521,Unlikely to churn,0.8479,2026-08-19
4854-SSLTN,0.4889,Unlikely to churn,0.5111,2026-08-19
5294-DMSFH,0.3425,Unlikely to churn,0.6575,2026-08-19
4837-PZTIC,0.0797,Unlikely to churn,0.9203,2026-08-19
1625-JAIIY,0.0849,Unlikely to churn,0.9151,2026-08-19
0603-OLQDC,0.4162,Unlikely to churn,0.5838,2026-08-19
3272-VUHPV,0.4505,Unlikely to churn,0.5495,2026-08-19
4176-FXYBO,0.1195,Unlikely to churn,0.8805,2026-08-19
1063-DHQJF,0.0672,Unlikely to churn,0.9328,2026-08-19
8663-UPDGF,0.2691,Unlikely to churn,0.7309,2026-08-19
6719-FGEDO,0.0536,Unlikely to churn,0.9464,2026-08-19
1837-YQUCE,0.0264,Unlikely to churn,0.9736,2026-08-19
2947-DOMLJ,0.5531,Likely to churn,0.5531,2026-08-19
4112-LUEIZ,0.566,Likely to churn,0.566,2026-08-19
0369-ZGOVK,0.3688,Unlikely to churn,0.6312,2026-08-19
4510-HIMLV,0.6718,Likely to churn,0.6718,2026-08-19
9919-KNPOO,0.458,Unlikely to churn,0.542,2026-08-19
8749-JMNKX,0.1467,Unlikely to churn,0.8533,2026-08-19
7872-BAAZR,0.0716,Unlikely to churn,0.9284,2026-08-19
9391-LMANN,0.1193,Unlikely to churn,0.8807,2026-08-19
2430-USGXP,0.4072,Unlikely to churn,0.5928,2026-08-19
8174-TBVCF,0.0402,Unlikely to churn,0.9598,2026-08-19
1698-XFZCI,0.0867,Unlikely to churn,0.9133,2026-08-19
1877-HKBQX,0.4091,Unlikely to churn,0.5909,2026-08-19
4450-DLLMH,0.667,Likely to churn,0.667,2026-08-19
0428-AXXLJ,0.2223,Unlikely to churn,0.7777,2026-08-19
2746-DIJLO,0.1732,Unlikely to churn,0.8268,2026-08-19
5955-ERIHD,0.4947,Unlikely to churn,0.5053,2026-08-19
0917-EZOLA,0.0601,Unlikely to churn,0.9399,2026-08-19
3508-VLHCZ,0.0358,Unlikely to churn,0.9642,2026-08-19
4086-ATNFV,0.1795,Unlikely to churn,0.8205,2026-08-19
0468-YRPXN,0.3042,Unlikely to churn,0.6958,2026-08-19
5996-NRVXR,0.1775,Unlikely to churn,0.8225,2026-08-19
3739-YBWAB,0.1346,Unlikely to churn,0.8654,2026-08-19
7047-FWEYA,0.1751,Unlikely to churn,0.8249,2026-08-19
2000-MPKCA,0.0985,Unlikely to churn,0.9015,2026-08-19
9762-YAQAA,0.2597,Unlikely to churn,0.7403,2026-08-19
5949-EBSQK,0.5188,Likely to churn,0.5188,2026-08-19
5473-KHBPS,0.1448,Unlikely to churn,0.8552,2026-08-19
0100-DUVFC,0.0663,Unlikely to churn,0.9337,2026-08-19
5397-TUPSH,0.0945,Unlikely to churn,0.9055,2026-08-19
8950-MTZNV,0.5741,Likely to churn,0.5741,2026-08-19
0326-VDYXE,0.0701,Unlikely to churn,0.9299,2026-08-19
6773-LQTVT,0.1782,Unlikely to churn,0.8218,2026-08-19
7274-RTAPZ,0.6692,Likely to churn,0.6692,2026-08-19
0436-TWFFZ,0.0468,Unlikely to churn,0.9532,2026-08-19
8566-YPRGL,0.4677,Unlikely to churn,0.5323,2026-08-19
0311-UNPFF,0.3787,Unlikely to churn,0.6213,2026-08-19
6609-MXJHJ,0.199,Unlikely to churn,0.801,2026-08-19
2669-OIDSD,0.155,Unlikely to churn,0.845,2026-08-19
8400-WZICQ,0.0825,Unlikely to churn,0.9175,2026-08-19
3834-XUIFC,0.6258,Likely to churn,0.6258,2026-08-19
9576-SYUHJ,0.2748,Unlikely to churn,0.7252,2026-08-19
0410-IPFTY,0.3074,Unlikely to churn,0.6926,2026-08-19
2831-EBWRN,0.5434,Likely to churn,0.5434,2026-08-19
9430-NKQLY,0.0336,Unlikely to churn,0.9664,2026-08-19
8414-MYSHR,0.6299,Likely to churn,0.6299,2026-08-19
0247-SLUJI,0.4686,Unlikely to churn,0.5314,2026-08-19
9402-ORRAH,0.5163,Likely to churn,0.5163,2026-08-19
6483-OATDN,0.4744,Unlikely to churn,0.5256,2026-08-19
1293-HHSHJ,0.1553,Unlikely to churn,0.8447,2026-08-19
4840-ORQXB,0.1201,Unlikely to churn,0.8799,2026-08-19
7599-FKVXZ,0.2121,Unlikely to churn,0.7879,2026-08-19
3982-DQLUS,0.0854,Unlikely to churn,0.9146,2026-08-19
8610-ZIKJJ,0.4594,Unlikely to churn,0.5406,2026-08-19
3756-VNWDH,0.0912,Unlikely to churn,0.9088,2026-08-19
7801-KICAO,0.4984,Unlikely to churn,0.5016,2026-08-19
7673-LPRNY,0.2917,Unlikely to churn,0.7083,2026-08-19
8229-TNIQA,0.5409,Likely to churn,0.5409,2026-08-19
6060-QBMGV,0.0338,Unlikely to churn,0.9662,2026-08-19
7339-POGZN,0.5633,Likely to churn,0.5633,2026-08-19
2828-SLQPF,0.3675,Unlikely to churn,0.6325,2026-08-19
4465-VDKIQ,0.4243,Unlikely to churn,0.5757,2026-08-19
2921-XWDJH,0.2411,Unlikely to churn,0.7589,2026-08-19
6221-AVQYL,0.6742,Likely to churn,0.6742,2026-08-19
2558-BUOZZ,0.1741,Unlikely to churn,0.8259,2026-08-19
9257-AZMTZ,0.0754,Unlikely to churn,0.9246,2026-08-19
0003-MKNFE,0.4988,Unlikely to churn,0.5012,2026-08-19
0975-UYDTX,0.2326,Unlikely to churn,0.7674,2026-08-19
7743-EXURX,0.4733,Unlikely to churn,0.5267,2026-08-19
4682-BLBUC,0.1195,Unlikely to churn,0.8805,2026-08-19
0975-VOOVL,0.4403,Unlikely to churn,0.5597,2026-08-19
5968-VXZLG,0.5694,Likely to churn,0.5694,2026-08-19
5569-KGJHX,0.6042,Likely to churn,0.6042,2026-08-19
4988-IQIGL,0.692,Likely to churn,0.692,2026-08-19
5201-FRKKS,0.3748,Unlikely to churn,0.6252,2026-08-19
9799-CAYJJ,0.6595,Likely to churn,0.6595,2026-08-19
7730-IUTDZ,0.2077,Unlikely to churn,0.7923,2026-08-19
0426-TIRNE,0.4736,Unlikely to churn,0.5264,2026-08-19
5443-SCMKX,0.111,Unlikely to churn,0.889,2026-08-19
8295-KMENE,0.0687,Unlikely to churn,0.9313,2026-08-19
6738-ISCBM,0.0926,Unlikely to churn,0.9074,2026-08-19
9821-BESNZ,0.0782,Unlikely to churn,0.9218,2026-08-19
3678-MNGZX,0.0371,Unlikely to churn,0.9629,2026-08-19
1335-NTIUC,0.3984,Unlikely to churn,0.6016,2026-08-19
2916-BQZLN,0.4414,Unlikely to churn,0.5586,2026-08-19
4558-CGYCZ,0.434,Unlikely to churn,0.566,2026-08-19
2368-GAKKQ,0.0543,Unlikely to churn,0.9457,2026-08-19
8710-YGLWG,0.5739,Likely to churn,0.5739,2026-08-19
3199-XGZCY,0.6178,Likely to churn,0.6178,2026-08-19
3785-KTYSH,0.0775,Unlikely to churn,0.9225,2026-08-19
6814-ZPWFQ,0.0849,Unlikely to churn,0.9151,2026-08-19
4063-EIKNQ,0.3606,Unlikely to churn,0.6394,2026-08-19
6993-YCOBK,0.0945,Unlikely to churn,0.9055,2026-08-19
5206-HPJKM,0.3468,Unlikely to churn,0.6532,2026-08-19
7587-RZNME,0.5442,Likely to churn,0.5442,2026-08-19
0748-RDGGM,0.0508,Unlikely to churn,0.9492,2026-08-19
8393-JMVMB,0.4675,Unlikely to churn,0.5325,2026-08-19
5019-GQVCR,0.2356,Unlikely to churn,0.7644,2026-08-19
6036-TTFYU,0.3037,Unlikely to churn,0.6963,2026-08-19
2550-AEVRU,0.0731,Unlikely to churn,0.9269,2026-08-19
0969-RGKCU,0.1407,Unlikely to churn,0.8593,2026-08-19
0378-CJKPV,0.0485,Unlikely to churn,0.9515,2026-08-19
4706-AXVKM,0.5793,Likely to churn,0.5793,2026-08-19
5889-JTMUL,0.1554,Unlikely to churn,0.8446,2026-08-19
9026-RNUJS,0.5055,Likely to churn,0.5055,2026-08-19
3746-EUBYR,0.6893,Likely to churn,0.6893,2026-08-19
2332-EFBJY,0.3041,Unlikely to churn,0.6959,2026-08-19
2880-FPNAE,0.6372,Likely to churn,0.6372,2026-08-19
1703-MGIAB,0.3574,Unlikely to churn,0.6426,2026-08-19
4311-QTTAI,0.3028,Unlikely to churn,0.6972,2026-08-19
9474-PHLYD,0.3838,Unlikely to churn,0.6162,2026-08-19
4318-RAJVY,0.3669,Unlikely to churn,0.6331,2026-08-19
2165-VOEGB,0.155,Unlikely to churn,0.845,2026-08-19
3612-YUNGG,0.0779,Unlikely to churn,0.9221,2026-08-19
2254-DLXRI,0.6667,Likely to churn,0.6667,2026-08-19
5062-CJJKH,0.2614,Unlikely to churn,0.7386,2026-08-19
9028-LIHRP,0.0497,Unlikely to churn,0.9503,2026-08-19
2219-MVUSO,0.4936,Unlikely to churn,0.5064,2026-08-19
1053-MXTTK,0.0459,Unlikely to churn,0.9541,2026-08-19
1530-ZTDOZ,0.0847,Unlikely to churn,0.9153,2026-08-19
1301-LOPVR,0.1496,Unlikely to churn,0.8504,2026-08-19
0853-TWRVK,0.0519,Unlikely to churn,0.9481,2026-08-19
8914-RBTSB,0.3047,Unlikely to churn,0.6953,2026-08-19
6212-ATMLK,0.1821,Unlikely to churn,0.8179,2026-08-19
8200-LGKSR,0.0378,Unlikely to churn,0.9622,2026-08-19
1568-BEKZM,0.0372,Unlikely to churn,0.9628,2026-08-19
0670-ANMUU,0.0671,Unlikely to churn,0.9329,2026-08-19
6897-RWMUB,0.0551,Unlikely to churn,0.9449,2026-08-19
0963-ZBDRN,0.3033,Unlikely to churn,0.6967,2026-08-19
7594-RQHXR,0.6684,Likely to churn,0.6684,2026-08-19
6999-CHVCF,0.0693,Unlikely to churn,0.9307,2026-08-19
6134-KWTBV,0.0512,Unlikely to churn,0.9488,2026-08-19
1077-HUUJM,0.6122,Likely to churn,0.6122,2026-08-19
6331-EWIEB,0.4766,Unlikely to churn,0.5234,2026-08-19
0895-LNKRC,0.41,Unlikely to churn,0.59,2026-08-19
2045-BMBTJ,0.1351,Unlikely to churn,0.8649,2026-08-19
8417-GSODA,0.3702,Unlikely to churn,0.6298,2026-08-19
5171-EPLKN,0.2075,Unlikely to churn,0.7925,2026-08-19
4452-QIIEB,0.5,Likely to churn,0.5,2026-08-19
5998-VVEJY,0.3884,Unlikely to churn,0.6116,2026-08-19
1624-NALOJ,0.6236,Likely to churn,0.6236,2026-08-19
6741-EGCBI,0.3422,Unlikely to churn,0.6578,2026-08-19
7820-ZYGNY,0.0999,Unlikely to churn,0.9001,2026-08-19
4317-VTEOA,0.5537,Likely to churn,0.5537,2026-08-19
9677-AVKED,0.0855,Unlikely to churn,0.9145,2026-08-19
1670-SVOWZ,0.4752,Unlikely to churn,0.5248,2026-08-19
2227-JRSJX,0.39,Unlikely to churn,0.61,2026-08-19
9847-HNVGP,0.2951,Unlikely to churn,0.7049,2026-08-19
6696-YDAYZ,0.3069,Unlikely to churn,0.6931,2026-08-19
8980-WQFWL,0.2035,Unlikely to churn,0.7965,2026-08-19
1730-ZMAME,0.3204,Unlikely to churn,0.6796,2026-08-19
6506-EYCNH,0.1991,Unlikely to churn,0.8009,2026-08-19
4634-JLRJT,0.4713,Unlikely to churn,0.5287,2026-08-19
9501-UKKNL,0.055,Unlikely to churn,0.945,2026-08-19
2560-QTSBS,0.0327,Unlikely to churn,0.9673,2026-08-19
7541-YLXCL,0.1771,Unlikely to churn,0.8229,2026-08-19
4795-WRNVT,0.1508,Unlikely to churn,0.8492,2026-08-19
6080-TCMYC,0.2502,Unlikely to churn,0.7498,2026-08-19
0260-ZDLGK,0.419,Unlikely to churn,0.581,2026-08-19
7860-UXCRM,0.0471,Unlikely to churn,0.9529,2026-08-19
6357-JJPQT,0.6507,Likely to churn,0.6507,2026-08-19
2292-XQWSV,0.1025,Unlikely to churn,0.8975,2026-08-19
9552-TGUZV,0.5734,Likely to churn,0.5734,2026-08-19
5913-INRQV,0.2637,Unlikely to churn,0.7363,2026-08-19
8722-NGNBH,0.3746,Unlikely to churn,0.6254,2026-08-19
6210-KBBPI,0.5744,Likely to churn,0.5744,2026-08-19
9643-YBLUR,0.4474,Unlikely to churn,0.5526,2026-08-19
8734-FNWVH,0.2616,Unlikely to churn,0.7384,2026-08-19
9447-YPTBX,0.0819,Unlikely to churn,0.9181,2026-08-19
0133-BMFZO,0.6,Likely to churn,0.6,2026-08-19
6128-CZOMY,0.5769,Likely to churn,0.5769,2026-08-19
9540-JYROE,0.5971,Likely to churn,0.5971,2026-08-19
9026-LHEVG,0.3759,Unlikely to churn,0.6241,2026-08-19
2260-USTRB,0.6629,Likely to churn,0.6629,2026-08-19
3656-TKRVZ,0.5048,Likely to churn,0.5048,2026-08-19
7011-CVEUC,0.3747,Unlikely to churn,0.6253,2026-08-19
6185-TASNN,0.5796,Likely to churn,0.5796,2026-08-19
7925-PNRGI,0.114,Unlikely to churn,0.886,2026-08-19
8623-TMRBY,0.149,Unlikely to churn,0.851,2026-08-19
1552-CZCLL,0.0661,Unlikely to churn,0.9339,2026-08-19
3038-PQIUY,0.1656,Unlikely to churn,0.8344,2026-08-19
1501-SGHBW,0.5663,Likely to churn,0.5663,2026-08-19
9313-CDOGY,0.1348,Unlikely to churn,0.8652,2026-08-19
8148-BPLZQ,0.2067,Unlikely to churn,0.7933,2026-08-19
2623-DRYAM,0.0747,Unlikely to churn,0.9253,2026-08-19
9987-LUTYD,0.3889,Unlikely to churn,0.6111,2026-08-19
3208-YPIOE,0.2747,Unlikely to churn,0.7253,2026-08-19
4488-KQFDT,0.0963,Unlikely to churn,0.9037,2026-08-19
2612-RANWT,0.5426,Likely to churn,0.5426,2026-08-19
5693-PIPCS,0.2018,Unlikely to churn,0.7982,2026-08-19
0491-KAPQG,0.4615,Unlikely to churn,0.5385,2026-08-19
1925-LFCZZ,0.0639,Unlikely to churn,0.9361,2026-08-19
8039-EQPIM,0.0285,Unlikely to churn,0.9715,2026-08-19
6900-PXRMS,0.3612,Unlikely to churn,0.6388,2026-08-19
8707-RMEZH,0.0622,Unlikely to churn,0.9378,2026-08-19
3346-BRMIS,0.2728,Unlikely to churn,0.7272,2026-08-19
3209-ZPKFI,0.1326,Unlikely to churn,0.8674,2026-08-19
6479-VDGRK,0.0315,Unlikely to churn,0.9685,2026-08-19
9373-WSLOY,0.1377,Unlikely to churn,0.8623,2026-08-19
2933-FILNV,0.4766,Unlikely to churn,0.5234,2026-08-19
3569-JFODW,0.0345,Unlikely to churn,0.9655,2026-08-19
9819-FBNSV,0.2834,Unlikely to churn,0.7166,2026-08-19
9544-PYPSJ,0.0965,Unlikely to churn,0.9035,2026-08-19
1591-XWLGB,0.0323,Unlikely to churn,0.9677,2026-08-19
0396-UKGAI,0.2855,Unlikely to churn,0.7145,2026-08-19
3243-ZHOHY,0.3055,Unlikely to churn,0.6945,2026-08-19
5186-EJEGL,0.4052,Unlikely to churn,0.5948,2026-08-19
7527-QNRUS,0.3136,Unlikely to churn,0.6864,2026-08-19
9986-BONCE,0.439,Unlikely to churn,0.561,2026-08-19
2722-JMONI,0.5488,Likely to churn,0.5488,2026-08-19
2203-GHNWN,0.4074,Unlikely to churn,0.5926,2026-08-19
3878-AVSOQ,0.6771,Likely to churn,0.6771,2026-08-19
3258-SYSWS,0.0498,Unlikely to churn,0.9502,2026-08-19
5296-PSYVW,0.0333,Unlikely to churn,0.9667,2026-08-19
6319-QSUSR,0.3557,Unlikely to churn,0.6443,2026-08-19
4083-EUGRJ,0.3796,Unlikely to churn,0.6204,2026-08-19
7579-OOPEC,0.5397,Likely to churn,0.5397,2026-08-19
0512-FLFDW,0.1121,Unlikely to churn,0.8879,2026-08-19
1771-OADNZ,0.3327,Unlikely to churn,0.6673,2026-08-19
0487-CRLZF,0.1022,Unlikely to churn,0.8978,2026-08-19
2107-FBPTK,0.3132,Unlikely to churn,0.6868,2026-08-19
9451-WLYRI,0.0711,Unlikely to churn,0.9289,2026-08-19
8219-VYBVI,0.14,Unlikely to churn,0.86,2026-08-19
1991-VOPLL,0.3749,Unlikely to churn,0.6251,2026-08-19
9738-QLWTP,0.2281,Unlikely to churn,0.7719,2026-08-19
1016-DJTSV,0.5955,Likely to churn,0.5955,2026-08-19
9419-IPPBE,0.1622,Unlikely to churn,0.8378,2026-08-19
0174-QRVVY,0.0353,Unlikely to churn,0.9647,2026-08-19
5699-BNCAS,0.0349,Unlikely to churn,0.9651,2026-08-19
2900-PHPLN,0.0336,Unlikely to churn,0.9664,2026-08-19
0612-RTZZA,0.4918,Unlikely to churn,0.5082,2026-08-19
8106-GWQOK,0.111,Unlikely to churn,0.889,2026-08-19
8751-EDEKA,0.3208,Unlikely to churn,0.6792,2026-08-19
6878-GGDWG,0.1705,Unlikely to churn,0.8295,2026-08-19
4039-PIMHX,0.1144,Unlikely to churn,0.8856,2026-08-19
8450-LUGUK,0.1497,Unlikely to churn,0.8503,2026-08-19
3604-WLABM,0.419,Unlikely to churn,0.581,2026-08-19
0795-GMVQO,0.0692,Unlikely to churn,0.9308,2026-08-19
2259-OUUSZ,0.3772,Unlikely to churn,0.6228,2026-08-19
1142-IHLOO,0.1563,Unlikely to churn,0.8437,2026-08-19
6410-LEFEN,0.4819,Unlikely to churn,0.5181,2026-08-19
4633-MKHYU,0.573,Likely to churn,0.573,2026-08-19
6257-RJOHI,0.5191,Likely to churn,0.5191,2026-08-19
1545-JFUML,0.0579,Unlikely to churn,0.9421,2026-08-19
3194-ORPIK,0.1807,Unlikely to churn,0.8193,2026-08-19
7826-VVKWT,0.3891,Unlikely to churn,0.6109,2026-08-19
1353-GHZOS,0.3109,Unlikely to churn,0.6891,2026-08-19
2587-EKXTS,0.183,Unlikely to churn,0.817,2026-08-19
5442-BXVND,0.1755,Unlikely to churn,0.8245,2026-08-19
8816-VXNZD,0.6911,Likely to churn,0.6911,2026-08-19
9378-FXTIZ,0.1073,Unlikely to churn,0.8927,2026-08-19
1723-HKXJQ,0.2304,Unlikely to churn,0.7696,2026-08-19
7825-GKXMW,0.5776,Likely to churn,0.5776,2026-08-19
9753-OYLBX,0.4719,Unlikely to churn,0.5281,2026-08-19
2364-UFROM,0.2056,Unlikely to churn,0.7944,2026-08-19
6656-JWRQX,0.4691,Unlikely to churn,0.5309,2026-08-19
6473-ULUHT,0.3469,Unlikely to churn,0.6531,2026-08-19
1240-KNSEZ,0.4702,Unlikely to churn,0.5298,2026-08-19
0836-SEYLU,0.3755,Unlikely to churn,0.6245,2026-08-19
4433-JCGCG,0.1969,Unlikely to churn,0.8031,2026-08-19
3716-BDVDB,0.6692,Likely to churn,0.6692,2026-08-19
7688-AWMDX,0.04,Unlikely to churn,0.96,2026-08-19
2842-BCQGE,0.2393,Unlikely to churn,0.7607,2026-08-19
7244-QWYHG,0.0729,Unlikely to churn,0.9271,2026-08-19
5899-MQZZL,0.5602,Likely to churn,0.5602,2026-08-19
6849-OYAMU,0.416,Unlikely to churn,0.584,2026-08-19
5312-UXESG,0.2277,Unlikely to churn,0.7723,2026-08-19
9488-HGMJH,0.6767,Likely to churn,0.6767,2026-08-19
6038-GCYEC,0.2069,Unlikely to churn,0.7931,2026-08-19
2150-WLKUW,0.1724,Unlikely to churn,0.8276,2026-08-19
7159-FVYPK,0.5178,Likely to churn,0.5178,2026-08-19
7032-LMBHI,0.1954,Unlikely to churn,0.8046,2026-08-19
1150-WFARN,0.0679,Unlikely to churn,0.9321,2026-08-19
6088-BXMRG,0.3128,Unlikely to churn,0.6872,2026-08-19
3144-AUDBS,0.4887,Unlikely to churn,0.5113,2026-08-19
4821-SJHJV,0.3182,Unlikely to churn,0.6818,2026-08-19
7346-MEDWM,0.106,Unlikely to churn,0.894,2026-08-19
1137-DGOWI,0.2052,Unlikely to churn,0.7948,2026-08-19
5616-PRTNT,0.265,Unlikely to churn,0.735,2026-08-19
3812-LRZIR,0.2206,Unlikely to churn,0.7794,2026-08-19
4818-QIUFN,0.4511,Unlikely to churn,0.5489,2026-08-19
9483-GCPWE,0.379,Unlikely to churn,0.621,2026-08-19
4227-OJHAL,0.0437,Unlikely to churn,0.9563,2026-08-19
9220-CXRSC,0.0489,Unlikely to churn,0.9511,2026-08-19
4993-JCRGJ,0.3611,Unlikely to churn,0.6389,2026-08-19
9537-JALFH,0.0354,Unlikely to churn,0.9646,2026-08-19
6698-OXETB,0.3584,Unlikely to churn,0.6416,2026-08-19
2103-ZRXFN,0.5977,Likely to churn,0.5977,2026-08-19
3724-BSCVH,0.3695,Unlikely to churn,0.6305,2026-08-19
4877-TSOFF,0.0808,Unlikely to churn,0.9192,2026-08-19
9209-NWPGU,0.1289,Unlikely to churn,0.8711,2026-08-19
6961-VCPMC,0.1991,Unlikely to churn,0.8009,2026-08-19
7306-YDSOI,0.0401,Unlikely to churn,0.9599,2026-08-19
5288-AHOUP,0.5534,Likely to churn,0.5534,2026-08-19
6688-UZPWD,0.5619,Likely to churn,0.5619,2026-08-19
0655-YDGFJ,0.2451,Unlikely to churn,0.7549,2026-08-19
8468-EHYJA,0.1253,Unlikely to churn,0.8747,2026-08-19
6823-SIDFQ,0.1956,Unlikely to churn,0.8044,2026-08-19
1097-FSPVW,0.1395,Unlikely to churn,0.8605,2026-08-19
2839-RFSQE,0.4609,Unlikely to churn,0.5391,2026-08-19
8328-SKJNO,0.2069,Unlikely to churn,0.7931,2026-08-19
7010-ZMVBF,0.2872,Unlikely to churn,0.7128,2026-08-19
5201-CBWYG,0.0524,Unlikely to churn,0.9476,2026-08-19
0968-GSIKN,0.6755,Likely to churn,0.6755,2026-08-19
1965-DDBWU,0.4943,Unlikely to churn,0.5057,2026-08-19
9057-SIHCH,0.671,Likely to churn,0.671,2026-08-19
6352-GIGGQ,0.0417,Unlikely to churn,0.9583,2026-08-19
3635-QQRQD,0.0486,Unlikely to churn,0.9514,2026-08-19
6771-XWBDM,0.1148,Unlikely to churn,0.8852,2026-08-19
2897-DOVND,0.6614,Likely to churn,0.6614,2026-08-19
3082-YVEKW,0.2869,Unlikely to churn,0.7131,2026-08-19
0191-EQUUH,0.2056,Unlikely to churn,0.7944,2026-08-19
7134-HBPBS,0.054,Unlikely to churn,0.946,2026-08-19
3489-HHPFY,0.6745,Likely to churn,0.6745,2026-08-19
2926-JEJJC,0.3905,Unlikely to churn,0.6095,2026-08-19
8601-QACRS,0.5514,Likely to churn,0.5514,2026-08-19
4950-BDEUX,0.1466,Unlikely to churn,0.8534,2026-08-19
5789-LDFXO,0.246,Unlikely to churn,0.754,2026-08-19
0508-OOLTO,0.6683,Likely to churn,0.6683,2026-08-19
2984-TBYKU,0.0513,Unlikely to churn,0.9487,2026-08-19
9822-WMWVG,0.1916,Unlikely to churn,0.8084,2026-08-19
2391-SOORI,0.513,Likely to churn,0.513,2026-08-19
9040-KZVWO,0.3686,Unlikely to churn,0.6314,2026-08-19
2645-QTLMB,0.5759,Likely to churn,0.5759,2026-08-19
4806-HIPDW,0.6686,Likely to churn,0.6686,2026-08-19
1548-ARAGG,0.5064,Likely to churn,0.5064,2026-08-19
6339-RZCBJ,0.097,Unlikely to churn,0.903,2026-08-19
4424-TKOPW,0.6711,Likely to churn,0.6711,2026-08-19
4415-WNGVR,0.3679,Unlikely to churn,0.6321,2026-08-19
2522-AHJXR,0.0928,Unlikely to churn,0.9072,2026-08-19
0412-UCCNP,0.0738,Unlikely to churn,0.9262,2026-08-19
1816-FLZDK,0.4633,Unlikely to churn,0.5367,2026-08-19
7096-UCLNH,0.47,Unlikely to churn,0.53,2026-08-19
8443-ZRDBZ,0.6639,Likely to churn,0.6639,2026-08-19
9136-ALYBR,0.4885,Unlikely to churn,0.5115,2026-08-19
4615-PIVVU,0.142,Unlikely to churn,0.858,2026-08-19
8885-QSQBX,0.5488,Likely to churn,0.5488,2026-08-19
7479-NITWS,0.5996,Likely to churn,0.5996,2026-08-19
8617-ENBDS,0.6239,Likely to churn,0.6239,2026-08-19
9385-NXKDA,0.0359,Unlikely to churn,0.9641,2026-08-19
0430-IHCDJ,0.4283,Unlikely to churn,0.5717,2026-08-19
2959-MJHIC,0.6394,Likely to churn,0.6394,2026-08-19
6674-KVJHG,0.3772,Unlikely to churn,0.6228,2026-08-19
1814-DKOLC,0.4461,Unlikely to churn,0.5539,2026-08-19
4201-JMNGR,0.5301,Likely to churn,0.5301,2026-08-19
9351-HXDMR,0.0564,Unlikely to churn,0.9436,2026-08-19
3537-HPKQT,0.135,Unlikely to churn,0.865,2026-08-19
2129-ALKBS,0.1368,Unlikely to churn,0.8632,2026-08-19
5821-MMEIL,0.0605,Unlikely to churn,0.9395,2026-08-19
5960-WPXQM,0.6663,Likely to churn,0.6663,2026-08-19
0684-AOSIH,0.6455,Likely to churn,0.6455,2026-08-19
8260-NGFNY,0.4916,Unlikely to churn,0.5084,2026-08-19
1309-XGFSN,0.0992,Unlikely to churn,0.9008,2026-08-19
1866-RZZQS,0.2287,Unlikely to churn,0.7713,2026-08-19
6968-URWQU,0.1603,Unlikely to churn,0.8397,2026-08-19
4742-TXUEX,0.0923,Unlikely to churn,0.9077,2026-08-19
9631-XEYKE,0.5736,Likely to churn,0.5736,2026-08-19
8631-NBHFZ,0.0446,Unlikely to churn,0.9554,2026-08-19
1335-MXCSE,0.082,Unlikely to churn,0.918,2026-08-19
8873-TMKGR,0.1905,Unlikely to churn,0.8095,2026-08-19
8800-JOOCF,0.5648,Likely to churn,0.5648,2026-08-19
1469-LBJQJ,0.0793,Unlikely to churn,0.9207,2026-08-19
4958-XCBDQ,0.2923,Unlikely to churn,0.7077,2026-08-19
8337-UPOAQ,0.5673,Likely to churn,0.5673,2026-08-19
0064-YIJGF,0.4011,Unlikely to churn,0.5989,2026-08-19
2386-OWURY,0.1127,Unlikely to churn,0.8873,2026-08-19
1725-IQNIY,0.1021,Unlikely to churn,0.8979,2026-08-19
0310-VQXAM,0.3781,Unlikely to churn,0.6219,2026-08-19
6598-RFFVI,0.4553,Unlikely to churn,0.5447,2026-08-19
3453-RTHJQ,0.6155,Likely to churn,0.6155,2026-08-19
6712-OAWRH,0.3885,Unlikely to churn,0.6115,2026-08-19
6278-FEPBZ,0.3796,Unlikely to churn,0.6204,2026-08-19
4280-DLSHD,0.4441,Unlikely to churn,0.5559,2026-08-19
1508-DFXCU,0.554,Likely to churn,0.554,2026-08-19
8614-VGMMV,0.4287,Unlikely to churn,0.5713,2026-08-19
7868-BGSZA,0.1424,Unlikely to churn,0.8576,2026-08-19
2800-QQUSO,0.2261,Unlikely to churn,0.7739,2026-08-19
2930-UOTMB,0.2133,Unlikely to churn,0.7867,2026-08-19
7973-DZRKH,0.0751,Unlikely to churn,0.9249,2026-08-19
5914-DVBWJ,0.4559,Unlikely to churn,0.5441,2026-08-19
7698-YFGEZ,0.4698,Unlikely to churn,0.5302,2026-08-19
2533-QVMSK,0.0976,Unlikely to churn,0.9024,2026-08-19
9773-PEQBZ,0.5705,Likely to churn,0.5705,2026-08-19
8644-XLFBW,0.6786,Likely to churn,0.6786,2026-08-19
0650-BWOZN,0.451,Unlikely to churn,0.549,2026-08-19
8625-AZYZY,0.3787,Unlikely to churn,0.6213,2026-08-19
7785-RDVIG,0.4437,Unlikely to churn,0.5563,2026-08-19
9602-WCXPI,0.0823,Unlikely to churn,0.9177,2026-08-19
2903-YYTBW,0.5724,Likely to churn,0.5724,2026-08-19
3620-MWJNE,0.5128,Likely to churn,0.5128,2026-08-19
8573-JGCZW,0.2941,Unlikely to churn,0.7059,2026-08-19
6837-HAEVO,0.0694,Unlikely to churn,0.9306,2026-08-19
6701-YVNQG,0.0332,Unlikely to churn,0.9668,2026-08-19
9306-CPCBC,0.6676,Likely to churn,0.6676,2026-08-19
4304-XUMGI,0.099,Unlikely to churn,0.901,2026-08-19
9504-YAZWB,0.0724,Unlikely to churn,0.9276,2026-08-19
8819-ZBYNA,0.1005,Unlikely to churn,0.8995,2026-08-19
6174-NRBTZ,0.0974,Unlikely to churn,0.9026,2026-08-19
9481-IEBZY,0.0491,Unlikely to churn,0.9509,2026-08-19
1833-VGRUM,0.6879,Likely to churn,0.6879,2026-08-19
6137-NICCO,0.5864,Likely to churn,0.5864,2026-08-19
9065-ZCPQX,0.0337,Unlikely to churn,0.9663,2026-08-19
6402-EJMWF,0.5379,Likely to churn,0.5379,2026-08-19
3620-EHIMZ,0.0746,Unlikely to churn,0.9254,2026-08-19
3213-VVOLG,0.504,Likely to churn,0.504,2026-08-19
6870-ECSHE,0.4601,Unlikely to churn,0.5399,2026-08-19
8747-UDCOI,0.042,Unlikely to churn,0.958,2026-08-19
8374-XGEJJ,0.22,Unlikely to churn,0.78,2026-08-19
2656-TABEH,0.6333,Likely to churn,0.6333,2026-08-19
6946-LMSQS,0.3908,Unlikely to churn,0.6092,2026-08-19
4626-OZDTJ,0.1001,Unlikely to churn,0.8999,2026-08-19
9169-BSVIN,0.4364,Unlikely to churn,0.5636,2026-08-19
2325-ZUSFD,0.0802,Unlikely to churn,0.9198,2026-08-19
8194-PEEBY,0.2317,Unlikely to churn,0.7683,2026-08-19
6872-HXFNF,0.0581,Unlikely to churn,0.9419,2026-08-19
3932-CMDTD,0.5689,Likely to churn,0.5689,2026-08-19
7714-YXSMB,0.3826,Unlikely to churn,0.6174,2026-08-19
8387-UGUSU,0.3153,Unlikely to churn,0.6847,2026-08-19
1080-BWSYE,0.0486,Unlikely to churn,0.9514,2026-08-19
4039-HEUNW,0.2663,Unlikely to churn,0.7337,2026-08-19
1194-HVAIF,0.3923,Unlikely to churn,0.6077,2026-08-19
0812-WUPTB,0.6756,Likely to churn,0.6756,2026-08-19
3594-UVONA,0.1818,Unlikely to churn,0.8182,2026-08-19
0004-TLHLJ,0.6141,Likely to churn,0.6141,2026-08-19
1767-TGTKO,0.4948,Unlikely to churn,0.5052,2026-08-19
8439-LTUGF,0.3677,Unlikely to churn,0.6323,2026-08-19
8805-JNRAZ,0.5357,Likely to churn,0.5357,2026-08-19
5089-IFSDP,0.101,Unlikely to churn,0.899,2026-08-19
6418-HNFED,0.0774,Unlikely to churn,0.9226,2026-08-19
0206-OYVOC,0.0963,Unlikely to churn,0.9037,2026-08-19
7291-CDTMJ,0.4684,Unlikely to churn,0.5316,2026-08-19
7128-GGCNO,0.2076,Unlikely to churn,0.7924,2026-08-19
0237-YFUTL,0.1409,Unlikely to churn,0.8591,2026-08-19
7691-KGKGP,0.088,Unlikely to churn,0.912,2026-08-19
6710-HSJRD,0.0955,Unlikely to churn,0.9045,2026-08-19
3675-EQOZA,0.4263,Unlikely to churn,0.5737,2026-08-19
0840-DCNZE,0.0971,Unlikely to churn,0.9029,2026-08-19
1732-FEKLD,0.1318,Unlikely to churn,0.8682,2026-08-19
9862-KJTYK,0.2945,Unlikely to churn,0.7055,2026-08-19
0479-HMSWA,0.3196,Unlikely to churn,0.6804,2026-08-19
5854-KSRBJ,0.037,Unlikely to churn,0.963,2026-08-19
0365-BZUWY,0.4495,Unlikely to churn,0.5505,2026-08-19
4817-VYYWS,0.3384,Unlikely to churn,0.6616,2026-08-19
5701-SVCWR,0.4866,Unlikely to churn,0.5134,2026-08-19
3129-AAQOU,0.2954,Unlikely to churn,0.7046,2026-08-19
4922-CVPDX,0.2474,Unlikely to churn,0.7526,2026-08-19
1396-QWFBJ,0.4186,Unlikely to churn,0.5814,2026-08-19
1357-BIJKI,0.1625,Unlikely to churn,0.8375,2026-08-19
1099-BTKWT,0.0323,Unlikely to churn,0.9677,2026-08-19
5299-SJCZT,0.6493,Likely to churn,0.6493,2026-08-19
2018-PZKMU,0.5451,Likely to churn,0.5451,2026-08-19
7340-KEFQE,0.0703,Unlikely to churn,0.9297,2026-08-19
4570-QHXHL,0.476,Unlikely to churn,0.524,2026-08-19
2403-BCASL,0.2062,Unlikely to churn,0.7938,2026-08-19
7392-YYPYJ,0.4283,Unlikely to churn,0.5717,2026-08-19
2898-LSJGD,0.2363,Unlikely to churn,0.7637,2026-08-19
2223-GDSHL,0.054,Unlikely to churn,0.946,2026-08-19
7359-PTSXY,0.5774,Likely to churn,0.5774,2026-08-19
9470-RTWDV,0.275,Unlikely to churn,0.725,2026-08-19
2176-OSJUV,0.04,Unlikely to churn,0.96,2026-08-19
9348-YVOMK,0.5388,Likely to churn,0.5388,2026-08-19
8104-OSKWT,0.5472,Likely to churn,0.5472,2026-08-19
4521-YEEHE,0.4701,Unlikely to churn,0.5299,2026-08-19
4090-KPJIP,0.6702,Likely to churn,0.6702,2026-08-19
3786-WOVKF,0.0627,Unlikely to churn,0.9373,2026-08-19
4503-BDXBD,0.5386,Likely to churn,0.5386,2026-08-19
6086-ESGRL,0.6704,Likely to churn,0.6704,2026-08-19
2592-HODOV,0.3331,Unlikely to churn,0.6669,2026-08-19
3886-CERTZ,0.055,Unlikely to churn,0.945,2026-08-19
7995-ZHHNZ,0.1661,Unlikely to churn,0.8339,2026-08-19
3824-RHKVR,0.2943,Unlikely to churn,0.7057,2026-08-19
5816-SCGFC,0.4861,Unlikely to churn,0.5139,2026-08-19
5989-AXPUC,0.0641,Unlikely to churn,0.9359,2026-08-19
4979-HPRFL,0.0675,Unlikely to churn,0.9325,2026-08-19
8590-OHDIW,0.1362,Unlikely to churn,0.8638,2026-08-19
8015-IHCGW,0.0512,Unlikely to churn,0.9488,2026-08-19
2332-TODQS,0.0966,Unlikely to churn,0.9034,2026-08-19
9278-VZKCD,0.1289,Unlikely to churn,0.8711,2026-08-19
8008-OTEZX,0.1521,Unlikely to churn,0.8479,2026-08-19
2773-OVBPK,0.0707,Unlikely to churn,0.9293,2026-08-19
5999-LCXAO,0.4664,Unlikely to churn,0.5336,2026-08-19
5206-XZZQI,0.1305,Unlikely to churn,0.8695,2026-08-19
4803-LBYPN,0.1609,Unlikely to churn,0.8391,2026-08-19
5759-RCVCB,0.4653,Unlikely to churn,0.5347,2026-08-19
6372-RFVNS,0.6654,Likely to churn,0.6654,2026-08-19
2139-FQHLM,0.4187,Unlikely to churn,0.5813,2026-08-19
8261-GWDBQ,0.0872,Unlikely to churn,0.9128,2026-08-19
1093-YSWCA,0.3552,Unlikely to churn,0.6448,2026-08-19
8938-UMKPI,0.1762,Unlikely to churn,0.8238,2026-08-19
0991-BRRFB,0.3538,Unlikely to churn,0.6462,2026-08-19
3882-IYOIJ,0.0861,Unlikely to churn,0.9139,2026-08-19
8749-TZYEC,0.0335,Unlikely to churn,0.9665,2026-08-19
1755-FZQEC,0.13,Unlikely to churn,0.87,2026-08-19
3115-JPJDD,0.1028,Unlikely to churn,0.8972,2026-08-19
5600-KTXFM,0.6619,Likely to churn,0.6619,2026-08-19
3871-IKPYH,0.6692,Likely to churn,0.6692,2026-08-19
6319-IEJWJ,0.4525,Unlikely to churn,0.5475,2026-08-19
9025-AOMKI,0.6274,Likely to churn,0.6274,2026-08-19
6339-TBELP,0.0665,Unlikely to churn,0.9335,2026-08-19
7964-YESJC,0.277,Unlikely to churn,0.723,2026-08-19
6173-GOLSU,0.0899,Unlikely to churn,0.9101,2026-08-19
5275-SQEIZ,0.673,Likely to churn,0.673,2026-08-19
7716-YTYHG,0.1888,Unlikely to churn,0.8112,2026-08-19
9938-ZREHM,0.1869,Unlikely to churn,0.8131,2026-08-19
7950-XWOVN,0.3313,Unlikely to churn,0.6687,2026-08-19
4390-KYULV,0.4489,Unlikely to churn,0.5511,2026-08-19
4647-MUZON,0.455,Unlikely to churn,0.545,2026-08-19
9702-AIUJO,0.1195,Unlikely to churn,0.8805,2026-08-19
8849-PRIQJ,0.0686,Unlikely to churn,0.9314,2026-08-19
8851-RAGOV,0.2485,Unlikely to churn,0.7515,2026-08-19
1304-NECVQ,0.6539,Likely to churn,0.6539,2026-08-19
5396-IZEPB,0.3775,Unlikely to churn,0.6225,2026-08-19
1729-VLAZJ,0.3225,Unlikely to churn,0.6775,2026-08-19
8285-ABVLB,0.0338,Unlikely to churn,0.9662,2026-08-19
0701-TJSEF,0.4001,Unlikely to churn,0.5999,2026-08-19
5712-VBOXD,0.4357,Unlikely to churn,0.5643,2026-08-19
6629-LADHQ,0.543,Likely to churn,0.543,2026-08-19
8945-GRKHX,0.6648,Likely to churn,0.6648,2026-08-19
1559-DTODC,0.2939,Unlikely to churn,0.7061,2026-08-19
4797-MIWUM,0.4019,Unlikely to churn,0.5981,2026-08-19
6959-UWKHF,0.5656,Likely to churn,0.5656,2026-08-19
8720-RQSBJ,0.5702,Likely to churn,0.5702,2026-08-19
4537-CIBHB,0.3796,Unlikely to churn,0.6204,2026-08-19
3815-SLMEF,0.417,Unlikely to churn,0.583,2026-08-19
5154-VEKBL,0.321,Unlikely to churn,0.679,2026-08-19
4324-AHJKS,0.4833,Unlikely to churn,0.5167,2026-08-19
4355-CVPVS,0.1304,Unlikely to churn,0.8696,2026-08-19
4495-LHSSK,0.3861,Unlikely to churn,0.6139,2026-08-19
5655-JSMZM,0.1905,Unlikely to churn,0.8095,2026-08-19
5915-ANOEI,0.0371,Unlikely to churn,0.9629,2026-08-19
9861-PDSZP,0.0539,Unlikely to churn,0.9461,2026-08-19
4505-EXZHB,0.5937,Likely to churn,0.5937,2026-08-19
7225-CBZPL,0.5068,Likely to churn,0.5068,2026-08-19
6704-UTUKK,0.2048,Unlikely to churn,0.7952,2026-08-19
4587-VVTOX,0.5886,Likely to churn,0.5886,2026-08-19
2019-HDCZY,0.102,Unlikely to churn,0.898,2026-08-19
4652-NNHNY,0.5205,Likely to churn,0.5205,2026-08-19
8788-DOXSU,0.0758,Unlikely to churn,0.9242,2026-08-19
7404-JLKQG,0.5141,Likely to churn,0.5141,2026-08-19
7421-ZLUPA,0.3839,Unlikely to churn,0.6161,2026-08-19
8972-HJWNV,0.6232,Likely to churn,0.6232,2026-08-19
3274-NSDWE,0.0368,Unlikely to churn,0.9632,2026-08-19
2632-IVXVF,0.0682,Unlikely to churn,0.9318,2026-08-19
3692-JHONH,0.145,Unlikely to churn,0.855,2026-08-19
8915-NNTRC,0.0536,Unlikely to churn,0.9464,2026-08-19
5914-GXMDA,0.1703,Unlikely to churn,0.8297,2026-08-19
7463-IFMQU,0.031,Unlikely to churn,0.969,2026-08-19
2920-RNCEZ,0.6723,Likely to churn,0.6723,2026-08-19
2541-YGPKE,0.1364,Unlikely to churn,0.8636,2026-08-19
8515-OCTJS,0.2379,Unlikely to churn,0.7621,2026-08-19
5382-TEMLV,0.1369,Unlikely to churn,0.8631,2026-08-19
3441-CGZJH,0.0904,Unlikely to churn,0.9096,2026-08-19
9592-ERDKV,0.1779,Unlikely to churn,0.8221,2026-08-19
2860-RANUS,0.4789,Unlikely to churn,0.5211,2026-08-19
5261-QSHQM,0.4535,Unlikely to churn,0.5465,2026-08-19
4778-IZARL,0.0698,Unlikely to churn,0.9302,2026-08-19
0432-CAJZV,0.6487,Likely to churn,0.6487,2026-08-19
7008-LZVOZ,0.0442,Unlikely to churn,0.9558,2026-08-19
8868-WOZGU,0.3397,Unlikely to churn,0.6603,2026-08-19
1200-TUZHR,0.6147,Likely to churn,0.6147,2026-08-19
9365-CSLBQ,0.0348,Unlikely to churn,0.9652,2026-08-19
1334-FJSVR,0.4876,Unlikely to churn,0.5124,2026-08-19
5884-FBCTL,0.0336,Unlikely to churn,0.9664,2026-08-19
7130-CTCUS,0.3538,Unlikely to churn,0.6462,2026-08-19
6242-FEGFD,0.0694,Unlikely to churn,0.9306,2026-08-19
7625-XCQRH,0.5892,Likely to churn,0.5892,2026-08-19
6194-HBGQN,0.0883,Unlikely to churn,0.9117,2026-08-19
7634-WSWDB,0.378,Unlikely to churn,0.622,2026-08-19
6986-IXNDM,0.5339,Likely to churn,0.5339,2026-08-19
1731-TVIUK,0.6067,Likely to churn,0.6067,2026-08-19
2987-BJXIK,0.0406,Unlikely to churn,0.9594,2026-08-19
9769-TSBZE,0.0424,Unlikely to churn,0.9576,2026-08-19
0406-BPDVR,0.1453,Unlikely to churn,0.8547,2026-08-19
0618-XWMSS,0.3448,Unlikely to churn,0.6552,2026-08-19
1395-WSWXR,0.2342,Unlikely to churn,0.7658,2026-08-19
6023-GSSXW,0.0489,Unlikely to churn,0.9511,2026-08-19
6752-APNJL,0.1394,Unlikely to churn,0.8606,2026-08-19
5276-KQWHG,0.6606,Likely to churn,0.6606,2026-08-19
0420-HLGXF,0.2499,Unlikely to churn,0.7501,2026-08-19
7446-KQISO,0.1719,Unlikely to churn,0.8281,2026-08-19
9823-EALYC,0.0348,Unlikely to churn,0.9652,2026-08-19
0582-AVCLN,0.1362,Unlikely to churn,0.8638,2026-08-19
5803-NQJZO,0.0335,Unlikely to churn,0.9665,2026-08-19
2565-JSLRY,0.4868,Unlikely to churn,0.5132,2026-08-19
2607-DHDAK,0.0309,Unlikely to churn,0.9691,2026-08-19
1073-XXCZD,0.0723,Unlikely to churn,0.9277,2026-08-19
0743-HRVFF,0.0708,Unlikely to churn,0.9292,2026-08-19
4006-HKYHO,0.0482,Unlikely to churn,0.9518,2026-08-19
3727-JEZTU,0.4715,Unlikely to churn,0.5285,2026-08-19
8143-ETQTI,0.2393,Unlikely to churn,0.7607,2026-08-19
6689-KXGBO,0.5529,Likely to churn,0.5529,2026-08-19
9667-TKTVZ,0.5571,Likely to churn,0.5571,2026-08-19
3657-COGMW,0.127,Unlikely to churn,0.873,2026-08-19
8570-KLJYJ,0.2042,Unlikely to churn,0.7958,2026-08-19
7754-IXRMC,0.5757,Likely to churn,0.5757,2026-08-19
9473-CBZOP,0.2517,Unlikely to churn,0.7483,2026-08-19
2969-WGHQO,0.4277,Unlikely to churn,0.5723,2026-08-19
6615-NGGZJ,0.521,Likely to churn,0.521,2026-08-19
4334-HOWRP,0.0225,Unlikely to churn,0.9775,2026-08-19
4255-DDUOU,0.4719,Unlikely to churn,0.5281,2026-08-19
5863-OOKCL,0.3632,Unlikely to churn,0.6368,2026-08-19
1686-STUHN,0.1147,Unlikely to churn,0.8853,2026-08-19
1329-VHWNP,0.4215,Unlikely to churn,0.5785,2026-08-19
2984-MIIZL,0.6177,Likely to churn,0.6177,2026-08-19
0266-GMEAO,0.0502,Unlikely to churn,0.9498,2026-08-19
5590-YRFJT,0.2818,Unlikely to churn,0.7182,2026-08-19
5574-NXZIU,0.0689,Unlikely to churn,0.9311,2026-08-19
0019-GFNTW,0.0477,Unlikely to churn,0.9523,2026-08-19
4256-ZWTZI,0.5082,Likely to churn,0.5082,2026-08-19
8309-PPCED,0.056,Unlikely to churn,0.944,2026-08-19
4098-NAUKP,0.0738,Unlikely to churn,0.9262,2026-08-19
5196-WPYOW,0.0441,Unlikely to churn,0.9559,2026-08-19
4608-LCIMN,0.4915,Unlikely to churn,0.5085,2026-08-19
1485-YDHMM,0.1398,Unlikely to churn,0.8602,2026-08-19
4054-CUMIA,0.2865,Unlikely to churn,0.7135,2026-08-19
0603-TPMIB,0.0604,Unlikely to churn,0.9396,2026-08-19
2525-GVKQU,0.0535,Unlikely to churn,0.9465,2026-08-19
8161-QYMTT,0.6186,Likely to churn,0.6186,2026-08-19
9581-GVBXT,0.0499,Unlikely to churn,0.9501,2026-08-19
5862-BRIXZ,0.08,Unlikely to churn,0.92,2026-08-19
5404-GGUKR,0.5097,Likely to churn,0.5097,2026-08-19
3308-JSGML,0.0476,Unlikely to churn,0.9524,2026-08-19
2126-GSEGL,0.0406,Unlikely to churn,0.9594,2026-08-19
3677-TNKIO,0.5319,Likely to churn,0.5319,2026-08-19
0440-QEXBZ,0.1643,Unlikely to churn,0.8357,2026-08-19
2434-EEVDB,0.0866,Unlikely to churn,0.9134,2026-08-19
6762-QVYJO,0.0465,Unlikely to churn,0.9535,2026-08-19
6199-IWKGC,0.1949,Unlikely to churn,0.8051,2026-08-19
2675-DHUTR,0.1189,Unlikely to churn,0.8811,2026-08-19
8152-VETUR,0.0643,Unlikely to churn,0.9357,2026-08-19
9667-EQRXU,0.1828,Unlikely to churn,0.8172,2026-08-19
7446-YPODE,0.4322,Unlikely to churn,0.5678,2026-08-19
9522-BNTHX,0.1447,Unlikely to churn,0.8553,2026-08-19
4676-WLUHT,0.0629,Unlikely to churn,0.9371,2026-08-19
3329-WDIOK,0.4401,Unlikely to churn,0.5599,2026-08-19
7980-MHFLQ,0.0335,Unlikely to churn,0.9665,2026-08-19
2873-ZLIWT,0.2286,Unlikely to churn,0.7714,2026-08-19
3415-TAILE,0.5597,Likely to churn,0.5597,2026-08-19
0757-WCUUZ,0.0968,Unlikely to churn,0.9032,2026-08-19
1629-DQQVB,0.4005,Unlikely to churn,0.5995,2026-08-19
1915-IOFGU,0.6744,Likely to churn,0.6744,2026-08-19
3045-XETSH,0.5438,Likely to churn,0.5438,2026-08-19
0374-AACSZ,0.5513,Likely to churn,0.5513,2026-08-19
7239-HZZCX,0.4688,Unlikely to churn,0.5312,2026-08-19
4872-VXRIL,0.0769,Unlikely to churn,0.9231,2026-08-19
9140-CZQZZ,0.0409,Unlikely to churn,0.9591,2026-08-19
3423-HHXAO,0.3235,Unlikely to churn,0.6765,2026-08-19
9938-TKDGL,0.0666,Unlikely to churn,0.9334,2026-08-19
0531-ZZJWQ,0.1492,Unlikely to churn,0.8508,2026-08-19
6537-QLGEX,0.2962,Unlikely to churn,0.7038,2026-08-19
2688-BHGOG,0.5807,Likely to churn,0.5807,2026-08-19
7683-CBDKJ,0.3762,Unlikely to churn,0.6238,2026-08-19
0946-CLJTI,0.1185,Unlikely to churn,0.8815,2026-08-19
3160-TYXLT,0.0658,Unlikely to churn,0.9342,2026-08-19
1325-USMEC,0.0608,Unlikely to churn,0.9392,2026-08-19
0916-QOFDP,0.546,Likely to churn,0.546,2026-08-19
0628-CNQRM,0.2639,Unlikely to churn,0.7361,2026-08-19
5606-AMZBO,0.5634,Likely to churn,0.5634,2026-08-19
6199-IPCAO,0.2094,Unlikely to churn,0.7906,2026-08-19
7665-TOALD,0.671,Likely to churn,0.671,2026-08-19
0112-QWPNC,0.101,Unlikely to churn,0.899,2026-08-19
0324-BRPCJ,0.0795,Unlikely to churn,0.9205,2026-08-19
2777-PHDEI,0.6626,Likely to churn,0.6626,2026-08-19
5640-CAXOA,0.183,Unlikely to churn,0.817,2026-08-19
2235-EZAIK,0.0339,Unlikely to churn,0.9661,2026-08-19
3847-BAERP,0.3712,Unlikely to churn,0.6288,2026-08-19
1196-AMORA,0.6223,Likely to churn,0.6223,2026-08-19
4282-YMKNA,0.6047,Likely to churn,0.6047,2026-08-19
1453-RZFON,0.5502,Likely to churn,0.5502,2026-08-19
8263-OKETD,0.3255,Unlikely to churn,0.6745,2026-08-19
0670-KDOMA,0.4709,Unlikely to churn,0.5291,2026-08-19
2476-YGEFM,0.3799,Unlikely to churn,0.6201,2026-08-19
8687-BAFGU,0.6472,Likely to churn,0.6472,2026-08-19
0641-EVBOJ,0.6159,Likely to churn,0.6159,2026-08-19
0829-XXPLX,0.4051,Unlikely to churn,0.5949,2026-08-19
9974-JFBHQ,0.0787,Unlikely to churn,0.9213,2026-08-19
5356-RHIPP,0.4707,Unlikely to churn,0.5293,2026-08-19
6624-JDRDS,0.407,Unlikely to churn,0.593,2026-08-19
0608-JDVEC,0.0818,Unlikely to churn,0.9182,2026-08-19
9780-FKVVF,0.4857,Unlikely to churn,0.5143,2026-08-19
1919-RTPQD,0.5036,Likely to churn,0.5036,2026-08-19
5214-NLTIT,0.0682,Unlikely to churn,0.9318,2026-08-19
3345-PBBFH,0.4671,Unlikely to churn,0.5329,2026-08-19
5055-BRMNE,0.0778,Unlikely to churn,0.9222,2026-08-19
9189-JWSHV,0.4203,Unlikely to churn,0.5797,2026-08-19
2190-PHBHR,0.0611,Unlikely to churn,0.9389,2026-08-19
2650-GYRYL,0.1641,Unlikely to churn,0.8359,2026-08-19
0746-JTRFU,0.4793,Unlikely to churn,0.5207,2026-08-19
5208-FVQKB,0.0368,Unlikely to churn,0.9632,2026-08-19
7184-LRUUR,0.2924,Unlikely to churn,0.7076,2026-08-19
6627-CFOSN,0.0979,Unlikely to churn,0.9021,2026-08-19
3982-JGSFD,0.1477,Unlikely to churn,0.8523,2026-08-19
1574-DYCWE,0.0786,Unlikely to churn,0.9214,2026-08-19
7247-XOZPB,0.0903,Unlikely to churn,0.9097,2026-08-19
2466-FCCPT,0.266,Unlikely to churn,0.734,2026-08-19
6211-WWLTF,0.0829,Unlikely to churn,0.9171,2026-08-19
4826-TZEVA,0.2305,Unlikely to churn,0.7695,2026-08-19
6016-NXBNJ,0.151,Unlikely to churn,0.849,2026-08-19
9138-EFSMO,0.3822,Unlikely to churn,0.6178,2026-08-19
0576-WNXXC,0.3524,Unlikely to churn,0.6476,2026-08-19
4632-XJMEX,0.0851,Unlikely to churn,0.9149,2026-08-19
8910-LEDAG,0.3103,Unlikely to churn,0.6897,2026-08-19
3452-GWUIN,0.484,Unlikely to churn,0.516,2026-08-19
2716-GFZOR,0.18,Unlikely to churn,0.82,2026-08-19
3724-UCSHY,0.4104,Unlikely to churn,0.5896,2026-08-19
8626-XHBIE,0.0682,Unlikely to churn,0.9318,2026-08-19
4628-CTTLA,0.0585,Unlikely to churn,0.9415,2026-08-19
3192-LNKRK,0.2791,Unlikely to churn,0.7209,2026-08-19
4439-YRNVD,0.3477,Unlikely to churn,0.6523,2026-08-19
2876-VBBBL,0.4709,Unlikely to churn,0.5291,2026-08-19
6834-NXDCA,0.3505,Unlikely to churn,0.6495,2026-08-19
2208-UGTGR,0.1285,Unlikely to churn,0.8715,2026-08-19
3005-TYFRD,0.1232,Unlikely to churn,0.8768,2026-08-19
8670-MEFCP,0.166,Unlikely to churn,0.834,2026-08-19
3079-BCHLN,0.0932,Unlikely to churn,0.9068,2026-08-19
7777-UNYHB,0.3466,Unlikely to churn,0.6534,2026-08-19
5597-GLBUC,0.65,Likely to churn,0.65,2026-08-19
7278-CKDNC,0.4108,Unlikely to churn,0.5892,2026-08-19
2748-MYRVK,0.098,Unlikely to churn,0.902,2026-08-19
8450-UYIBU,0.1495,Unlikely to churn,0.8505,2026-08-19
2969-VAPYH,0.0444,Unlikely to churn,0.9556,2026-08-19
4822-YCXMX,0.417,Unlikely to churn,0.583,2026-08-19
7181-OQCUT,0.409,Unlikely to churn,0.591,2026-08-19
8474-UMLNT,0.3544,Unlikely to churn,0.6456,2026-08-19
9821-POOTN,0.3134,Unlikely to churn,0.6866,2026-08-19
3836-FZSDJ,0.035,Unlikely to churn,0.965,2026-08-19
9142-XMYJH,0.1912,Unlikely to churn,0.8088,2026-08-19
6559-ILWKJ,0.0309,Unlikely to churn,0.9691,2026-08-19
0187-QSXOE,0.5981,Likely to churn,0.5981,2026-08-19
7733-UDMTP,0.0534,Unlikely to churn,0.9466,2026-08-19
2649-HWLYB,0.0525,Unlikely to churn,0.9475,2026-08-19
5214-CHIWJ,0.2087,Unlikely to churn,0.7913,2026-08-19
4229-CZMLL,0.6383,Likely to churn,0.6383,2026-08-19
6904-JLBGY,0.0527,Unlikely to churn,0.9473,2026-08-19
2465-BLLEU,0.4688,Unlikely to churn,0.5312,2026-08-19
1685-VAYJF,0.4588,Unlikely to churn,0.5412,2026-08-19
8874-EJNSR,0.1404,Unlikely to churn,0.8596,2026-08-19
6917-YACBP,0.0994,Unlikely to churn,0.9006,2026-08-19
5049-MUBWG,0.2522,Unlikely to churn,0.7478,2026-08-19
4223-WOZCM,0.5388,Likely to churn,0.5388,2026-08-19
0769-MURVM,0.0228,Unlikely to churn,0.9772,2026-08-19
9253-VIFJQ,0.0539,Unlikely to churn,0.9461,2026-08-19
7030-FZTFM,0.0564,Unlikely to churn,0.9436,2026-08-19
9741-YLNTD,0.6051,Likely to churn,0.6051,2026-08-19
5917-RYRMG,0.1715,Unlikely to churn,0.8285,2026-08-19
5120-ZBLAI,0.1173,Unlikely to churn,0.8827,2026-08-19
1194-BHJYC,0.0422,Unlikely to churn,0.9578,2026-08-19
3663-MITLP,0.4673,Unlikely to churn,0.5327,2026-08-19
0906-QVPMS,0.0509,Unlikely to churn,0.9491,2026-08-19
9025-ZRPVR,0.3745,Unlikely to churn,0.6255,2026-08-19
1905-OEILC,0.4677,Unlikely to churn,0.5323,2026-08-19
7858-GTZSP,0.5751,Likely to churn,0.5751,2026-08-19
3285-UCQVC,0.1369,Unlikely to churn,0.8631,2026-08-19
6248-BSHKG,0.0511,Unlikely to churn,0.9489,2026-08-19
4685-TFLLS,0.285,Unlikely to churn,0.715,2026-08-19
3470-BTGQO,0.3485,Unlikely to churn,0.6515,2026-08-19
1209-VFFOC,0.028,Unlikely to churn,0.972,2026-08-19
8224-DWCKX,0.5647,Likely to churn,0.5647,2026-08-19
5482-PLVPE,0.4764,Unlikely to churn,0.5236,2026-08-19
4553-DVPZG,0.1044,Unlikely to churn,0.8956,2026-08-19
4902-OHLSK,0.343,Unlikely to churn,0.657,2026-08-19
6917-IAYHD,0.4372,Unlikely to churn,0.5628,2026-08-19
0495-ZBNGW,0.6268,Likely to churn,0.6268,2026-08-19
8620-RJPZN,0.4728,Unlikely to churn,0.5272,2026-08-19
7572-KPVKK,0.0925,Unlikely to churn,0.9075,2026-08-19
2642-MAWLJ,0.1474,Unlikely to churn,0.8526,2026-08-19
2357-COQEK,0.3307,Unlikely to churn,0.6693,2026-08-19
7103-ZGVNT,0.0422,Unlikely to churn,0.9578,2026-08-19
3737-GCSPV,0.5378,Likely to churn,0.5378,2026-08-19
2027-WKXMW,0.0808,Unlikely to churn,0.9192,2026-08-19
7137-NAXML,0.2409,Unlikely to churn,0.7591,2026-08-19
2428-ZMCTB,0.3667,Unlikely to churn,0.6333,2026-08-19
2961-VNFKL,0.0357,Unlikely to churn,0.9643,2026-08-19
1768-HNVGJ,0.1325,Unlikely to churn,0.8675,2026-08-19
6963-KQYQB,0.0362,Unlikely to churn,0.9638,2026-08-19
5934-RMPOV,0.4513,Unlikely to churn,0.5487,2026-08-19
1207-BLKSA,0.079,Unlikely to churn,0.921,2026-08-19
4088-YLDSU,0.1241,Unlikely to churn,0.8759,2026-08-19
8316-BBQAY,0.034,Unlikely to churn,0.966,2026-08-19
1166-PQLGG,0.0307,Unlikely to churn,0.9693,2026-08-19
3146-JTQHR,0.3661,Unlikely to churn,0.6339,2026-08-19
4291-YZODP,0.4011,Unlikely to churn,0.5989,2026-08-19
4395-PZMSN,0.6067,Likely to churn,0.6067,2026-08-19
6427-FEFIG,0.2823,Unlikely to churn,0.7177,2026-08-19
0017-IUDMW,0.0523,Unlikely to churn,0.9477,2026-08-19
8706-HRADD,0.2312,Unlikely to churn,0.7688,2026-08-19
9955-QOPOY,0.0288,Unlikely to churn,0.9712,2026-08-19
4385-ZKVNW,0.1293,Unlikely to churn,0.8707,2026-08-19
5446-DKWYW,0.0738,Unlikely to churn,0.9262,2026-08-19
2034-CGRHZ,0.372,Unlikely to churn,0.628,2026-08-19
5797-APWZC,0.6694,Likely to churn,0.6694,2026-08-19
3683-QKIUE,0.4957,Unlikely to churn,0.5043,2026-08-19
4228-ZGYUW,0.6355,Likely to churn,0.6355,2026-08-19
9031-ZVQPT,0.0541,Unlikely to churn,0.9459,2026-08-19
2990-IAJSV,0.0351,Unlikely to churn,0.9649,2026-08-19
8107-KNCIM,0.549,Likely to churn,0.549,2026-08-19
9027-YFHQJ,0.4215,Unlikely to churn,0.5785,2026-08-19
5176-LDKUH,0.1717,Unlikely to churn,0.8283,2026-08-19
4644-OBGFZ,0.0656,Unlikely to churn,0.9344,2026-08-19
7926-IJOOU,0.4669,Unlikely to churn,0.5331,2026-08-19
6480-YAGIY,0.153,Unlikely to churn,0.847,2026-08-19
4029-HPFVY,0.6527,Likely to churn,0.6527,2026-08-19
7602-DBTOU,0.0322,Unlikely to churn,0.9678,2026-08-19
5345-BMKWB,0.3907,Unlikely to churn,0.6093,2026-08-19
3519-ZKXGG,0.6735,Likely to churn,0.6735,2026-08-19
5457-COLHT,0.0397,Unlikely to churn,0.9603,2026-08-19
6416-TVAIH,0.6669,Likely to churn,0.6669,2026-08-19
5451-YHYPW,0.0514,Unlikely to churn,0.9486,2026-08-19
5108-ADXWO,0.5325,Likely to churn,0.5325,2026-08-19
7998-WNZEM,0.0363,Unlikely to churn,0.9637,2026-08-19
3066-RRJIO,0.6723,Likely to churn,0.6723,2026-08-19
4664-NJCMS,0.1353,Unlikely to churn,0.8647,2026-08-19
0307-BCOPK,0.3018,Unlikely to churn,0.6982,2026-08-19
7629-WFGLW,0.1049,Unlikely to churn,0.8951,2026-08-19
2542-HYGIQ,0.4696,Unlikely to churn,0.5304,2026-08-19
6715-OFDBP,0.4982,Unlikely to churn,0.5018,2026-08-19
5016-LIPDW,0.06,Unlikely to churn,0.94,2026-08-19
6481-LXPWL,0.0582,Unlikely to churn,0.9418,2026-08-19
1567-DSCIC,0.5634,Likely to churn,0.5634,2026-08-19
2150-UWTFY,0.2784,Unlikely to churn,0.7216,2026-08-19
6124-ACRHJ,0.4688,Unlikely to churn,0.5312,2026-08-19
9362-MWODR,0.1486,Unlikely to churn,0.8514,2026-08-19
9975-GPKZU,0.097,Unlikely to churn,0.903,2026-08-19
9625-RZFUK,0.0462,Unlikely to churn,0.9538,2026-08-19
5153-LXKDT,0.0665,Unlikely to churn,0.9335,2026-08-19
5161-UBZXI,0.0599,Unlikely to churn,0.9401,2026-08-19
1020-JPQOW,0.1141,Unlikely to churn,0.8859,2026-08-19
7919-ZODZZ,0.4229,Unlikely to churn,0.5771,2026-08-19
0565-JUPYD,0.0756,Unlikely to churn,0.9244,2026-08-19
6867-ACCZI,0.1748,Unlikely to churn,0.8252,2026-08-19
5939-XAIXZ,0.369,Unlikely to churn,0.631,2026-08-19
9054-FOWNV,0.4235,Unlikely to churn,0.5765,2026-08-19
2683-BPJSO,0.33,Unlikely to churn,0.67,2026-08-19
2157-MXBJS,0.4272,Unlikely to churn,0.5728,2026-08-19
8207-VVMYB,0.0373,Unlikely to churn,0.9627,2026-08-19
9732-EQMWY,0.1476,Unlikely to churn,0.8524,2026-08-19
9360-AHGNL,0.1851,Unlikely to churn,0.8149,2026-08-19
1087-UDSIH,0.4449,Unlikely to churn,0.5551,2026-08-19
5269-NRGDP,0.1339,Unlikely to churn,0.8661,2026-08-19
6195-MELTI,0.0745,Unlikely to churn,0.9255,2026-08-19
5485-WUYWF,0.5179,Likely to churn,0.5179,2026-08-19
2121-JAFOM,0.0512,Unlikely to churn,0.9488,2026-08-19
8818-DOPVL,0.1783,Unlikely to churn,0.8217,2026-08-19
2632-UCGVD,0.0864,Unlikely to churn,0.9136,2026-08-19
5445-PZWGX,0.0896,Unlikely to churn,0.9104,2026-08-19
1227-UDMZR,0.0346,Unlikely to churn,0.9654,2026-08-19
5198-HQAEN,0.2533,Unlikely to churn,0.7467,2026-08-19
9170-CCKOU,0.4427,Unlikely to churn,0.5573,2026-08-19
2167-FQSTQ,0.0353,Unlikely to churn,0.9647,2026-08-19
2819-GWENI,0.2,Unlikely to churn,0.8,2026-08-19
1043-YCUTE,0.0686,Unlikely to churn,0.9314,2026-08-19
3814-MLAXC,0.332,Unlikely to churn,0.668,2026-08-19
3572-UUHRS,0.0998,Unlikely to churn,0.9002,2026-08-19
2692-PFYTJ,0.4939,Unlikely to churn,0.5061,2026-08-19
1226-UDFZR,0.5374,Likely to churn,0.5374,2026-08-19
5955-EPOAZ,0.4161,Unlikely to churn,0.5839,2026-08-19
6821-JPCDC,0.1485,Unlikely to churn,0.8515,2026-08-19
8815-LMFLX,0.2399,Unlikely to churn,0.7601,2026-08-19
9135-HSWOC,0.0442,Unlikely to churn,0.9558,2026-08-19
8582-KRHPJ,0.0743,Unlikely to churn,0.9257,2026-08-19
5811-IWXYM,0.1567,Unlikely to churn,0.8433,2026-08-19
7044-YAACC,0.6416,Likely to churn,0.6416,2026-08-19
8189-XRIKE,0.3231,Unlikely to churn,0.6769,2026-08-19
1506-YJTYT,0.1197,Unlikely to churn,0.8803,2026-08-19
4123-DVHPH,0.5716,Likely to churn,0.5716,2026-08-19
6425-YQLLO,0.0802,Unlikely to churn,0.9198,2026-08-19
5442-UTCVD,0.6531,Likely to churn,0.6531,2026-08-19
2228-BZDEE,0.0692,Unlikely to churn,0.9308,2026-08-19
7734-DBOAI,0.4642,Unlikely to churn,0.5358,2026-08-19
2789-CZANW,0.0793,Unlikely to churn,0.9207,2026-08-19
2091-RFFBA,0.35,Unlikely to churn,0.65,2026-08-19
2114-MGINA,0.5209,Likely to churn,0.5209,2026-08-19
7596-LDUXP,0.5247,Likely to churn,0.5247,2026-08-19
3740-RLMVT,0.0447,Unlikely to churn,0.9553,2026-08-19
4489-SNOJF,0.1744,Unlikely to churn,0.8256,2026-08-19
2192-OZITF,0.1394,Unlikely to churn,0.8606,2026-08-19
5651-CPDND,0.4738,Unlikely to churn,0.5262,2026-08-19
2186-QZEYA,0.2416,Unlikely to churn,0.7584,2026-08-19
1131-ALZWV,0.246,Unlikely to churn,0.754,2026-08-19
7729-XBTWX,0.0404,Unlikely to churn,0.9596,2026-08-19
9134-WYRVP,0.1537,Unlikely to churn,0.8463,2026-08-19
3284-SVCRO,0.1103,Unlikely to churn,0.8897,2026-08-19
9732-OUYRN,0.0844,Unlikely to churn,0.9156,2026-08-19
0559-CKHUS,0.1917,Unlikely to churn,0.8083,2026-08-19
2931-SVLTV,0.2087,Unlikely to churn,0.7913,2026-08-19
6899-PPEEA,0.2933,Unlikely to churn,0.7067,2026-08-19
7504-UWHNB,0.3994,Unlikely to churn,0.6006,2026-08-19
2582-FFFZR,0.2442,Unlikely to churn,0.7558,2026-08-19
8908-NMQTX,0.0228,Unlikely to churn,0.9772,2026-08-19
2187-LZGPL,0.3955,Unlikely to churn,0.6045,2026-08-19
1431-AIDJQ,0.1861,Unlikely to churn,0.8139,2026-08-19
6288-LBEAR,0.3734,Unlikely to churn,0.6266,2026-08-19
4597-NUCQV,0.408,Unlikely to churn,0.592,2026-08-19
9019-QVLZD,0.6682,Likely to churn,0.6682,2026-08-19
8413-YNHNV,0.0393,Unlikely to churn,0.9607,2026-08-19
5808-TOTXO,0.4489,Unlikely to churn,0.5511,2026-08-19
4369-NYSCF,0.0774,Unlikely to churn,0.9226,2026-08-19
6333-YDVLT,0.0756,Unlikely to churn,0.9244,2026-08-19
5324-KTGCG,0.0328,Unlikely to churn,0.9672,2026-08-19
5599-HVLTW,0.5262,Likely to churn,0.5262,2026-08-19
7394-LWLYN,0.6627,Likely to churn,0.6627,2026-08-19
3707-LRWZD,0.3373,Unlikely to churn,0.6627,2026-08-19
6873-UDNLD,0.1559,Unlikely to churn,0.8441,2026-08-19
2700-LUEVA,0.473,Unlikely to churn,0.527,2026-08-19
1455-ESIQH,0.6638,Likely to churn,0.6638,2026-08-19
0958-YHXGP,0.6076,Likely to churn,0.6076,2026-08-19
1101-SSWAG,0.437,Unlikely to churn,0.563,2026-08-19
2979-SXESE,0.4602,Unlikely to churn,0.5398,2026-08-19
4013-TLDHQ,0.4147,Unlikely to churn,0.5853,2026-08-19
5743-KHMNA,0.0354,Unlikely to churn,0.9646,2026-08-19
4194-FJARJ,0.092,Unlikely to churn,0.908,2026-08-19
5325-UWTWJ,0.2933,Unlikely to churn,0.7067,2026-08-19
3969-GYXEL,0.5446,Likely to churn,0.5446,2026-08-19
9208-OLGAQ,0.4538,Unlikely to churn,0.5462,2026-08-19
3244-CQPHU,0.0557,Unlikely to churn,0.9443,2026-08-19
2674-MLXMN,0.0692,Unlikely to churn,0.9308,2026-08-19
9708-HPXWZ,0.3961,Unlikely to churn,0.6039,2026-08-19
6992-TKNYO,0.1723,Unlikely to churn,0.8277,2026-08-19
4468-YDOVK,0.4983,Unlikely to churn,0.5017,2026-08-19
3754-DXMRT,0.5593,Likely to churn,0.5593,2026-08-19
5792-JALQC,0.0999,Unlikely to churn,0.9001,2026-08-19
7130-VTEWQ,0.6198,Likely to churn,0.6198,2026-08-19
2200-DSAAL,0.0494,Unlikely to churn,0.9506,2026-08-19
4302-ZYFEL,0.0358,Unlikely to churn,0.9642,2026-08-19
9351-LZYGF,0.1418,Unlikely to churn,0.8582,2026-08-19
4366-CTOUZ,0.1435,Unlikely to churn,0.8565,2026-08-19
6121-VZNQB,0.4661,Unlikely to churn,0.5339,2026-08-19
7903-CMPEY,0.671,Likely to churn,0.671,2026-08-19
1518-OMDIK,0.2304,Unlikely to churn,0.7696,2026-08-19
6671-NGWON,0.4023,Unlikely to churn,0.5977,2026-08-19
0595-ITUDF,0.0829,Unlikely to churn,0.9171,2026-08-19
6996-KNSML,0.6506,Likely to churn,0.6506,2026-08-19
1955-IBMMB,0.0556,Unlikely to churn,0.9444,2026-08-19
0096-BXERS,0.5387,Likely to churn,0.5387,2026-08-19
3806-YAZOV,0.4416,Unlikely to churn,0.5584,2026-08-19
7998-ZLXWN,0.3168,Unlikely to churn,0.6832,2026-08-19
6253-WRFHY,0.4278,Unlikely to churn,0.5722,2026-08-19
9133-AYJZG,0.409,Unlikely to churn,0.591,2026-08-19
2675-OTVVJ,0.3278,Unlikely to churn,0.6722,2026-08-19
8680-CGLTP,0.2107,Unlikely to churn,0.7893,2026-08-19
8430-TWCBX,0.0866,Unlikely to churn,0.9134,2026-08-19
5018-GWURO,0.1452,Unlikely to churn,0.8548,2026-08-19
6741-QRLUP,0.0517,Unlikely to churn,0.9483,2026-08-19
4737-HOBAX,0.0608,Unlikely to churn,0.9392,2026-08-19
0537-QYZZN,0.4082,Unlikely to churn,0.5918,2026-08-19
3340-QBBFM,0.1756,Unlikely to churn,0.8244,2026-08-19
1704-NRWYE,0.586,Likely to churn,0.586,2026-08-19
2592-SEIFQ,0.4664,Unlikely to churn,0.5336,2026-08-19
8200-KLNYW,0.2821,Unlikely to churn,0.7179,2026-08-19
3372-CDXFJ,0.3528,Unlikely to churn,0.6472,2026-08-19
4781-ZXYGU,0.4704,Unlikely to churn,0.5296,2026-08-19
7632-YUTXB,0.2239,Unlikely to churn,0.7761,2026-08-19
2718-YSKCS,0.0322,Unlikely to churn,0.9678,2026-08-19
9896-UYMIE,0.0654,Unlikely to churn,0.9346,2026-08-19
0853-NWIFK,0.1749,Unlikely to churn,0.8251,2026-08-19
8212-CRQXP,0.4316,Unlikely to churn,0.5684,2026-08-19
6980-CDGFC,0.0393,Unlikely to churn,0.9607,2026-08-19
7691-XVTZH,0.0801,Unlikely to churn,0.9199,2026-08-19
2520-SGTTA,0.4815,Unlikely to churn,0.5185,2026-08-19
7481-ATQQS,0.177,Unlikely to churn,0.823,2026-08-19
2277-VWCNI,0.5553,Likely to churn,0.5553,2026-08-19
1088-CNNKB,0.0514,Unlikely to churn,0.9486,2026-08-19
8642-GVWRF,0.6167,Likely to churn,0.6167,2026-08-19
1930-BZLHI,0.259,Unlikely to churn,0.741,2026-08-19
3400-ESFUW,0.0719,Unlikely to churn,0.9281,2026-08-19
5868-YTYKS,0.4709,Unlikely to churn,0.5291,2026-08-19
3525-DVKFN,0.2932,Unlikely to churn,0.7068,2026-08-19
1482-OXZSY,0.3391,Unlikely to churn,0.6609,2026-08-19
0377-JBKKT,0.2677,Unlikely to churn,0.7323,2026-08-19
5778-BVOFB,0.4522,Unlikely to churn,0.5478,2026-08-19
3373-YZZYM,0.4665,Unlikely to churn,0.5335,2026-08-19
2057-ZBLPD,0.4702,Unlikely to churn,0.5298,2026-08-19
0228-MAUWC,0.341,Unlikely to churn,0.659,2026-08-19
5502-RLUYV,0.0683,Unlikely to churn,0.9317,2026-08-19
0023-HGHWL,0.4912,Unlikely to churn,0.5088,2026-08-19
7663-YJHSN,0.0505,Unlikely to churn,0.9495,2026-08-19
4915-BFSXL,0.0444,Unlikely to churn,0.9556,2026-08-19
3086-RUCRN,0.0649,Unlikely to churn,0.9351,2026-08-19
5215-LNLDJ,0.42,Unlikely to churn,0.58,2026-08-19
7576-JMYWV,0.1664,Unlikely to churn,0.8336,2026-08-19
9039-RBEEE,0.1059,Unlikely to churn,0.8941,2026-08-19
0257-KXZGU,0.2282,Unlikely to churn,0.7718,2026-08-19
1307-ATKGB,0.3615,Unlikely to churn,0.6385,2026-08-19
8417-FMLZI,0.5873,Likely to churn,0.5873,2026-08-19
3714-XPXBW,0.1523,Unlikely to churn,0.8477,2026-08-19
1850-AKQEP,0.3911,Unlikely to churn,0.6089,2026-08-19
2824-DXNKN,0.0423,Unlikely to churn,0.9577,2026-08-19
5227-JSCFE,0.0247,Unlikely to churn,0.9753,2026-08-19
0848-ZGQIJ,0.4729,Unlikely to churn,0.5271,2026-08-19
3621-CHYVB,0.0493,Unlikely to churn,0.9507,2026-08-19
8042-RNLKO,0.0443,Unlikely to churn,0.9557,2026-08-19
1792-UXAFY,0.4383,Unlikely to churn,0.5617,2026-08-19
5372-FBKBN,0.2603,Unlikely to churn,0.7397,2026-08-19
0420-TXVSG,0.0508,Unlikely to churn,0.9492,2026-08-19
6217-TOWGS,0.3825,Unlikely to churn,0.6175,2026-08-19
0515-YPMCW,0.6742,Likely to churn,0.6742,2026-08-19
0378-XSZPU,0.0659,Unlikely to churn,0.9341,2026-08-19
1045-LTCYT,0.3939,Unlikely to churn,0.6061,2026-08-19
1544-JJMYL,0.2264,Unlikely to churn,0.7736,2026-08-19
4636-JGAAI,0.2956,Unlikely to churn,0.7044,2026-08-19
6874-SGLHU,0.3264,Unlikely to churn,0.6736,2026-08-19
5951-AOFIH,0.2011,Unlikely to churn,0.7989,2026-08-19
4729-XKASR,0.4897,Unlikely to churn,0.5103,2026-08-19
3059-NGMXB,0.3911,Unlikely to churn,0.6089,2026-08-19
8652-YHIYU,0.4993,Unlikely to churn,0.5007,2026-08-19
5278-PNYOX,0.1503,Unlikely to churn,0.8497,2026-08-19
5449-FIBXJ,0.4295,Unlikely to churn,0.5705,2026-08-19
3486-HOOGQ,0.0374,Unlikely to churn,0.9626,2026-08-19
5061-PBXFW,0.1952,Unlikely to churn,0.8048,2026-08-19
8630-FJLIB,0.4801,Unlikely to churn,0.5199,2026-08-19
3891-NLXJB,0.1191,Unlikely to churn,0.8809,2026-08-19
4749-OJKQU,0.6624,Likely to churn,0.6624,2026-08-19
0577-WHMEV,0.4563,Unlikely to churn,0.5437,2026-08-19
5453-AXEPF,0.4918,Unlikely to churn,0.5082,2026-08-19
3639-XJHKQ,0.3055,Unlikely to churn,0.6945,2026-08-19
3716-LRGXK,0.1132,Unlikely to churn,0.8868,2026-08-19
2263-SFSQZ,0.0849,Unlikely to churn,0.9151,2026-08-19
9950-MTGYX,0.2011,Unlikely to churn,0.7989,2026-08-19
3397-AVTKU,0.145,Unlikely to churn,0.855,2026-08-19
4825-FUREZ,0.1155,Unlikely to churn,0.8845,2026-08-19
9837-BMCLM,0.6431,Likely to churn,0.6431,2026-08-19
2672-OJQZP,0.5733,Likely to churn,0.5733,2026-08-19
0137-UDEUO,0.446,Unlikely to churn,0.554,2026-08-19
3134-DSHVC,0.0807,Unlikely to churn,0.9193,2026-08-19
6161-UUUTA,0.6484,Likely to churn,0.6484,2026-08-19
7821-DPRQE,0.064,Unlikely to churn,0.936,2026-08-19
6543-XRMYR,0.3365,Unlikely to churn,0.6635,2026-08-19
2001-EWBQU,0.1016,Unlikely to churn,0.8984,2026-08-19
4925-LMHOK,0.3805,Unlikely to churn,0.6195,2026-08-19
1608-GMEWB,0.2144,Unlikely to churn,0.7856,2026-08-19
6695-AMZUF,0.0351,Unlikely to churn,0.9649,2026-08-19
1455-UGQVH,0.5589,Likely to churn,0.5589,2026-08-19
8410-BGQXN,0.4326,Unlikely to churn,0.5674,2026-08-19
8280-MQRQN,0.5525,Likely to churn,0.5525,2026-08-19
1619-YWUBB,0.0402,Unlikely to churn,0.9598,2026-08-19
7611-YKYTC,0.4111,Unlikely to churn,0.5889,2026-08-19
2037-SGXHH,0.2426,Unlikely to churn,0.7574,2026-08-19
3178-FESZO,0.6654,Likely to churn,0.6654,2026-08-19
0365-GXEZS,0.4259,Unlikely to churn,0.5741,2026-08-19
0082-OQIQY,0.3264,Unlikely to churn,0.6736,2026-08-19
6087-MVHJH,0.4918,Unlikely to churn,0.5082,2026-08-19
4603-JANFB,0.6719,Likely to churn,0.6719,2026-08-19
3018-TFTSU,0.5103,Likely to churn,0.5103,2026-08-19
3606-SBKRY,0.1736,Unlikely to churn,0.8264,2026-08-19
4806-KEXQR,0.6377,Likely to churn,0.6377,2026-08-19
0667-NSRGI,0.1163,Unlikely to churn,0.8837,2026-08-19
7083-YNSKY,0.3351,Unlikely to churn,0.6649,2026-08-19
6893-ODYYE,0.1238,Unlikely to churn,0.8762,2026-08-19
8242-JSVBO,0.5032,Likely to churn,0.5032,2026-08-19
2479-BRAMR,0.2172,Unlikely to churn,0.7828,2026-08-19
9541-ZPSEA,0.069,Unlikely to churn,0.931,2026-08-19
2665-NPTGL,0.3732,Unlikely to churn,0.6268,2026-08-19
1139-WUOAH,0.0521,Unlikely to churn,0.9479,2026-08-19
4693-VWVBO,0.4447,Unlikely to churn,0.5553,2026-08-19
7434-SHXLS,0.4736,Unlikely to churn,0.5264,2026-08-19
6937-GCDGQ,0.3414,Unlikely to churn,0.6586,2026-08-19
0988-JRWWP,0.5449,Likely to churn,0.5449,2026-08-19
5075-JSDKI,0.0595,Unlikely to churn,0.9405,2026-08-19
7908-QCBCA,0.6703,Likely to churn,0.6703,2026-08-19
8644-XYTSV,0.1129,Unlikely to churn,0.8871,2026-08-19
6711-FLDFB,0.6274,Likely to churn,0.6274,2026-08-19
3873-WOSBC,0.0425,Unlikely to churn,0.9575,2026-08-19
7465-ZZRVX,0.6738,Likely to churn,0.6738,2026-08-19
7975-JMZNT,0.0457,Unlikely to churn,0.9543,2026-08-19
7251-XFOIL,0.1066,Unlikely to churn,0.8934,2026-08-19
4116-IQRFR,0.4521,Unlikely to churn,0.5479,2026-08-19
3714-JTVOV,0.2125,Unlikely to churn,0.7875,2026-08-19
8259-DZLIZ,0.0641,Unlikely to churn,0.9359,2026-08-19
0442-ZXKVS,0.1115,Unlikely to churn,0.8885,2026-08-19
7853-WNZSY,0.4688,Unlikely to churn,0.5312,2026-08-19
3120-FAZKD,0.0736,Unlikely to churn,0.9264,2026-08-19
8606-OEGQZ,0.3042,Unlikely to churn,0.6958,2026-08-19
0225-ZORZP,0.6239,Likely to churn,0.6239,2026-08-19
4702-IOQDC,0.6729,Likely to churn,0.6729,2026-08-19
9489-JMTTN,0.0338,Unlikely to churn,0.9662,2026-08-19
0575-CUQOV,0.0917,Unlikely to churn,0.9083,2026-08-19
0967-BMLBD,0.3569,Unlikely to churn,0.6431,2026-08-19
6178-KFNHS,0.5409,Likely to churn,0.5409,2026-08-19
2830-LEWOA,0.0817,Unlikely to churn,0.9183,2026-08-19
5006-MXVRN,0.1315,Unlikely to churn,0.8685,2026-08-19
1264-BYWMS,0.1522,Unlikely to churn,0.8478,2026-08-19
9658-WYUFB,0.4602,Unlikely to churn,0.5398,2026-08-19
8327-WKMIE,0.1415,Unlikely to churn,0.8585,2026-08-19
6917-FIJHC,0.0341,Unlikely to churn,0.9659,2026-08-19
5329-KRDTM,0.0391,Unlikely to churn,0.9609,2026-08-19
7797-EJMDP,0.4465,Unlikely to churn,0.5535,2026-08-19
3530-VWVGU,0.2487,Unlikely to churn,0.7513,2026-08-19
2013-SGDXK,0.6456,Likely to churn,0.6456,2026-08-19
6368-NWMCE,0.1703,Unlikely to churn,0.8297,2026-08-19
3633-CDBUW,0.3213,Unlikely to churn,0.6787,2026-08-19
0707-HOVVN,0.0416,Unlikely to churn,0.9584,2026-08-19
8580-QVLOC,0.0353,Unlikely to churn,0.9647,2026-08-19
3956-MGXOG,0.3668,Unlikely to churn,0.6332,2026-08-19
9274-UARKJ,0.4815,Unlikely to churn,0.5185,2026-08-19
4077-HWUYD,0.0326,Unlikely to churn,0.9674,2026-08-19
2012-NWRPA,0.5517,Likely to churn,0.5517,2026-08-19
8808-ELEHO,0.5989,Likely to churn,0.5989,2026-08-19
0103-CSITQ,0.1053,Unlikely to churn,0.8947,2026-08-19
3506-LCJDC,0.4696,Unlikely to churn,0.5304,2026-08-19
8671-KKKOS,0.088,Unlikely to churn,0.912,2026-08-19
7305-ZWMAJ,0.1875,Unlikely to churn,0.8125,2026-08-19
9518-XXBXE,0.5516,Likely to churn,0.5516,2026-08-19
3934-HXCFZ,0.3684,Unlikely to churn,0.6316,2026-08-19
6578-KRMAW,0.2576,Unlikely to churn,0.7424,2026-08-19
4860-IJUDE,0.5102,Likely to churn,0.5102,2026-08-19
7666-WKRON,0.2238,Unlikely to churn,0.7762,2026-08-19
9688-YGXVR,0.1782,Unlikely to churn,0.8218,2026-08-19
0423-UDIJQ,0.454,Unlikely to churn,0.546,2026-08-19
1945-XISKS,0.0386,Unlikely to churn,0.9614,2026-08-19
4910-AQFFX,0.5798,Likely to churn,0.5798,2026-08-19
2154-KVJFF,0.512,Likely to churn,0.512,2026-08-19
5360-LJCNJ,0.0638,Unlikely to churn,0.9362,2026-08-19
2607-FBDFF,0.5465,Likely to churn,0.5465,2026-08-19
9647-ERGBE,0.3378,Unlikely to churn,0.6622,2026-08-19
3428-XZMAZ,0.6701,Likely to churn,0.6701,2026-08-19
1100-DDVRV,0.2871,Unlikely to churn,0.7129,2026-08-19
0378-TOVMS,0.6298,Likely to churn,0.6298,2026-08-19
4355-HBJHH,0.0508,Unlikely to churn,0.9492,2026-08-19
6728-WYQBC,0.4738,Unlikely to churn,0.5262,2026-08-19
9058-CBREO,0.5969,Likely to churn,0.5969,2026-08-19
9029-FEGVJ,0.3197,Unlikely to churn,0.6803,2026-08-19
7216-KAOID,0.1191,Unlikely to churn,0.8809,2026-08-19
0318-QUUOB,0.6719,Likely to churn,0.6719,2026-08-19
6145-NNPNO,0.5708,Likely to churn,0.5708,2026-08-19
5520-FVEWJ,0.522,Likely to churn,0.522,2026-08-19
5339-TJFEK,0.0945,Unlikely to churn,0.9055,2026-08-19
5572-ZDXHY,0.4053,Unlikely to churn,0.5947,2026-08-19
2074-GUHPQ,0.4531,Unlikely to churn,0.5469,2026-08-19
4625-XMOYM,0.0343,Unlikely to churn,0.9657,2026-08-19
5827-MWCZK,0.1254,Unlikely to churn,0.8746,2026-08-19
1385-TQOZW,0.3804,Unlikely to churn,0.6196,2026-08-19
5914-XRFQB,0.0514,Unlikely to churn,0.9486,2026-08-19
4329-YPDDQ,0.3524,Unlikely to churn,0.6476,2026-08-19
4804-NCPET,0.2769,Unlikely to churn,0.7231,2026-08-19
3750-CKVKH,0.6536,Likely to churn,0.6536,2026-08-19
5944-UGLLK,0.0636,Unlikely to churn,0.9364,2026-08-19
8063-GBATB,0.3962,Unlikely to churn,0.6038,2026-08-19
7787-BNTZM,0.4128,Unlikely to churn,0.5872,2026-08-19
2252-ISRNH,0.581,Likely to churn,0.581,2026-08-19
9415-TPKRV,0.4931,Unlikely to churn,0.5069,2026-08-19
5322-TEUJK,0.0528,Unlikely to churn,0.9472,2026-08-19
4547-KQRTM,0.5713,Likely to churn,0.5713,2026-08-19
4877-EVATK,0.4698,Unlikely to churn,0.5302,2026-08-19
1866-DIOQZ,0.0243,Unlikely to churn,0.9757,2026-08-19
8375-KVTHK,0.0674,Unlikely to churn,0.9326,2026-08-19
2697-NQBPF,0.2786,Unlikely to churn,0.7214,2026-08-19
3709-OIJEA,0.324,Unlikely to churn,0.676,2026-08-19
7639-SUPCW,0.3101,Unlikely to churn,0.6899,2026-08-19
1386-ZIKUV,0.3967,Unlikely to churn,0.6033,2026-08-19
0599-XNYDO,0.4568,Unlikely to churn,0.5432,2026-08-19
6377-WHAOX,0.1039,Unlikely to churn,0.8961,2026-08-19
6855-VLGOS,0.0312,Unlikely to churn,0.9688,2026-08-19
8999-XXGNS,0.0616,Unlikely to churn,0.9384,2026-08-19
8746-OQQRW,0.4569,Unlikely to churn,0.5431,2026-08-19
3181-MIZBN,0.3043,Unlikely to churn,0.6957,2026-08-19
0471-ARVMX,0.0936,Unlikely to churn,0.9064,2026-08-19
7766-CLTIC,0.4467,Unlikely to churn,0.5533,2026-08-19
5650-YLIBA,0.3369,Unlikely to churn,0.6631,2026-08-19
0825-CPPQH,0.0319,Unlikely to churn,0.9681,2026-08-19
9084-OAYKL,0.0587,Unlikely to churn,0.9413,2026-08-19
6122-LJADA,0.0373,Unlikely to churn,0.9627,2026-08-19
2400-XIWIO,0.0356,Unlikely to churn,0.9644,2026-08-19
7524-VRLPL,0.0425,Unlikely to churn,0.9575,2026-08-19
1069-XAIEM,0.6883,Likely to churn,0.6883,2026-08-19
7569-NMZYQ,0.0539,Unlikely to churn,0.9461,2026-08-19
5201-USSQZ,0.3673,Unlikely to churn,0.6327,2026-08-19
2105-PHWON,0.2894,Unlikely to churn,0.7106,2026-08-19
1494-EJZDW,0.3683,Unlikely to churn,0.6317,2026-08-19
4884-TVUQF,0.1095,Unlikely to churn,0.8905,2026-08-19
8003-EWNDZ,0.3724,Unlikely to churn,0.6276,2026-08-19
1897-RCFUM,0.1384,Unlikely to churn,0.8616,2026-08-19
9256-JTBNZ,0.358,Unlikely to churn,0.642,2026-08-19
4658-HCOHW,0.3622,Unlikely to churn,0.6378,2026-08-19
2211-RMNHO,0.0448,Unlikely to churn,0.9552,2026-08-19
2432-TFSMK,0.4733,Unlikely to churn,0.5267,2026-08-19
3440-JPSCL,0.5667,Likely to churn,0.5667,2026-08-19
4929-ROART,0.3805,Unlikely to churn,0.6195,2026-08-19
1834-ABKHQ,0.1027,Unlikely to churn,0.8973,2026-08-19
1741-WTPON,0.1029,Unlikely to churn,0.8971,2026-08-19
3932-IJWDZ,0.1832,Unlikely to churn,0.8168,2026-08-19
1240-HCBOH,0.0428,Unlikely to churn,0.9572,2026-08-19
3594-KADLU,0.4204,Unlikely to churn,0.5796,2026-08-19
8065-BVEPF,0.0753,Unlikely to churn,0.9247,2026-08-19
3796-ENZGF,0.059,Unlikely to churn,0.941,2026-08-19
1734-ZMNTZ,0.3764,Unlikely to churn,0.6236,2026-08-19
2853-CWQFQ,0.5458,Likely to churn,0.5458,2026-08-19
0813-TAXXS,0.0982,Unlikely to churn,0.9018,2026-08-19
2519-TWKFS,0.3027,Unlikely to churn,0.6973,2026-08-19
2889-FPWRM,0.0531,Unlikely to churn,0.9469,2026-08-19
0626-QXNGV,0.0331,Unlikely to churn,0.9669,2026-08-19
6723-CEGQI,0.038,Unlikely to churn,0.962,2026-08-19
6987-XQSJT,0.1441,Unlikely to churn,0.8559,2026-08-19
4732-RRJZC,0.4019,Unlikely to churn,0.5981,2026-08-19
9499-XPZXM,0.038,Unlikely to churn,0.962,2026-08-19
4338-EYCER,0.3417,Unlikely to churn,0.6583,2026-08-19
3007-FDPEA,0.4611,Unlikely to churn,0.5389,2026-08-19
6350-XFYGW,0.6117,Likely to churn,0.6117,2026-08-19
4290-BSXUX,0.6475,Likely to churn,0.6475,2026-08-19
8513-OLYGY,0.0514,Unlikely to churn,0.9486,2026-08-19
0311-QYWSS,0.49,Unlikely to churn,0.51,2026-08-19
8705-DWKTI,0.1424,Unlikely to churn,0.8576,2026-08-19
8755-IWJHN,0.0706,Unlikely to churn,0.9294,2026-08-19
0325-XBFAC,0.5663,Likely to churn,0.5663,2026-08-19
4480-QQRHC,0.5695,Likely to churn,0.5695,2026-08-19
0929-PECLO,0.0986,Unlikely to churn,0.9014,2026-08-19
3680-CTHUH,0.0879,Unlikely to churn,0.9121,2026-08-19
1202-KKGFU,0.3962,Unlikely to churn,0.6038,2026-08-19
6112-KTHFQ,0.3331,Unlikely to churn,0.6669,2026-08-19
1852-XEMDW,0.2917,Unlikely to churn,0.7083,2026-08-19
2462-XIIJB,0.6342,Likely to churn,0.6342,2026-08-19
4760-XOHVN,0.4675,Unlikely to churn,0.5325,2026-08-19
1820-DJFPH,0.0331,Unlikely to churn,0.9669,2026-08-19
9426-SXNHE,0.453,Unlikely to churn,0.547,2026-08-19
9068-FHQHD,0.1252,Unlikely to churn,0.8748,2026-08-19
1269-FOYWN,0.1059,Unlikely to churn,0.8941,2026-08-19
9470-YFUYI,0.037,Unlikely to churn,0.963,2026-08-19
7817-BOQPW,0.6827,Likely to churn,0.6827,2026-08-19
7402-EYFXX,0.3979,Unlikely to churn,0.6021,2026-08-19
1853-UDXBW,0.6725,Likely to churn,0.6725,2026-08-19
9895-VFOXH,0.4883,Unlikely to churn,0.5117,2026-08-19
5458-CQJTA,0.0514,Unlikely to churn,0.9486,2026-08-19
1230-QAJDW,0.5463,Likely to churn,0.5463,2026-08-19
5701-ZIKJE,0.4136,Unlikely to churn,0.5864,2026-08-19
5219-YIPTK,0.2848,Unlikely to churn,0.7152,2026-08-19
5032-MIYKT,0.6751,Likely to churn,0.6751,2026-08-19
7396-VJUZB,0.5407,Likely to churn,0.5407,2026-08-19
9717-QEBGU,0.6632,Likely to churn,0.6632,2026-08-19
5172-RKOCB,0.0547,Unlikely to churn,0.9453,2026-08-19
6509-TSGWN,0.1548,Unlikely to churn,0.8452,2026-08-19
3540-RZJYU,0.4941,Unlikely to churn,0.5059,2026-08-19
3178-CIFOT,0.2393,Unlikely to churn,0.7607,2026-08-19
2091-MJTFX,0.1833,Unlikely to churn,0.8167,2026-08-19
4530-NDRKU,0.1135,Unlikely to churn,0.8865,2026-08-19
5985-TBABQ,0.2329,Unlikely to churn,0.7671,2026-08-19
9800-ONTFE,0.4586,Unlikely to churn,0.5414,2026-08-19
6743-HHQPF,0.1241,Unlikely to churn,0.8759,2026-08-19
8455-HIRAQ,0.4906,Unlikely to churn,0.5094,2026-08-19
6616-AALSR,0.0817,Unlikely to churn,0.9183,2026-08-19
0883-EIBTI,0.4561,Unlikely to churn,0.5439,2026-08-19
9415-ZNBSX,0.0366,Unlikely to churn,0.9634,2026-08-19
4018-KJYUY,0.2495,Unlikely to churn,0.7505,2026-08-19
0722-TROQR,0.6596,Likely to churn,0.6596,2026-08-19
7571-YXDAD,0.6803,Likely to churn,0.6803,2026-08-19
3884-UEBXB,0.0356,Unlikely to churn,0.9644,2026-08-19
8780-RSYYU,0.2214,Unlikely to churn,0.7786,2026-08-19
5537-UXXVS,0.2645,Unlikely to churn,0.7355,2026-08-19
1791-PQHBB,0.541,Likely to churn,0.541,2026-08-19
8701-DGLVH,0.0792,Unlikely to churn,0.9208,2026-08-19
8741-LQOBK,0.0883,Unlikely to churn,0.9117,2026-08-19
3393-FMZPV,0.3928,Unlikely to churn,0.6072,2026-08-19
8082-GHXOP,0.4307,Unlikely to churn,0.5693,2026-08-19
6402-ZFPPI,0.3605,Unlikely to churn,0.6395,2026-08-19
0980-FEXWF,0.2767,Unlikely to churn,0.7233,2026-08-19
7486-KSRVI,0.2171,Unlikely to churn,0.7829,2026-08-19
3011-WQKSZ,0.2762,Unlikely to churn,0.7238,2026-08-19
8443-WVPSS,0.5198,Likely to churn,0.5198,2026-08-19
3006-XIMLN,0.6724,Likely to churn,0.6724,2026-08-19
8218-FFJDS,0.0381,Unlikely to churn,0.9619,2026-08-19
1986-PHGZF,0.3472,Unlikely to churn,0.6528,2026-08-19
9965-YOKZB,0.5981,Likely to churn,0.5981,2026-08-19
0504-HHAPI,0.3658,Unlikely to churn,0.6342,2026-08-19
9360-OMDZZ,0.4226,Unlikely to churn,0.5774,2026-08-19
6305-YLBMM,0.0578,Unlikely to churn,0.9422,2026-08-19
0345-XMMUG,0.1633,Unlikely to churn,0.8367,2026-08-19
8024-XNAFQ,0.0534,Unlikely to churn,0.9466,2026-08-19
3647-GMGDH,0.404,Unlikely to churn,0.596,2026-08-19
2988-GBIVW,0.0745,Unlikely to churn,0.9255,2026-08-19
2832-SCUCO,0.4578,Unlikely to churn,0.5422,2026-08-19
7036-ZZKBD,0.2166,Unlikely to churn,0.7834,2026-08-19
3791-LGQCY,0.1324,Unlikely to churn,0.8676,2026-08-19
0265-PSUAE,0.4534,Unlikely to churn,0.5466,2026-08-19
0463-TXOAK,0.0821,Unlikely to churn,0.9179,2026-08-19
0594-UFTUL,0.3351,Unlikely to churn,0.6649,2026-08-19
9509-MPYOD,0.1545,Unlikely to churn,0.8455,2026-08-19
9128-CPXKI,0.1089,Unlikely to churn,0.8911,2026-08-19
0129-KPTWJ,0.0612,Unlikely to churn,0.9388,2026-08-19
8166-ZZTFS,0.0539,Unlikely to churn,0.9461,2026-08-19
5855-EIBDE,0.1404,Unlikely to churn,0.8596,2026-08-19
5365-LLFYV,0.5663,Likely to churn,0.5663,2026-08-19
5956-YHHRX,0.411,Unlikely to churn,0.589,2026-08-19
6008-NAIXK,0.0614,Unlikely to churn,0.9386,2026-08-19
2956-GGUCQ,0.4041,Unlikely to churn,0.5959,2026-08-19
1928-BXYIV,0.5524,Likely to churn,0.5524,2026-08-19
5760-FXFVO,0.5685,Likely to churn,0.5685,2026-08-19
6595-COKXZ,0.572,Likely to churn,0.572,2026-08-19
0961-ZWLVI,0.1457,Unlikely to churn,0.8543,2026-08-19
5181-OABFK,0.073,Unlikely to churn,0.927,2026-08-19
4007-NHVHI,0.1252,Unlikely to churn,0.8748,2026-08-19
7816-VGHTO,0.3659,Unlikely to churn,0.6341,2026-08-19
5871-DGTXZ,0.1715,Unlikely to churn,0.8285,2026-08-19
7550-WIQVA,0.138,Unlikely to churn,0.862,2026-08-19
7544-ZVIKX,0.1111,Unlikely to churn,0.8889,2026-08-19
0016-QLJIS,0.0468,Unlikely to churn,0.9532,2026-08-19
7508-DQAKK,0.0459,Unlikely to churn,0.9541,2026-08-19
5176-OLSKT,0.0514,Unlikely to churn,0.9486,2026-08-19
9356-AXGMP,0.2264,Unlikely to churn,0.7736,2026-08-19
3556-BVQGL,0.267,Unlikely to churn,0.733,2026-08-19
0362-ZBZWJ,0.2998,Unlikely to churn,0.7002,2026-08-19
8979-CAMGB,0.0824,Unlikely to churn,0.9176,2026-08-19
4211-MMAZN,0.4709,Unlikely to churn,0.5291,2026-08-19
7581-EBBOU,0.0595,Unlikely to churn,0.9405,2026-08-19
4274-OWWYO,0.6485,Likely to churn,0.6485,2026-08-19
5073-RZGBK,0.0907,Unlikely to churn,0.9093,2026-08-19
1541-ETJZO,0.5562,Likely to churn,0.5562,2026-08-19
2192-CKRLV,0.0248,Unlikely to churn,0.9752,2026-08-19
3154-HMWUU,0.0535,Unlikely to churn,0.9465,2026-08-19
6119-SPUDB,0.0787,Unlikely to churn,0.9213,2026-08-19
6522-OIQSX,0.0312,Unlikely to churn,0.9688,2026-08-19
7813-ZGGAW,0.3148,Unlikely to churn,0.6852,2026-08-19
8748-HFWBO,0.2759,Unlikely to churn,0.7241,2026-08-19
1052-QJIBV,0.0323,Unlikely to churn,0.9677,2026-08-19
1319-YLZJG,0.4774,Unlikely to churn,0.5226,2026-08-19
4106-HADHQ,0.1429,Unlikely to churn,0.8571,2026-08-19
0723-FDLAY,0.1259,Unlikely to churn,0.8741,2026-08-19
3050-RLLXC,0.0713,Unlikely to churn,0.9287,2026-08-19
9298-WGMRW,0.0512,Unlikely to churn,0.9488,2026-08-19
2369-UAPKZ,0.595,Likely to churn,0.595,2026-08-19
3088-LHEFH,0.5554,Likely to churn,0.5554,2026-08-19
2778-OCLGR,0.225,Unlikely to churn,0.775,2026-08-19
6583-KQJLK,0.4845,Unlikely to churn,0.5155,2026-08-19
8544-JNBOX,0.0314,Unlikely to churn,0.9686,2026-08-19
6681-ZSEXG,0.0838,Unlikely to churn,0.9162,2026-08-19
6139-ZZRBQ,0.0444,Unlikely to churn,0.9556,2026-08-19
6116-RFVHN,0.2987,Unlikely to churn,0.7013,2026-08-19
0637-KVDLV,0.6861,Likely to churn,0.6861,2026-08-19
8884-FEEWR,0.1542,Unlikely to churn,0.8458,2026-08-19
3125-RAHBV,0.25,Unlikely to churn,0.75,2026-08-19
6633-MPWBS,0.5006,Likely to churn,0.5006,2026-08-19
0373-AIVNJ,0.3302,Unlikely to churn,0.6698,2026-08-19
8785-EPNCG,0.3691,Unlikely to churn,0.6309,2026-08-19
1682-VCOIO,0.2418,Unlikely to churn,0.7582,2026-08-19
5729-KLZAR,0.6414,Likely to churn,0.6414,2026-08-19
2072-ZVJJX,0.0404,Unlikely to churn,0.9596,2026-08-19
8849-AYPTR,0.314,Unlikely to churn,0.686,2026-08-19
9518-IMLHK,0.1759,Unlikely to churn,0.8241,2026-08-19
1582-RAFML,0.5481,Likely to churn,0.5481,2026-08-19
3646-ITDGM,0.063,Unlikely to churn,0.937,2026-08-19
8740-CRYFY,0.6659,Likely to churn,0.6659,2026-08-19
3569-VLDHH,0.0416,Unlikely to churn,0.9584,2026-08-19
8224-KDLKN,0.0336,Unlikely to churn,0.9664,2026-08-19
7594-LZNWR,0.3017,Unlikely to churn,0.6983,2026-08-19
4001-TSBTV,0.1065,Unlikely to churn,0.8935,2026-08-19
2962-XPMCQ,0.5634,Likely to churn,0.5634,2026-08-19
8727-XDPUD,0.1518,Unlikely to churn,0.8482,2026-08-19
1043-UXOVO,0.0515,Unlikely to churn,0.9485,2026-08-19
1064-FBXNK,0.4692,Unlikely to churn,0.5308,2026-08-19
3996-ZNWYK,0.0323,Unlikely to churn,0.9677,2026-08-19
2878-DHMIN,0.1527,Unlikely to churn,0.8473,2026-08-19
7762-ONLJY,0.411,Unlikely to churn,0.589,2026-08-19
1678-FYZOW,0.6465,Likely to churn,0.6465,2026-08-19
5795-BKOYE,0.0397,Unlikely to churn,0.9603,2026-08-19
8627-EHGIP,0.0925,Unlikely to churn,0.9075,2026-08-19
7402-PWYJJ,0.152,Unlikely to churn,0.848,2026-08-19
5480-TBGPH,0.3578,Unlikely to churn,0.6422,2026-08-19
0018-NYROU,0.6259,Likely to churn,0.6259,2026-08-19
7501-VTYLJ,0.5455,Likely to churn,0.5455,2026-08-19
7608-RGIRO,0.0521,Unlikely to churn,0.9479,2026-08-19
0480-BIXDE,0.447,Unlikely to churn,0.553,2026-08-19
5895-QSXOD,0.5856,Likely to churn,0.5856,2026-08-19
9814-AOUDH,0.0716,Unlikely to churn,0.9284,2026-08-19
6175-IRFIT,0.6223,Likely to churn,0.6223,2026-08-19
8760-ZRHKE,0.0427,Unlikely to churn,0.9573,2026-08-19
1622-HSHSF,0.4679,Unlikely to churn,0.5321,2026-08-19
8854-CCVSQ,0.4807,Unlikely to churn,0.5193,2026-08-19
6749-UTDVX,0.0596,Unlikely to churn,0.9404,2026-08-19
5542-DHSXL,0.4904,Unlikely to churn,0.5096,2026-08-19
9102-OXKFY,0.0801,Unlikely to churn,0.9199,2026-08-19
0511-JTEOY,0.6766,Likely to churn,0.6766,2026-08-19
5216-WASFJ,0.3509,Unlikely to churn,0.6491,2026-08-19
7808-DVWEP,0.4466,Unlikely to churn,0.5534,2026-08-19
7067-KSAZT,0.0842,Unlikely to churn,0.9158,2026-08-19
2284-VFLKH,0.1473,Unlikely to churn,0.8527,2026-08-19
0366-NQSHS,0.4555,Unlikely to churn,0.5445,2026-08-19
6532-YLWSI,0.073,Unlikely to churn,0.927,2026-08-19
3807-BPOMJ,0.1265,Unlikely to churn,0.8735,2026-08-19
3892-NXAZG,0.05,Unlikely to churn,0.95,2026-08-19
4948-WBBKL,0.3023,Unlikely to churn,0.6977,2026-08-19
4182-BGSIQ,0.3669,Unlikely to churn,0.6331,2026-08-19
9300-AGZNL,0.6819,Likely to churn,0.6819,2026-08-19
0988-AADSA,0.0348,Unlikely to churn,0.9652,2026-08-19
9972-NKTFD,0.2382,Unlikely to churn,0.7618,2026-08-19
3717-LNXKW,0.2674,Unlikely to churn,0.7326,2026-08-19
5734-EJKXG,0.0869,Unlikely to churn,0.9131,2026-08-19
2207-RYYRL,0.0808,Unlikely to churn,0.9192,2026-08-19
6729-FZWSY,0.0385,Unlikely to churn,0.9615,2026-08-19
9695-IDRZR,0.2441,Unlikely to churn,0.7559,2026-08-19
8144-DGHXP,0.077,Unlikely to churn,0.923,2026-08-19
7814-LEEVE,0.4711,Unlikely to churn,0.5289,2026-08-19
1112-CUNAO,0.5094,Likely to churn,0.5094,2026-08-19
5175-AOBHI,0.5438,Likely to churn,0.5438,2026-08-19
5174-RNGBH,0.4358,Unlikely to churn,0.5642,2026-08-19
8631-WUXGY,0.1671,Unlikely to churn,0.8329,2026-08-19
7270-BDIOA,0.4286,Unlikely to churn,0.5714,2026-08-19
9565-JSNFM,0.268,Unlikely to churn,0.732,2026-08-19
5906-DVAPM,0.0798,Unlikely to churn,0.9202,2026-08-19
6654-QGBZZ,0.4694,Unlikely to churn,0.5306,2026-08-19
8348-JLBUG,0.0819,Unlikely to churn,0.9181,2026-08-19
0607-DAAHE,0.0718,Unlikely to churn,0.9282,2026-08-19
5641-DMBFJ,0.0686,Unlikely to churn,0.9314,2026-08-19
9200-NLNPD,0.055,Unlikely to churn,0.945,2026-08-19
2664-XJZNO,0.0513,Unlikely to churn,0.9487,2026-08-19
9732-KPKBW,0.5223,Likely to churn,0.5223,2026-08-19
3339-EAQNV,0.0638,Unlikely to churn,0.9362,2026-08-19
0921-OHLVP,0.4442,Unlikely to churn,0.5558,2026-08-19
3389-YGYAI,0.5666,Likely to churn,0.5666,2026-08-19
9560-ARGQJ,0.5056,Likely to churn,0.5056,2026-08-19
8350-NYMVI,0.1105,Unlikely to churn,0.8895,2026-08-19
1600-DILPE,0.4463,Unlikely to churn,0.5537,2026-08-19
0536-ESJEP,0.0828,Unlikely to churn,0.9172,2026-08-19
4654-GGUII,0.2465,Unlikely to churn,0.7535,2026-08-19
6478-HRRCZ,0.191,Unlikely to churn,0.809,2026-08-19
8510-BBWMU,0.1195,Unlikely to churn,0.8805,2026-08-19
6857-TKDJV,0.0418,Unlikely to churn,0.9582,2026-08-19
2360-RDGRO,0.0816,Unlikely to churn,0.9184,2026-08-19
0584-BJQGZ,0.2379,Unlikely to churn,0.7621,2026-08-19
5134-IKDAY,0.6718,Likely to churn,0.6718,2026-08-19
1360-XFJMR,0.0689,Unlikely to churn,0.9311,2026-08-19
3070-DVEYC,0.6229,Likely to churn,0.6229,2026-08-19
5730-RIITO,0.0979,Unlikely to churn,0.9021,2026-08-19
9058-MJLZC,0.3813,Unlikely to churn,0.6187,2026-08-19
5707-ORNDZ,0.4763,Unlikely to churn,0.5237,2026-08-19
0902-XKXPN,0.0356,Unlikely to churn,0.9644,2026-08-19
5177-RVZNU,0.1418,Unlikely to churn,0.8582,2026-08-19
0056-EPFBG,0.2271,Unlikely to churn,0.7729,2026-08-19
8993-IZEUX,0.6045,Likely to churn,0.6045,2026-08-19
8696-JKZNU,0.2973,Unlikely to churn,0.7027,2026-08-19
5380-AFSSK,0.6396,Likely to churn,0.6396,2026-08-19
8190-ZTQFB,0.1185,Unlikely to churn,0.8815,2026-08-19
0931-MHTEM,0.1217,Unlikely to churn,0.8783,2026-08-19
2055-PDADH,0.6531,Likely to churn,0.6531,2026-08-19
7515-LODFU,0.0356,Unlikely to churn,0.9644,2026-08-19
0440-UEDAI,0.1167,Unlikely to churn,0.8833,2026-08-19
1337-BOZWO,0.2663,Unlikely to churn,0.7337,2026-08-19
0868-VJRDR,0.0719,Unlikely to churn,0.9281,2026-08-19
8714-EUHJO,0.3342,Unlikely to churn,0.6658,2026-08-19
6344-SFJVH,0.2834,Unlikely to churn,0.7166,2026-08-19
3950-VPYJB,0.0681,Unlikely to churn,0.9319,2026-08-19
8041-TMEID,0.0805,Unlikely to churn,0.9195,2026-08-19
7321-ZNSLA,0.2937,Unlikely to churn,0.7063,2026-08-19
6941-KXRRV,0.1165,Unlikely to churn,0.8835,2026-08-19
3721-CNEYS,0.6657,Likely to churn,0.6657,2026-08-19
8727-JQFHV,0.0613,Unlikely to churn,0.9387,2026-08-19
9475-NNDGC,0.0611,Unlikely to churn,0.9389,2026-08-19
1355-KUSBG,0.5206,Likely to churn,0.5206,2026-08-19
3688-FTHLT,0.4306,Unlikely to churn,0.5694,2026-08-19
0899-LIIBW,0.3001,Unlikely to churn,0.6999,2026-08-19
2568-OIADY,0.267,Unlikely to churn,0.733,2026-08-19
1384-RCUXW,0.5037,Likely to churn,0.5037,2026-08-19
5825-XJOCM,0.1077,Unlikely to churn,0.8923,2026-08-19
6848-YLDFR,0.0703,Unlikely to churn,0.9297,2026-08-19
8125-QPFJD,0.0372,Unlikely to churn,0.9628,2026-08-19
2320-YKQBO,0.3981,Unlikely to churn,0.6019,2026-08-19
1193-RTSLK,0.211,Unlikely to churn,0.789,2026-08-19
2302-ANTDP,0.1463,Unlikely to churn,0.8537,2026-08-19
5923-GXUOC,0.4939,Unlikely to churn,0.5061,2026-08-19
4973-RLZVI,0.1884,Unlikely to churn,0.8116,2026-08-19
7869-ZYDST,0.2595,Unlikely to churn,0.7405,2026-08-19
4501-UYKBC,0.1254,Unlikely to churn,0.8746,2026-08-19
1215-EXRMO,0.0828,Unlikely to churn,0.9172,2026-08-19
2305-MRGLV,0.3511,Unlikely to churn,0.6489,2026-08-19
8404-VIOMB,0.0285,Unlikely to churn,0.9715,2026-08-19
5233-GEEAX,0.3845,Unlikely to churn,0.6155,2026-08-19
2359-KLTEK,0.2185,Unlikely to churn,0.7815,2026-08-19
5304-EFJLP,0.0571,Unlikely to churn,0.9429,2026-08-19
2673-ZALNP,0.4005,Unlikely to churn,0.5995,2026-08-19
9184-GALIL,0.1365,Unlikely to churn,0.8635,2026-08-19
4393-RYCRE,0.1697,Unlikely to churn,0.8303,2026-08-19
9746-MDMBK,0.1438,Unlikely to churn,0.8562,2026-08-19
3162-ZJZFU,0.1329,Unlikely to churn,0.8671,2026-08-19
8404-GFGCZ,0.5362,Likely to churn,0.5362,2026-08-19
8875-AKBYH,0.4729,Unlikely to churn,0.5271,2026-08-19
4432-ADRLB,0.5614,Likely to churn,0.5614,2026-08-19
0533-UCAAU,0.0814,Unlikely to churn,0.9186,2026-08-19
1394-SUIUH,0.171,Unlikely to churn,0.829,2026-08-19
3521-MNKLV,0.2935,Unlikely to churn,0.7065,2026-08-19
2533-TIBIX,0.3133,Unlikely to churn,0.6867,2026-08-19
8993-PHFWD,0.4685,Unlikely to churn,0.5315,2026-08-19
1565-RHDJD,0.6118,Likely to churn,0.6118,2026-08-19
7137-RYLPP,0.2928,Unlikely to churn,0.7072,2026-08-19
3765-JXVKY,0.6498,Likely to churn,0.6498,2026-08-19
5092-STPKP,0.2796,Unlikely to churn,0.7204,2026-08-19
7330-WZLNC,0.6275,Likely to churn,0.6275,2026-08-19
0114-PEGZZ,0.2957,Unlikely to churn,0.7043,2026-08-19
3359-DSRKA,0.0578,Unlikely to churn,0.9422,2026-08-19
8639-NHQEI,0.0625,Unlikely to churn,0.9375,2026-08-19
7161-DFHUF,0.0345,Unlikely to churn,0.9655,2026-08-19
3957-LXOLK,0.3414,Unlikely to churn,0.6586,2026-08-19
3720-DBRWL,0.0781,Unlikely to churn,0.9219,2026-08-19
6635-MYYYZ,0.1884,Unlikely to churn,0.8116,2026-08-19
8565-WUXZU,0.0524,Unlikely to churn,0.9476,2026-08-19
5281-BUZGT,0.2832,Unlikely to churn,0.7168,2026-08-19
4994-OBRSZ,0.3347,Unlikely to churn,0.6653,2026-08-19
0562-FGDCR,0.0374,Unlikely to churn,0.9626,2026-08-19
2436-QBZFP,0.2421,Unlikely to churn,0.7579,2026-08-19
3420-YJLQT,0.6577,Likely to churn,0.6577,2026-08-19
6040-CGACY,0.3137,Unlikely to churn,0.6863,2026-08-19
6582-PLFUU,0.0781,Unlikely to churn,0.9219,2026-08-19
8242-PDSGJ,0.0274,Unlikely to churn,0.9726,2026-08-19
0264-CNITK,0.0324,Unlikely to churn,0.9676,2026-08-19
0089-IIQKO,0.2505,Unlikely to churn,0.7495,2026-08-19
7839-NUIAA,0.0678,Unlikely to churn,0.9322,2026-08-19
6075-QMNRR,0.1008,Unlikely to churn,0.8992,2026-08-19
5378-IKEEG,0.4909,Unlikely to churn,0.5091,2026-08-19
5966-EMAZU,0.0771,Unlikely to churn,0.9229,2026-08-19
0440-EKDCF,0.0551,Unlikely to churn,0.9449,2026-08-19
4774-HHGGS,0.1833,Unlikely to churn,0.8167,2026-08-19
2718-GAXQD,0.5438,Likely to churn,0.5438,2026-08-19
2055-BFOCC,0.0462,Unlikely to churn,0.9538,2026-08-19
8180-AKMJV,0.5724,Likely to churn,0.5724,2026-08-19
4298-OYIFC,0.4765,Unlikely to churn,0.5235,2026-08-19
5566-SOEZD,0.3366,Unlikely to churn,0.6634,2026-08-19
9842-EFSYY,0.3689,Unlikely to churn,0.6311,2026-08-19
2272-WUSPA,0.0563,Unlikely to churn,0.9437,2026-08-19
4584-LBNMK,0.109,Unlikely to churn,0.891,2026-08-19
3898-GUYTS,0.1672,Unlikely to churn,0.8328,2026-08-19
0930-EHUZA,0.1528,Unlikely to churn,0.8472,2026-08-19
6413-XKKPU,0.4394,Unlikely to churn,0.5606,2026-08-19
9975-SKRNR,0.4652,Unlikely to churn,0.5348,2026-08-19
3703-KBKZP,0.5231,Likely to churn,0.5231,2026-08-19
1449-XQEMT,0.4458,Unlikely to churn,0.5542,2026-08-19
2626-URJFX,0.5642,Likely to churn,0.5642,2026-08-19
4973-MGTON,0.0324,Unlikely to churn,0.9676,2026-08-19
3682-YEUWS,0.3851,Unlikely to churn,0.6149,2026-08-19
1223-UNPKS,0.2671,Unlikely to churn,0.7329,2026-08-19
2612-RRIDN,0.642,Likely to churn,0.642,2026-08-19
4735-ASGMA,0.3741,Unlikely to churn,0.6259,2026-08-19
3446-QDSZF,0.5387,Likely to churn,0.5387,2026-08-19
3669-LVWZB,0.4189,Unlikely to churn,0.5811,2026-08-19
6892-EZDTG,0.6417,Likely to churn,0.6417,2026-08-19
5117-IFGPS,0.3703,Unlikely to churn,0.6297,2026-08-19
7379-FNIUJ,0.6129,Likely to churn,0.6129,2026-08-19
1627-AFWVJ,0.1913,Unlikely to churn,0.8087,2026-08-19
9725-SCPZG,0.6703,Likely to churn,0.6703,2026-08-19
5884-GCYMI,0.6703,Likely to churn,0.6703,2026-08-19
3217-FZDMN,0.5652,Likely to churn,0.5652,2026-08-19
4486-EFAEB,0.3372,Unlikely to churn,0.6628,2026-08-19
0060-FUALY,0.1072,Unlikely to churn,0.8928,2026-08-19
7853-GVUDZ,0.4704,Unlikely to churn,0.5296,2026-08-19
7480-QNVZJ,0.1821,Unlikely to churn,0.8179,2026-08-19
6954-OOYZZ,0.3758,Unlikely to churn,0.6242,2026-08-19
7088-FBAWU,0.3377,Unlikely to churn,0.6623,2026-08-19
8313-AFGBW,0.1097,Unlikely to churn,0.8903,2026-08-19
3943-KDREE,0.4092,Unlikely to churn,0.5908,2026-08-19
9239-ZBZZV,0.3952,Unlikely to churn,0.6048,2026-08-19
3097-IDVPU,0.3876,Unlikely to churn,0.6124,2026-08-19
4398-HSCJH,0.5394,Likely to churn,0.5394,2026-08-19
2197-OMWGI,0.0316,Unlikely to churn,0.9684,2026-08-19
2303-PJYHN,0.4576,Unlikely to churn,0.5424,2026-08-19
9795-VOWON,0.4186,Unlikely to churn,0.5814,2026-08-19
1237-WIYYZ,0.2841,Unlikely to churn,0.7159,2026-08-19
1987-AUELQ,0.0352,Unlikely to churn,0.9648,2026-08-19
7852-LECYP,0.5044,Likely to churn,0.5044,2026-08-19
4430-UZIPO,0.4276,Unlikely to churn,0.5724,2026-08-19
4822-LPTYJ,0.0597,Unlikely to churn,0.9403,2026-08-19
8165-CBKXO,0.0368,Unlikely to churn,0.9632,2026-08-19
6527-PZFPV,0.2344,Unlikely to churn,0.7656,2026-08-19
4855-SNKMY,0.5706,Likely to churn,0.5706,2026-08-19
9593-CVZKR,0.0678,Unlikely to churn,0.9322,2026-08-19
8595-SIZNC,0.2671,Unlikely to churn,0.7329,2026-08-19
8008-HAWED,0.3202,Unlikely to churn,0.6798,2026-08-19
7124-UGSUR,0.097,Unlikely to churn,0.903,2026-08-19
1862-SKORY,0.1211,Unlikely to churn,0.8789,2026-08-19
5236-XMZJY,0.1286,Unlikely to churn,0.8714,2026-08-19
4827-DPADN,0.0362,Unlikely to churn,0.9638,2026-08-19
2694-CIUMO,0.5461,Likely to churn,0.5461,2026-08-19
5846-ABOBJ,0.0348,Unlikely to churn,0.9652,2026-08-19
1439-LCGVL,0.2134,Unlikely to churn,0.7866,2026-08-19
0909-SDHNU,0.3972,Unlikely to churn,0.6028,2026-08-19
4647-XXZAM,0.5184,Likely to churn,0.5184,2026-08-19
1502-XFCVR,0.0965,Unlikely to churn,0.9035,2026-08-19
7740-KKCXF,0.0778,Unlikely to churn,0.9222,2026-08-19
5360-XGYAZ,0.0228,Unlikely to churn,0.9772,2026-08-19
9692-TUSXH,0.4554,Unlikely to churn,0.5446,2026-08-19
7912-SYRQT,0.6282,Likely to churn,0.6282,2026-08-19
3557-HTYWR,0.1105,Unlikely to churn,0.8895,2026-08-19
4816-JBHOV,0.5616,Likely to churn,0.5616,2026-08-19
8920-NAVAY,0.087,Unlikely to churn,0.913,2026-08-19
1699-TLDLZ,0.3041,Unlikely to churn,0.6959,2026-08-19
5600-PDUJF,0.4902,Unlikely to churn,0.5098,2026-08-19
8292-TYSPY,0.324,Unlikely to churn,0.676,2026-08-19
0567-XRHCU,0.031,Unlikely to churn,0.969,2026-08-19
1867-BDVFH,0.5804,Likely to churn,0.5804,2026-08-19
2067-QYTCF,0.0803,Unlikely to churn,0.9197,2026-08-19
2359-QWQUL,0.2016,Unlikely to churn,0.7984,2026-08-19
9103-TCIHJ,0.4119,Unlikely to churn,0.5881,2026-08-19
7407-SUJIZ,0.2255,Unlikely to churn,0.7745,2026-08-19
9150-KPBJQ,0.4108,Unlikely to churn,0.5892,2026-08-19
0052-DCKON,0.067,Unlikely to churn,0.933,2026-08-19
3654-ARMGP,0.0644,Unlikely to churn,0.9356,2026-08-19
9699-UBQFS,0.2018,Unlikely to churn,0.7982,2026-08-19
9367-TCUYN,0.3466,Unlikely to churn,0.6534,2026-08-19
1261-FWTTE,0.2527,Unlikely to churn,0.7473,2026-08-19
3528-HFRIQ,0.0273,Unlikely to churn,0.9727,2026-08-19
0708-SJDIS,0.2194,Unlikely to churn,0.7806,2026-08-19
4140-WJAWW,0.423,Unlikely to churn,0.577,2026-08-19
2073-QBVBI,0.1097,Unlikely to churn,0.8903,2026-08-19
6928-ONTRW,0.0308,Unlikely to churn,0.9692,2026-08-19
3320-VEOYC,0.5451,Likely to churn,0.5451,2026-08-19
5231-FIQPA,0.1197,Unlikely to churn,0.8803,2026-08-19
6617-WLBQC,0.4277,Unlikely to churn,0.5723,2026-08-19
2599-CIPQE,0.0485,Unlikely to churn,0.9515,2026-08-19
6653-CBBOM,0.6736,Likely to churn,0.6736,2026-08-19
8774-GSBUN,0.0338,Unlikely to churn,0.9662,2026-08-19
7326-RIGQZ,0.6183,Likely to churn,0.6183,2026-08-19
1401-FTHFQ,0.2404,Unlikely to churn,0.7596,2026-08-19
3247-ZVOUO,0.5938,Likely to churn,0.5938,2026-08-19
0254-FNMCI,0.0468,Unlikely to churn,0.9532,2026-08-19
1848-LBZHY,0.4819,Unlikely to churn,0.5181,2026-08-19
6101-IMRMM,0.5883,Likely to churn,0.5883,2026-08-19
8118-TJAFG,0.5384,Likely to churn,0.5384,2026-08-19
5429-LWCMV,0.5415,Likely to churn,0.5415,2026-08-19
7298-IZWLY,0.4673,Unlikely to churn,0.5327,2026-08-19
9758-MFWGD,0.0883,Unlikely to churn,0.9117,2026-08-19
3955-JBZZM,0.4497,Unlikely to churn,0.5503,2026-08-19
1268-ASBGA,0.5238,Likely to churn,0.5238,2026-08-19
8943-URTMR,0.6581,Likely to churn,0.6581,2026-08-19
4815-TUMEQ,0.365,Unlikely to churn,0.635,2026-08-19
4713-LZDRV,0.6579,Likely to churn,0.6579,2026-08-19
9909-IDLEK,0.4354,Unlikely to churn,0.5646,2026-08-19
4092-OFQZS,0.2691,Unlikely to churn,0.7309,2026-08-19
1561-BWHIN,0.2755,Unlikely to churn,0.7245,2026-08-19
4325-NFSKC,0.4658,Unlikely to churn,0.5342,2026-08-19
9927-DSWDF,0.3583,Unlikely to churn,0.6417,2026-08-19
9500-LTVBP,0.2926,Unlikely to churn,0.7074,2026-08-19
7252-NTGSS,0.5749,Likely to churn,0.5749,2026-08-19
8149-AIQCG,0.2678,Unlikely to churn,0.7322,2026-08-19
1360-JYXKQ,0.12,Unlikely to churn,0.88,2026-08-19
2955-PSXOE,0.4707,Unlikely to churn,0.5293,2026-08-19
7762-URZQH,0.0804,Unlikely to churn,0.9196,2026-08-19
0899-WZRSD,0.1212,Unlikely to churn,0.8788,2026-08-19
3255-GRXMG,0.381,Unlikely to churn,0.619,2026-08-19
4828-FAZPK,0.5011,Likely to churn,0.5011,2026-08-19
6094-ZIVKX,0.0457,Unlikely to churn,0.9543,2026-08-19
6925-BAYGL,0.0781,Unlikely to churn,0.9219,2026-08-19
3262-EIDHV,0.0371,Unlikely to churn,0.9629,2026-08-19
7354-OIJLX,0.6091,Likely to churn,0.6091,2026-08-19
1376-HHBDV,0.2361,Unlikely to churn,0.7639,2026-08-19
6907-NZZIJ,0.2751,Unlikely to churn,0.7249,2026-08-19
6133-OZILE,0.2648,Unlikely to churn,0.7352,2026-08-19
4135-FRWKJ,0.0814,Unlikely to churn,0.9186,2026-08-19
2911-UREFD,0.1175,Unlikely to churn,0.8825,2026-08-19
3744-ZRRDZ,0.4529,Unlikely to churn,0.5471,2026-08-19
5673-TIYIB,0.4097,Unlikely to churn,0.5903,2026-08-19
6551-ZCOTS,0.1771,Unlikely to churn,0.8229,2026-08-19
7191-ADRGF,0.093,Unlikely to churn,0.907,2026-08-19
5018-LXQQG,0.2244,Unlikely to churn,0.7756,2026-08-19
6892-BOGQE,0.0329,Unlikely to churn,0.9671,2026-08-19
1602-IJQQE,0.6613,Likely to churn,0.6613,2026-08-19
4628-WQCQQ,0.2734,Unlikely to churn,0.7266,2026-08-19
1746-TGTWV,0.6523,Likely to churn,0.6523,2026-08-19
5995-SNNEW,0.389,Unlikely to churn,0.611,2026-08-19
8050-WYBND,0.2406,Unlikely to churn,0.7594,2026-08-19
2821-WARNZ,0.085,Unlikely to churn,0.915,2026-08-19
4879-GZLFH,0.203,Unlikely to churn,0.797,2026-08-19
1644-IRKSF,0.2852,Unlikely to churn,0.7148,2026-08-19
8314-HTWVE,0.4003,Unlikely to churn,0.5997,2026-08-19
9402-ROUMJ,0.0703,Unlikely to churn,0.9297,2026-08-19
2507-QZPQS,0.4889,Unlikely to churn,0.5111,2026-08-19
7159-NOKYQ,0.0744,Unlikely to churn,0.9256,2026-08-19
5707-ZMDJP,0.0802,Unlikely to churn,0.9198,2026-08-19
8779-YIQQA,0.2573,Unlikely to churn,0.7427,2026-08-19
7136-IHZJA,0.1414,Unlikely to churn,0.8586,2026-08-19
8966-OIQHG,0.2514,Unlikely to churn,0.7486,2026-08-19
7074-STDCN,0.1286,Unlikely to churn,0.8714,2026-08-19
3705-PSNGL,0.1022,Unlikely to churn,0.8978,2026-08-19
8739-QOTTN,0.4596,Unlikely to churn,0.5404,2026-08-19
1399-OUPJN,0.0603,Unlikely to churn,0.9397,2026-08-19
0277-BKSQP,0.4874,Unlikely to churn,0.5126,2026-08-19
6502-HCJTI,0.5777,Likely to churn,0.5777,2026-08-19
2606-RMDHZ,0.4113,Unlikely to churn,0.5887,2026-08-19
5774-XZTQC,0.4027,Unlikely to churn,0.5973,2026-08-19
2676-SSLTO,0.1243,Unlikely to churn,0.8757,2026-08-19
6266-QHOJZ,0.0771,Unlikely to churn,0.9229,2026-08-19
7269-JISCY,0.0973,Unlikely to churn,0.9027,2026-08-19
0363-SVHYR,0.0338,Unlikely to churn,0.9662,2026-08-19
8547-NSBBO,0.2418,Unlikely to churn,0.7582,2026-08-19
8258-GSTJK,0.6778,Likely to churn,0.6778,2026-08-19
6861-OKBCE,0.3573,Unlikely to churn,0.6427,2026-08-19
9940-RHLFB,0.6521,Likely to churn,0.6521,2026-08-19
6591-QGOYB,0.4221,Unlikely to churn,0.5779,2026-08-19
9070-BCKQP,0.0558,Unlikely to churn,0.9442,2026-08-19
6421-SZVEM,0.3344,Unlikely to churn,0.6656,2026-08-19
1328-EUZHC,0.286,Unlikely to churn,0.714,2026-08-19
2995-UPRYS,0.2082,Unlikely to churn,0.7918,2026-08-19
8878-RYUKI,0.0993,Unlikely to churn,0.9007,2026-08-19
9633-DENPU,0.1208,Unlikely to churn,0.8792,2026-08-19
7811-JIVPF,0.3033,Unlikely to churn,0.6967,2026-08-19
7113-HIPFI,0.0426,Unlikely to churn,0.9574,2026-08-19
8541-QVFKM,0.6108,Likely to churn,0.6108,2026-08-19
6686-YPGHK,0.1775,Unlikely to churn,0.8225,2026-08-19
1383-EZRWL,0.4011,Unlikely to churn,0.5989,2026-08-19
9258-CNWAC,0.052,Unlikely to churn,0.948,2026-08-19
5371-VYLSX,0.1533,Unlikely to churn,0.8467,2026-08-19
6374-AFWOX,0.1015,Unlikely to churn,0.8985,2026-08-19
4759-TRPLW,0.674,Likely to churn,0.674,2026-08-19
5317-FLPJF,0.0333,Unlikely to churn,0.9667,2026-08-19
7621-VPNET,0.2154,Unlikely to churn,0.7846,2026-08-19
6034-YMTOB,0.61,Likely to churn,0.61,2026-08-19
8563-IIOXK,0.4796,Unlikely to churn,0.5204,2026-08-19
4903-CNOZC,0.2467,Unlikely to churn,0.7533,2026-08-19
4353-HYOJD,0.2658,Unlikely to churn,0.7342,2026-08-19
8020-BWHYL,0.4933,Unlikely to churn,0.5067,2026-08-19
7267-FRMJW,0.224,Unlikely to churn,0.776,2026-08-19
2982-VPSGI,0.5731,Likely to churn,0.5731,2026-08-19
4188-FRABG,0.0956,Unlikely to churn,0.9044,2026-08-19
8199-ZLLSA,0.0667,Unlikely to churn,0.9333,2026-08-19
4128-ETESU,0.1862,Unlikely to churn,0.8138,2026-08-19
0620-DLSLK,0.5443,Likely to churn,0.5443,2026-08-19
4625-EWPTF,0.3886,Unlikely to churn,0.6114,2026-08-19
5980-NOPLP,0.2289,Unlikely to churn,0.7711,2026-08-19
3850-OKINF,0.0483,Unlikely to churn,0.9517,2026-08-19
6892-XPFPU,0.3771,Unlikely to churn,0.6229,2026-08-19
8010-EZLOU,0.5139,Likely to churn,0.5139,2026-08-19
1156-ZFYDO,0.4688,Unlikely to churn,0.5312,2026-08-19
3295-YVUSR,0.6718,Likely to churn,0.6718,2026-08-19
8016-NCFVO,0.1084,Unlikely to churn,0.8916,2026-08-19
4119-ZYPZY,0.0655,Unlikely to churn,0.9345,2026-08-19
5549-ZGHFB,0.0886,Unlikely to churn,0.9114,2026-08-19
7577-SWIFR,0.6644,Likely to churn,0.6644,2026-08-19
0303-WMMRN,0.4205,Unlikely to churn,0.5795,2026-08-19
6408-OTUBZ,0.0664,Unlikely to churn,0.9336,2026-08-19
5204-HMGYF,0.0896,Unlikely to churn,0.9104,2026-08-19
1078-TDCRN,0.4467,Unlikely to churn,0.5533,2026-08-19
3727-OVPRY,0.0445,Unlikely to churn,0.9555,2026-08-19
3797-FKOGQ,0.5851,Likely to churn,0.5851,2026-08-19
7622-NXQZR,0.1986,Unlikely to churn,0.8014,2026-08-19
6196-HBOBZ,0.0756,Unlikely to churn,0.9244,2026-08-19
3970-XGJDU,0.0479,Unlikely to churn,0.9521,2026-08-19
7017-VFULY,0.4586,Unlikely to churn,0.5414,2026-08-19
5562-YJQGT,0.4596,Unlikely to churn,0.5404,2026-08-19
8807-OPMBM,0.0722,Unlikely to churn,0.9278,2026-08-19
5439-WIKXB,0.2175,Unlikely to churn,0.7825,2026-08-19
9874-QLCLH,0.4563,Unlikely to churn,0.5437,2026-08-19
8294-UIMBA,0.3169,Unlikely to churn,0.6831,2026-08-19
8109-YUOHE,0.349,Unlikely to churn,0.651,2026-08-19
5840-NVDCG,0.3246,Unlikely to churn,0.6754,2026-08-19
8092-NLTGF,0.0334,Unlikely to churn,0.9666,2026-08-19
5928-QLDHB,0.6107,Likely to churn,0.6107,2026-08-19
9840-EFJQB,0.6485,Likely to churn,0.6485,2026-08-19
0696-UKTOX,0.2815,Unlikely to churn,0.7185,2026-08-19
4801-KFYKL,0.3875,Unlikely to churn,0.6125,2026-08-19
3472-OAOOR,0.255,Unlikely to churn,0.745,2026-08-19
6135-OZQVA,0.4959,Unlikely to churn,0.5041,2026-08-19
8062-YBDOE,0.6712,Likely to churn,0.6712,2026-08-19
2252-JHJGE,0.0964,Unlikely to churn,0.9036,2026-08-19
4188-PCPIG,0.0681,Unlikely to churn,0.9319,2026-08-19
6000-APYLU,0.5858,Likely to churn,0.5858,2026-08-19
7105-BENQF,0.3629,Unlikely to churn,0.6371,2026-08-19
7721-DVEKZ,0.4684,Unlikely to churn,0.5316,2026-08-19
3566-VVORZ,0.4501,Unlikely to churn,0.5499,2026-08-19
9507-HSMMZ,0.069,Unlikely to churn,0.931,2026-08-19
2480-SQIOB,0.5388,Likely to churn,0.5388,2026-08-19
0947-IDHRQ,0.6063,Likely to churn,0.6063,2026-08-19
7813-TKCVO,0.2681,Unlikely to churn,0.7319,2026-08-19
0128-MKWSG,0.1982,Unlikely to churn,0.8018,2026-08-19
3672-YITQD,0.297,Unlikely to churn,0.703,2026-08-19
4350-ZTLPI,0.1234,Unlikely to churn,0.8766,2026-08-19
9048-JVYVF,0.5186,Likely to churn,0.5186,2026-08-19
0361-HJRDX,0.0268,Unlikely to churn,0.9732,2026-08-19
5727-MYATE,0.0344,Unlikely to churn,0.9656,2026-08-19
3823-KYNQY,0.3653,Unlikely to churn,0.6347,2026-08-19
8988-ECPJR,0.3007,Unlikely to churn,0.6993,2026-08-19
7570-WELNY,0.0738,Unlikely to churn,0.9262,2026-08-19
3021-VLNRJ,0.0927,Unlikely to churn,0.9073,2026-08-19
3776-EKTKM,0.4939,Unlikely to churn,0.5061,2026-08-19
2080-CAZNM,0.215,Unlikely to churn,0.785,2026-08-19
1028-FFNJK,0.3433,Unlikely to churn,0.6567,2026-08-19
6907-FLBER,0.5684,Likely to churn,0.5684,2026-08-19
3001-UNBTL,0.3634,Unlikely to churn,0.6366,2026-08-19
5982-PSMKW,0.2618,Unlikely to churn,0.7382,2026-08-19
3507-GASNP,0.053,Unlikely to churn,0.947,2026-08-19
7096-ZNBZI,0.0344,Unlikely to churn,0.9656,2026-08-19
1902-XBTFB,0.3828,Unlikely to churn,0.6172,2026-08-19
1676-MQAOA,0.0317,Unlikely to churn,0.9683,2026-08-19
0786-IVLAW,0.083,Unlikely to churn,0.917,2026-08-19
7566-DSRLQ,0.0558,Unlikely to churn,0.9442,2026-08-19
0643-OKLRP,0.1916,Unlikely to churn,0.8084,2026-08-19
7245-JMTTQ,0.139,Unlikely to churn,0.861,2026-08-19
6050-IJRHS,0.0681,Unlikely to churn,0.9319,2026-08-19
6202-JVYEU,0.3783,Unlikely to churn,0.6217,2026-08-19
8591-TKMZH,0.0993,Unlikely to churn,0.9007,2026-08-19
0734-OXWBT,0.5243,Likely to churn,0.5243,2026-08-19
4282-ACRXS,0.1454,Unlikely to churn,0.8546,2026-08-19
0365-TRTPY,0.2406,Unlikely to churn,0.7594,2026-08-19
7349-ALMUX,0.1468,Unlikely to churn,0.8532,2026-08-19
9381-NDKME,0.2296,Unlikely to churn,0.7704,2026-08-19
6502-KUGLL,0.3528,Unlikely to churn,0.6472,2026-08-19
1841-YSJGV,0.0556,Unlikely to churn,0.9444,2026-08-19
2794-XIMMO,0.0587,Unlikely to churn,0.9413,2026-08-19
8382-SHQEH,0.6135,Likely to churn,0.6135,2026-08-19
3511-BFTJW,0.0248,Unlikely to churn,0.9752,2026-08-19
7668-XCFYV,0.4973,Unlikely to churn,0.5027,2026-08-19
2983-ZANRP,0.6347,Likely to churn,0.6347,2026-08-19
7845-URHJN,0.3903,Unlikely to churn,0.6097,2026-08-19
3034-ZBEQN,0.0806,Unlikely to churn,0.9194,2026-08-19
5018-HEKFO,0.3855,Unlikely to churn,0.6145,2026-08-19
2923-ARZLG,0.4802,Unlikely to churn,0.5198,2026-08-19
3976-NLDEZ,0.4723,Unlikely to churn,0.5277,2026-08-19
2282-YGNOR,0.2086,Unlikely to churn,0.7914,2026-08-19
5336-UFNZP,0.0857,Unlikely to churn,0.9143,2026-08-19
6854-EXGSF,0.4442,Unlikely to churn,0.5558,2026-08-19
1241-EZFMJ,0.0553,Unlikely to churn,0.9447,2026-08-19
9233-PSYHO,0.2021,Unlikely to churn,0.7979,2026-08-19
5376-PCKNB,0.0604,Unlikely to churn,0.9396,2026-08-19
8044-BGWPI,0.3506,Unlikely to churn,0.6494,2026-08-19
4060-LDNLU,0.6269,Likely to churn,0.6269,2026-08-19
3589-PPVKW,0.4787,Unlikely to churn,0.5213,2026-08-19
8327-LZKAS,0.2082,Unlikely to churn,0.7918,2026-08-19
5887-IKKYO,0.1111,Unlikely to churn,0.8889,2026-08-19
1075-BGWOH,0.4901,Unlikely to churn,0.5099,2026-08-19
1755-RMCXH,0.4594,Unlikely to churn,0.5406,2026-08-19
0302-JOIVN,0.5486,Likely to churn,0.5486,2026-08-19
3858-XHYJO,0.227,Unlikely to churn,0.773,2026-08-19
4299-SIMNS,0.5872,Likely to churn,0.5872,2026-08-19
7025-IWFHT,0.2035,Unlikely to churn,0.7965,2026-08-19
6261-LHRTG,0.2559,Unlikely to churn,0.7441,2026-08-19
7841-FCRQD,0.196,Unlikely to churn,0.804,2026-08-19
2056-EVGZL,0.062,Unlikely to churn,0.938,2026-08-19
8777-MBMTS,0.0708,Unlikely to churn,0.9292,2026-08-19
7753-USQYQ,0.0797,Unlikely to churn,0.9203,2026-08-19
5366-IJEQJ,0.4463,Unlikely to churn,0.5537,2026-08-19
7661-CPURM,0.4537,Unlikely to churn,0.5463,2026-08-19
6233-HXJMX,0.2017,Unlikely to churn,0.7983,2026-08-19
5902-WBLSE,0.034,Unlikely to churn,0.966,2026-08-19
1981-INRFU,0.6585,Likely to churn,0.6585,2026-08-19
4971-PUYQO,0.3905,Unlikely to churn,0.6095,2026-08-19
3239-TPHPZ,0.3464,Unlikely to churn,0.6536,2026-08-19
5115-GZDEL,0.0234,Unlikely to churn,0.9766,2026-08-19
3338-CVVEH,0.5639,Likely to churn,0.5639,2026-08-19
8485-GJCDN,0.6263,Likely to churn,0.6263,2026-08-19
2615-YVMYX,0.0559,Unlikely to churn,0.9441,2026-08-19
2851-STERV,0.1763,Unlikely to churn,0.8237,2026-08-19
4393-GEADV,0.0553,Unlikely to churn,0.9447,2026-08-19
8486-AYEQH,0.3583,Unlikely to churn,0.6417,2026-08-19
1527-SXDPN,0.146,Unlikely to churn,0.854,2026-08-19
6029-WTIPC,0.2723,Unlikely to churn,0.7277,2026-08-19
8634-CILSZ,0.0691,Unlikely to churn,0.9309,2026-08-19
5419-JKZNQ,0.3764,Unlikely to churn,0.6236,2026-08-19
2495-KZNFB,0.3119,Unlikely to churn,0.6881,2026-08-19
1409-PHXTF,0.1211,Unlikely to churn,0.8789,2026-08-19
4560-WQAQW,0.0719,Unlikely to churn,0.9281,2026-08-19
9591-YVTEB,0.0589,Unlikely to churn,0.9411,2026-08-19
9309-BZGNT,0.0349,Unlikely to churn,0.9651,2026-08-19
4274-DRSQT,0.0859,Unlikely to churn,0.9141,2026-08-19
2027-DNKIV,0.1551,Unlikely to churn,0.8449,2026-08-19
8075-GXIUB,0.3781,Unlikely to churn,0.6219,2026-08-19
2885-HIJDH,0.0439,Unlikely to churn,0.9561,2026-08-19
5424-RLQLC,0.4413,Unlikely to churn,0.5587,2026-08-19
6682-QJDGB,0.1526,Unlikely to churn,0.8474,2026-08-19
6507-DTJZV,0.4346,Unlikely to churn,0.5654,2026-08-19
8780-IXSTS,0.6137,Likely to churn,0.6137,2026-08-19
7673-BQGKU,0.0355,Unlikely to churn,0.9645,2026-08-19
6723-WSNTY,0.0702,Unlikely to churn,0.9298,2026-08-19
9530-EHPOH,0.4497,Unlikely to churn,0.5503,2026-08-19
2725-IWWBA,0.1046,Unlikely to churn,0.8954,2026-08-19
0345-HKJVM,0.6105,Likely to churn,0.6105,2026-08-19
1061-PNTHC,0.1101,Unlikely to churn,0.8899,2026-08-19
0394-YONDK,0.0368,Unlikely to churn,0.9632,2026-08-19
6574-MCOEH,0.2067,Unlikely to churn,0.7933,2026-08-19
7399-QHBJS,0.0392,Unlikely to churn,0.9608,2026-08-19
3049-SOLAY,0.6658,Likely to churn,0.6658,2026-08-19
0997-YTLNY,0.3409,Unlikely to churn,0.6591,2026-08-19
3317-HRTNN,0.4412,Unlikely to churn,0.5588,2026-08-19
9479-HYNYL,0.0363,Unlikely to churn,0.9637,2026-08-19
3235-ETOOB,0.5714,Likely to churn,0.5714,2026-08-19
9708-KFDBY,0.4721,Unlikely to churn,0.5279,2026-08-19
8058-INTPH,0.6685,Likely to churn,0.6685,2026-08-19
3642-GKTCT,0.0823,Unlikely to churn,0.9177,2026-08-19
0774-RMNUW,0.0258,Unlikely to churn,0.9742,2026-08-19
1334-PDUKM,0.0759,Unlikely to churn,0.9241,2026-08-19
0756-MPZRL,0.0865,Unlikely to churn,0.9135,2026-08-19
2242-MFOTG,0.3125,Unlikely to churn,0.6875,2026-08-19
2927-CVULT,0.1148,Unlikely to churn,0.8852,2026-08-19
2144-BFDSO,0.139,Unlikely to churn,0.861,2026-08-19
8745-PVESG,0.0508,Unlikely to churn,0.9492,2026-08-19
7647-GYYKX,0.0694,Unlikely to churn,0.9306,2026-08-19
5647-FXOTP,0.1035,Unlikely to churn,0.8965,2026-08-19
5569-OUICF,0.3639,Unlikely to churn,0.6361,2026-08-19
8821-XNHVZ,0.67,Likely to churn,0.67,2026-08-19
2082-OJVTK,0.3478,Unlikely to churn,0.6522,2026-08-19
9700-ISPUP,0.4212,Unlikely to churn,0.5788,2026-08-19
9839-ETQOE,0.0925,Unlikely to churn,0.9075,2026-08-19
6078-VESFR,0.5413,Likely to churn,0.5413,2026-08-19
9027-TMATR,0.1193,Unlikely to churn,0.8807,2026-08-19
5940-NFXKV,0.4816,Unlikely to churn,0.5184,2026-08-19
1941-HOSAM,0.6675,Likely to churn,0.6675,2026-08-19
9110-HSGTV,0.0409,Unlikely to churn,0.9591,2026-08-19
0704-VCUMB,0.0509,Unlikely to churn,0.9491,2026-08-19
6171-ZTVYB,0.1359,Unlikely to churn,0.8641,2026-08-19
8053-WWDRO,0.4102,Unlikely to churn,0.5898,2026-08-19
9564-KCLHR,0.5558,Likely to churn,0.5558,2026-08-19
1935-IMVBB,0.132,Unlikely to churn,0.868,2026-08-19
2535-PBCGC,0.0245,Unlikely to churn,0.9755,2026-08-19
2082-CEFLT,0.5767,Likely to churn,0.5767,2026-08-19
1470-PSXNM,0.1584,Unlikely to churn,0.8416,2026-08-19
1213-NGCUN,0.4908,Unlikely to churn,0.5092,2026-08-19
2498-XLDZR,0.172,Unlikely to churn,0.828,2026-08-19
9866-OCCKE,0.0554,Unlikely to churn,0.9446,2026-08-19
5338-YHWYT,0.1612,Unlikely to churn,0.8388,2026-08-19
7718-UPSKJ,0.06,Unlikely to churn,0.94,2026-08-19
8731-WBBMB,0.2403,Unlikely to churn,0.7597,2026-08-19
1448-CYWKC,0.1113,Unlikely to churn,0.8887,2026-08-19
7901-IIDQV,0.3109,Unlikely to churn,0.6891,2026-08-19
2690-DVRVK,0.4258,Unlikely to churn,0.5742,2026-08-19
5688-KZTSN,0.3152,Unlikely to churn,0.6848,2026-08-19
1270-XKUCC,0.1849,Unlikely to churn,0.8151,2026-08-19
0334-ZFJSR,0.0821,Unlikely to churn,0.9179,2026-08-19
2894-QOJRX,0.2334,Unlikely to churn,0.7666,2026-08-19
5747-PMBSQ,0.489,Unlikely to churn,0.511,2026-08-19
5583-EJXRD,0.0786,Unlikely to churn,0.9214,2026-08-19
4565-EVZMJ,0.1034,Unlikely to churn,0.8966,2026-08-19
3143-JQEGI,0.5265,Likely to churn,0.5265,2026-08-19
6386-SZZKH,0.1431,Unlikely to churn,0.8569,2026-08-19
3327-YBAKM,0.076,Unlikely to churn,0.924,2026-08-19
9441-QHEVC,0.4661,Unlikely to churn,0.5339,2026-08-19
6705-LNMDD,0.3349,Unlikely to churn,0.6651,2026-08-19
2580-ASVVY,0.1279,Unlikely to churn,0.8721,2026-08-19
3370-GQEAL,0.364,Unlikely to churn,0.636,2026-08-19
5032-USPKF,0.1576,Unlikely to churn,0.8424,2026-08-19
2982-IHMFT,0.6888,Likely to churn,0.6888,2026-08-19
3521-SYVOR,0.1956,Unlikely to churn,0.8044,2026-08-19
4254-QPEDE,0.0567,Unlikely to churn,0.9433,2026-08-19
6283-GITPX,0.0342,Unlikely to churn,0.9658,2026-08-19
9526-JAWYF,0.3411,Unlikely to churn,0.6589,2026-08-19
0771-CHWSK,0.049,Unlikely to churn,0.951,2026-08-19
9788-HNGUT,0.0524,Unlikely to churn,0.9476,2026-08-19
9495-REDIY,0.2214,Unlikely to churn,0.7786,2026-08-19
5375-XLDOF,0.0574,Unlikely to churn,0.9426,2026-08-19
1172-VIYBP,0.0945,Unlikely to churn,0.9055,2026-08-19
5649-VUKMC,0.5232,Likely to churn,0.5232,2026-08-19
6559-PDZLR,0.3341,Unlikely to churn,0.6659,2026-08-19
8992-OBVDG,0.328,Unlikely to churn,0.672,2026-08-19
4273-MBHYA,0.6647,Likely to churn,0.6647,2026-08-19
4724-WXVWF,0.1689,Unlikely to churn,0.8311,2026-08-19
5701-GUXDC,0.199,Unlikely to churn,0.801,2026-08-19
1460-UZPRJ,0.053,Unlikely to churn,0.947,2026-08-19
6082-GLJIX,0.2831,Unlikely to churn,0.7169,2026-08-19
5143-EGQFK,0.3635,Unlikely to churn,0.6365,2026-08-19
4919-IKATY,0.6025,Likely to churn,0.6025,2026-08-19
2495-TTHBQ,0.4367,Unlikely to churn,0.5633,2026-08-19
0485-ZBSLN,0.0458,Unlikely to churn,0.9542,2026-08-19
3810-PJUHR,0.037,Unlikely to churn,0.963,2026-08-19
9050-QLROH,0.4779,Unlikely to churn,0.5221,2026-08-19
0847-HGRML,0.0485,Unlikely to churn,0.9515,2026-08-19
8232-CTLKO,0.0544,Unlikely to churn,0.9456,2026-08-19
9227-YBAXE,0.049,Unlikely to churn,0.951,2026-08-19
6168-WFVVF,0.6527,Likely to churn,0.6527,2026-08-19
9860-LISIZ,0.1598,Unlikely to churn,0.8402,2026-08-19
0112-QAWRZ,0.5017,Likely to churn,0.5017,2026-08-19
0877-SDMBN,0.1289,Unlikely to churn,0.8711,2026-08-19
2786-GCDPI,0.1536,Unlikely to churn,0.8464,2026-08-19
4043-MKDTV,0.0539,Unlikely to churn,0.9461,2026-08-19
8065-YKXKD,0.5934,Likely to churn,0.5934,2026-08-19
9637-EIHEQ,0.554,Likely to churn,0.554,2026-08-19
9229-RQABD,0.2987,Unlikely to churn,0.7013,2026-08-19
8313-KTIHG,0.5181,Likely to churn,0.5181,2026-08-19
5320-BRKGK,0.071,Unlikely to churn,0.929,2026-08-19
6284-KMNUF,0.1274,Unlikely to churn,0.8726,2026-08-19
9689-PTNPG,0.6604,Likely to churn,0.6604,2026-08-19
9465-RWMXL,0.3182,Unlikely to churn,0.6818,2026-08-19
6229-UOLQL,0.0533,Unlikely to churn,0.9467,2026-08-19
2362-IBOOY,0.2993,Unlikely to churn,0.7007,2026-08-19
3137-LUPIX,0.5311,Likely to churn,0.5311,2026-08-19
0843-WTBXE,0.1632,Unlikely to churn,0.8368,2026-08-19
6143-JQKEA,0.4729,Unlikely to churn,0.5271,2026-08-19
8676-OOQEJ,0.4341,Unlikely to churn,0.5659,2026-08-19
5515-IDEJJ,0.4694,Unlikely to churn,0.5306,2026-08-19
9701-CDXHR,0.1632,Unlikely to churn,0.8368,2026-08-19
7450-NWRTR,0.5397,Likely to churn,0.5397,2026-08-19
8124-NZVGJ,0.4004,Unlikely to churn,0.5996,2026-08-19
2162-FRZAA,0.0378,Unlikely to churn,0.9622,2026-08-19
5376-DEQCP,0.6747,Likely to churn,0.6747,2026-08-19
5118-MUEYH,0.1665,Unlikely to churn,0.8335,2026-08-19
9095-HFAFX,0.6311,Likely to churn,0.6311,2026-08-19
5627-TVBPP,0.1531,Unlikely to churn,0.8469,2026-08-19
2379-ENZGV,0.5926,Likely to churn,0.5926,2026-08-19
3936-QQFLL,0.4571,Unlikely to churn,0.5429,2026-08-19
2589-AYCRP,0.0818,Unlikely to churn,0.9182,2026-08-19
4067-HLYQI,0.3162,Unlikely to churn,0.6838,2026-08-19
5124-EOGYE,0.1798,Unlikely to churn,0.8202,2026-08-19
5057-RKGLH,0.38,Unlikely to churn,0.62,2026-08-19
0292-WEGCH,0.084,Unlikely to churn,0.916,2026-08-19
8910-ICHIU,0.1576,Unlikely to churn,0.8424,2026-08-19
4097-YODCF,0.2734,Unlikely to churn,0.7266,2026-08-19
9715-WZCLW,0.0666,Unlikely to churn,0.9334,2026-08-19
9786-YWNHU,0.0469,Unlikely to churn,0.9531,2026-08-19
6407-GSJNL,0.0849,Unlikely to churn,0.9151,2026-08-19
6005-OBZPH,0.3801,Unlikely to churn,0.6199,2026-08-19
4049-ZPALD,0.0785,Unlikely to churn,0.9215,2026-08-19
7932-WPTDS,0.49,Unlikely to churn,0.51,2026-08-19
3733-UOCWF,0.1009,Unlikely to churn,0.8991,2026-08-19
6833-JMZYP,0.4818,Unlikely to churn,0.5182,2026-08-19
2722-VOJQL,0.087,Unlikely to churn,0.913,2026-08-19
1310-QRITU,0.3996,Unlikely to churn,0.6004,2026-08-19
8961-QDZZJ,0.1169,Unlikely to churn,0.8831,2026-08-19
9715-SBVSU,0.3603,Unlikely to churn,0.6397,2026-08-19
8490-BXHEO,0.4803,Unlikely to churn,0.5197,2026-08-19
7173-TETGO,0.0666,Unlikely to churn,0.9334,2026-08-19
7929-SKFGK,0.0549,Unlikely to churn,0.9451,2026-08-19
2300-RQGOI,0.1357,Unlikely to churn,0.8643,2026-08-19
3563-SVYLG,0.037,Unlikely to churn,0.963,2026-08-19
5228-EXCET,0.5399,Likely to churn,0.5399,2026-08-19
6435-VWCCY,0.0806,Unlikely to churn,0.9194,2026-08-19
4998-IKFSE,0.3393,Unlikely to churn,0.6607,2026-08-19
8630-QSGXK,0.1117,Unlikely to churn,0.8883,2026-08-19
2455-USLMV,0.3107,Unlikely to churn,0.6893,2026-08-19
7394-FKDNK,0.5773,Likely to churn,0.5773,2026-08-19
9488-FVZCC,0.0341,Unlikely to churn,0.9659,2026-08-19
6331-LWDTQ,0.4935,Unlikely to churn,0.5065,2026-08-19
5995-WWKKG,0.1407,Unlikely to churn,0.8593,2026-08-19
1597-FZREH,0.5149,Likely to churn,0.5149,2026-08-19
7879-CGSFV,0.1183,Unlikely to churn,0.8817,2026-08-19
9921-EZKBY,0.2904,Unlikely to churn,0.7096,2026-08-19
7432-FFVAR,0.1715,Unlikely to churn,0.8285,2026-08-19
7246-ZGQDF,0.5247,Likely to churn,0.5247,2026-08-19
7000-WCEVQ,0.3796,Unlikely to churn,0.6204,2026-08-19
0727-IWKVK,0.5377,Likely to churn,0.5377,2026-08-19
5959-BELXA,0.3425,Unlikely to churn,0.6575,2026-08-19
4456-RHSNB,0.3439,Unlikely to churn,0.6561,2026-08-19
3512-IZIKN,0.0419,Unlikely to churn,0.9581,2026-08-19
2481-SBOYW,0.0549,Unlikely to churn,0.9451,2026-08-19
7109-MFBYV,0.2967,Unlikely to churn,0.7033,2026-08-19
1833-TCXKK,0.1937,Unlikely to churn,0.8063,2026-08-19
1832-PEUTS,0.102,Unlikely to churn,0.898,2026-08-19
6141-OOXUQ,0.4684,Unlikely to churn,0.5316,2026-08-19
8660-BUETV,0.5502,Likely to churn,0.5502,2026-08-19
0580-PIQHM,0.2072,Unlikely to churn,0.7928,2026-08-19
5696-CEIQJ,0.0622,Unlikely to churn,0.9378,2026-08-19
7503-ZGUZJ,0.6869,Likely to churn,0.6869,2026-08-19
1696-HXOWK,0.065,Unlikely to churn,0.935,2026-08-19
3026-ATZYV,0.1679,Unlikely to churn,0.8321,2026-08-19
4012-YCFAI,0.0614,Unlikely to churn,0.9386,2026-08-19
2506-TNFCO,0.6708,Likely to churn,0.6708,2026-08-19
9970-QBCDA,0.411,Unlikely to churn,0.589,2026-08-19
8718-PTMEZ,0.3369,Unlikely to churn,0.6631,2026-08-19
9496-IVVRP,0.4383,Unlikely to churn,0.5617,2026-08-19
2207-OBZNX,0.4848,Unlikely to churn,0.5152,2026-08-19
2657-VPXTA,0.5634,Likely to churn,0.5634,2026-08-19
6551-VLJMV,0.1592,Unlikely to churn,0.8408,2026-08-19
1221-GHZEP,0.0596,Unlikely to churn,0.9404,2026-08-19
9289-LBQVU,0.0591,Unlikely to churn,0.9409,2026-08-19
6142-VSJQO,0.5716,Likely to churn,0.5716,2026-08-19
3458-IDMFK,0.2259,Unlikely to churn,0.7741,2026-08-19
6933-FHBZC,0.2601,Unlikely to churn,0.7399,2026-08-19
0221-NAUXK,0.3675,Unlikely to churn,0.6325,2026-08-19
9770-KXGQU,0.1241,Unlikely to churn,0.8759,2026-08-19
6437-UKHMV,0.6039,Likely to churn,0.6039,2026-08-19
6538-POCHL,0.2715,Unlikely to churn,0.7285,2026-08-19
6726-NNFWD,0.059,Unlikely to churn,0.941,2026-08-19
3002-WQZWT,0.3728,Unlikely to churn,0.6272,2026-08-19
4277-UDIEF,0.2906,Unlikely to churn,0.7094,2026-08-19
1208-NBVFH,0.3334,Unlikely to churn,0.6666,2026-08-19
4912-PIGUY,0.6867,Likely to churn,0.6867,2026-08-19
1114-CENIM,0.1004,Unlikely to churn,0.8996,2026-08-19
6060-DRTNL,0.6039,Likely to churn,0.6039,2026-08-19
2725-TTRIQ,0.0368,Unlikely to churn,0.9632,2026-08-19
3374-TTZTK,0.1054,Unlikely to churn,0.8946,2026-08-19
8990-ZXLSU,0.5816,Likely to churn,0.5816,2026-08-19
2275-RBYQS,0.5759,Likely to churn,0.5759,2026-08-19
8473-VUVJN,0.6859,Likely to churn,0.6859,2026-08-19
6289-CPNLD,0.1926,Unlikely to churn,0.8074,2026-08-19
5536-SLHPM,0.135,Unlikely to churn,0.865,2026-08-19
4419-UJMUS,0.0751,Unlikely to churn,0.9249,2026-08-19
7794-JASDG,0.5537,Likely to churn,0.5537,2026-08-19
7609-YBPXG,0.0851,Unlikely to churn,0.9149,2026-08-19
5519-TEEUH,0.1658,Unlikely to churn,0.8342,2026-08-19
7856-GANIL,0.1711,Unlikely to churn,0.8289,2026-08-19
0804-XBFBV,0.3772,Unlikely to churn,0.6228,2026-08-19
2676-OXPPQ,0.4712,Unlikely to churn,0.5288,2026-08-19
3703-TTEPD,0.3026,Unlikely to churn,0.6974,2026-08-19
2799-TSLAG,0.0462,Unlikely to churn,0.9538,2026-08-19
0196-VULGZ,0.6333,Likely to churn,0.6333,2026-08-19
8837-VVWLQ,0.5703,Likely to churn,0.5703,2026-08-19
2696-NARTR,0.534,Likely to churn,0.534,2026-08-19
2208-NKVVH,0.1176,Unlikely to churn,0.8824,2026-08-19
7614-QVWQL,0.0852,Unlikely to churn,0.9148,2026-08-19
1976-CFOCS,0.5784,Likely to churn,0.5784,2026-08-19
4631-OACRM,0.5105,Likely to churn,0.5105,2026-08-19
7139-JZFVG,0.0605,Unlikely to churn,0.9395,2026-08-19
4987-GQWPO,0.3135,Unlikely to churn,0.6865,2026-08-19
3755-JBMNH,0.5119,Likely to churn,0.5119,2026-08-19
1757-TCATG,0.153,Unlikely to churn,0.847,2026-08-19
6345-ULYRW,0.2068,Unlikely to churn,0.7932,2026-08-19
4776-XSKYQ,0.3444,Unlikely to churn,0.6556,2026-08-19
8048-DSDFQ,0.4707,Unlikely to churn,0.5293,2026-08-19
5753-QQWPW,0.2219,Unlikely to churn,0.7781,2026-08-19
6010-DDPPW,0.0368,Unlikely to churn,0.9632,2026-08-19
1809-DMJHQ,0.5322,Likely to churn,0.5322,2026-08-19
6693-FRIRW,0.4327,Unlikely to churn,0.5673,2026-08-19
6586-MYGKD,0.0425,Unlikely to churn,0.9575,2026-08-19
3173-NVMPX,0.4795,Unlikely to churn,0.5205,2026-08-19
0248-PGHBZ,0.0622,Unlikely to churn,0.9378,2026-08-19
0623-GDISB,0.5442,Likely to churn,0.5442,2026-08-19
2892-GESUL,0.2834,Unlikely to churn,0.7166,2026-08-19
6923-EFPNL,0.5677,Likely to churn,0.5677,2026-08-19
7472-EQOAV,0.0564,Unlikely to churn,0.9436,2026-08-19
9574-RKJIF,0.3169,Unlikely to churn,0.6831,2026-08-19
2043-WVTQJ,0.5297,Likely to churn,0.5297,2026-08-19
8034-RYTVV,0.1269,Unlikely to churn,0.8731,2026-08-19
3863-QSTYI,0.0675,Unlikely to churn,0.9325,2026-08-19
2619-WFQWU,0.6731,Likely to churn,0.6731,2026-08-19
5044-LRQAQ,0.6047,Likely to churn,0.6047,2026-08-19
1716-LSAMB,0.1237,Unlikely to churn,0.8763,2026-08-19
1333-PBMXB,0.0744,Unlikely to churn,0.9256,2026-08-19
6546-OPBBH,0.0836,Unlikely to churn,0.9164,2026-08-19
5985-BEHZK,0.0609,Unlikely to churn,0.9391,2026-08-19
9127-QRZMH,0.1188,Unlikely to churn,0.8812,2026-08-19
5919-VCZYM,0.4584,Unlikely to churn,0.5416,2026-08-19
9644-KVCNC,0.0902,Unlikely to churn,0.9098,2026-08-19
2137-DQMEV,0.0329,Unlikely to churn,0.9671,2026-08-19
8174-LNWMW,0.181,Unlikely to churn,0.819,2026-08-19
9279-CJEOJ,0.4626,Unlikely to churn,0.5374,2026-08-19
7964-VEXDG,0.4445,Unlikely to churn,0.5555,2026-08-19
2404-JIBFC,0.0791,Unlikely to churn,0.9209,2026-08-19
0778-NELLA,0.3945,Unlikely to churn,0.6055,2026-08-19
8029-XYPWT,0.0531,Unlikely to churn,0.9469,2026-08-19
4614-NUVZD,0.6739,Likely to churn,0.6739,2026-08-19
4632-PAOYU,0.2489,Unlikely to churn,0.7511,2026-08-19
3803-KMQFW,0.4721,Unlikely to churn,0.5279,2026-08-19
6804-GDMOI,0.1003,Unlikely to churn,0.8997,2026-08-19
2990-OGYTD,0.0475,Unlikely to churn,0.9525,2026-08-19
6646-JPPHA,0.4749,Unlikely to churn,0.5251,2026-08-19
9572-MTILT,0.093,Unlikely to churn,0.907,2026-08-19
7658-UYUQS,0.4259,Unlikely to churn,0.5741,2026-08-19
7880-XSOJX,0.3953,Unlikely to churn,0.6047,2026-08-19
9611-CTWIH,0.6439,Likely to churn,0.6439,2026-08-19
4589-IUAJB,0.0363,Unlikely to churn,0.9637,2026-08-19
0329-GTIAJ,0.5925,Likely to churn,0.5925,2026-08-19
8746-BFOAJ,0.2595,Unlikely to churn,0.7405,2026-08-19
8457-XIGKN,0.2656,Unlikely to churn,0.7344,2026-08-19
6072-NUQCB,0.2498,Unlikely to churn,0.7502,2026-08-19
6629-CZTTH,0.5742,Likely to churn,0.5742,2026-08-19
8838-GPHZP,0.0469,Unlikely to churn,0.9531,2026-08-19
8750-QWZAJ,0.0338,Unlikely to churn,0.9662,2026-08-19
5364-EVNIB,0.4906,Unlikely to churn,0.5094,2026-08-19
6918-UMQCG,0.628,Likely to churn,0.628,2026-08-19
0675-NCDYU,0.0519,Unlikely to churn,0.9481,2026-08-19
6339-DKLMK,0.3392,Unlikely to churn,0.6608,2026-08-19
1346-PJWTK,0.0829,Unlikely to churn,0.9171,2026-08-19
5088-QZLRL,0.4725,Unlikely to churn,0.5275,2026-08-19
8023-QHAIO,0.1279,Unlikely to churn,0.8721,2026-08-19
4397-FRLTA,0.4357,Unlikely to churn,0.5643,2026-08-19
3057-VJJQE,0.2142,Unlikely to churn,0.7858,2026-08-19
5087-SUURX,0.2776,Unlikely to churn,0.7224,2026-08-19
2302-OUZXB,0.0423,Unlikely to churn,0.9577,2026-08-19
8133-ANHHJ,0.1332,Unlikely to churn,0.8668,2026-08-19
2270-CHBFN,0.1691,Unlikely to churn,0.8309,2026-08-19
0013-EXCHZ,0.6223,Likely to churn,0.6223,2026-08-19
5982-FPVQN,0.2529,Unlikely to churn,0.7471,2026-08-19
9107-UKCKY,0.0663,Unlikely to churn,0.9337,2026-08-19
4654-ULTTN,0.0411,Unlikely to churn,0.9589,2026-08-19
5550-VFRLC,0.6719,Likely to churn,0.6719,2026-08-19
5546-BYZSM,0.1207,Unlikely to churn,0.8793,2026-08-19
1492-KGETH,0.0366,Unlikely to churn,0.9634,2026-08-19
4929-BSTRX,0.5653,Likely to churn,0.5653,2026-08-19
4163-HFTUK,0.0775,Unlikely to churn,0.9225,2026-08-19
8215-NGSPE,0.1151,Unlikely to churn,0.8849,2026-08-19
2225-ZRGSG,0.0558,Unlikely to churn,0.9442,2026-08-19
8859-YSTWS,0.0894,Unlikely to churn,0.9106,2026-08-19
5271-YNWVR,0.0589,Unlikely to churn,0.9411,2026-08-19
7601-DHFWZ,0.0951,Unlikely to churn,0.9049,2026-08-19
2657-ALMWY,0.3636,Unlikely to churn,0.6364,2026-08-19
6330-JKLPC,0.5616,Likely to churn,0.5616,2026-08-19
4667-OHGKG,0.4669,Unlikely to churn,0.5331,2026-08-19
1998-VHJHK,0.2055,Unlikely to churn,0.7945,2026-08-19
1707-HABPF,0.1724,Unlikely to churn,0.8276,2026-08-19
1660-HSOOQ,0.5492,Likely to churn,0.5492,2026-08-19
7253-UVNDW,0.1182,Unlikely to churn,0.8818,2026-08-19
0487-VVUVK,0.2212,Unlikely to churn,0.7788,2026-08-19
7228-OMTPN,0.6292,Likely to churn,0.6292,2026-08-19
5063-IUOKK,0.3348,Unlikely to churn,0.6652,2026-08-19
4508-OEBEY,0.1835,Unlikely to churn,0.8165,2026-08-19
0027-KWYKW,0.4356,Unlikely to churn,0.5644,2026-08-19
2308-STERM,0.4557,Unlikely to churn,0.5443,2026-08-19
5982-XMDEX,0.0471,Unlikely to churn,0.9529,2026-08-19
6284-AHOOQ,0.4307,Unlikely to churn,0.5693,2026-08-19
6051-PTVNS,0.0652,Unlikely to churn,0.9348,2026-08-19
2344-JMOGN,0.5105,Likely to churn,0.5105,2026-08-19
3799-ISUZQ,0.6078,Likely to churn,0.6078,2026-08-19
2877-VDUER,0.1517,Unlikely to churn,0.8483,2026-08-19
9152-AMKAK,0.4396,Unlikely to churn,0.5604,2026-08-19
1794-HBQTJ,0.5448,Likely to churn,0.5448,2026-08-19
9432-VOFYX,0.496,Unlikely to churn,0.504,2026-08-19
8049-WJCLQ,0.4436,Unlikely to churn,0.5564,2026-08-19
6586-PSJOX,0.3671,Unlikely to churn,0.6329,2026-08-19
2460-FPSYH,0.1125,Unlikely to churn,0.8875,2026-08-19
9705-ZJBCG,0.3849,Unlikely to churn,0.6151,2026-08-19
4818-DRBQT,0.3542,Unlikely to churn,0.6458,2026-08-19
1320-HTRDR,0.6722,Likely to churn,0.6722,2026-08-19
6847-KJLTS,0.1216,Unlikely to churn,0.8784,2026-08-19
9670-BPNXF,0.1186,Unlikely to churn,0.8814,2026-08-19
3913-FCUUW,0.035,Unlikely to churn,0.965,2026-08-19
3301-VKTGC,0.0747,Unlikely to churn,0.9253,2026-08-19
1493-AMTIE,0.4707,Unlikely to churn,0.5293,2026-08-19
9555-SAHUZ,0.1634,Unlikely to churn,0.8366,2026-08-19
0816-TSPHQ,0.4613,Unlikely to churn,0.5387,2026-08-19
9932-WBWIK,0.3582,Unlikely to churn,0.6418,2026-08-19
4619-EVPHY,0.4558,Unlikely to churn,0.5442,2026-08-19
5286-YHCVC,0.0607,Unlikely to churn,0.9393,2026-08-19
6424-ELEYH,0.6695,Likely to churn,0.6695,2026-08-19
4391-RESHN,0.3874,Unlikely to churn,0.6126,2026-08-19
9115-YQHGA,0.1675,Unlikely to churn,0.8325,2026-08-19
4462-CYWMH,0.1031,Unlikely to churn,0.8969,2026-08-19
8963-MQVYN,0.2508,Unlikely to churn,0.7492,2026-08-19
2458-EOMRE,0.404,Unlikely to churn,0.596,2026-08-19
9334-GWGOW,0.6272,Likely to churn,0.6272,2026-08-19
6821-BUXUX,0.5163,Likely to churn,0.5163,2026-08-19
5028-HTLJB,0.47,Unlikely to churn,0.53,2026-08-19
9801-GDWGV,0.2284,Unlikely to churn,0.7716,2026-08-19
6542-LWGXJ,0.4674,Unlikely to churn,0.5326,2026-08-19
5567-GZKQY,0.0582,Unlikely to churn,0.9418,2026-08-19
1222-LRYKO,0.4383,Unlikely to churn,0.5617,2026-08-19
2320-JRSDE,0.4694,Unlikely to churn,0.5306,2026-08-19
2087-QAREY,0.293,Unlikely to churn,0.707,2026-08-19
0601-WZHJF,0.3437,Unlikely to churn,0.6563,2026-08-19
4423-JWZJN,0.0954,Unlikely to churn,0.9046,2026-08-19
5143-WMWOG,0.4696,Unlikely to churn,0.5304,2026-08-19
6490-FGZAT,0.4149,Unlikely to churn,0.5851,2026-08-19
5393-RXQSZ,0.6684,Likely to churn,0.6684,2026-08-19
7452-FOLON,0.1409,Unlikely to churn,0.8591,2026-08-19
2320-TZRRH,0.2653,Unlikely to churn,0.7347,2026-08-19
0231-LXVAP,0.6544,Likely to churn,0.6544,2026-08-19
9444-JTXHZ,0.6556,Likely to churn,0.6556,2026-08-19
4942-VZZOM,0.0657,Unlikely to churn,0.9343,2026-08-19
5510-BOIUJ,0.4667,Unlikely to churn,0.5333,2026-08-19
7502-BNYGS,0.1254,Unlikely to churn,0.8746,2026-08-19
4291-HYEBC,0.1941,Unlikely to churn,0.8059,2026-08-19
6147-CBCRA,0.1655,Unlikely to churn,0.8345,2026-08-19
6047-SUHPR,0.1454,Unlikely to churn,0.8546,2026-08-19
4471-KXAUH,0.2109,Unlikely to churn,0.7891,2026-08-19
9752-ZNQUT,0.5448,Likely to churn,0.5448,2026-08-19
7638-QVMVY,0.601,Likely to churn,0.601,2026-08-19
1576-PFZIW,0.0564,Unlikely to churn,0.9436,2026-08-19
5666-MBJPT,0.0461,Unlikely to churn,0.9539,2026-08-19
7312-XSBAT,0.5496,Likely to churn,0.5496,2026-08-19
3096-GKWEB,0.4949,Unlikely to churn,0.5051,2026-08-19
2371-JQHZZ,0.4181,Unlikely to churn,0.5819,2026-08-19
0674-GCDXG,0.0536,Unlikely to churn,0.9464,2026-08-19
1121-QSIVB,0.1536,Unlikely to churn,0.8464,2026-08-19
4396-KLSEH,0.4344,Unlikely to churn,0.5656,2026-08-19
3244-DCJWY,0.6734,Likely to churn,0.6734,2026-08-19
2824-MYYBN,0.2888,Unlikely to churn,0.7112,2026-08-19
0875-CABNR,0.5457,Likely to churn,0.5457,2026-08-19
6345-HOVES,0.1707,Unlikely to churn,0.8293,2026-08-19
8318-LCNBW,0.1329,Unlikely to churn,0.8671,2026-08-19
6469-QJKZW,0.4357,Unlikely to churn,0.5643,2026-08-19
0147-ESWWR,0.2546,Unlikely to churn,0.7454,2026-08-19
1217-VASWC,0.1895,Unlikely to churn,0.8105,2026-08-19
7812-FZHPE,0.3099,Unlikely to churn,0.6901,2026-08-19
6370-ZVHDV,0.0552,Unlikely to churn,0.9448,2026-08-19
5915-DGNVC,0.0982,Unlikely to churn,0.9018,2026-08-19
6260-XLACS,0.4338,Unlikely to churn,0.5662,2026-08-19
3566-CAAYU,0.036,Unlikely to churn,0.964,2026-08-19
4983-CCWMC,0.65,Likely to churn,0.65,2026-08-19
9103-CXVOK,0.4688,Unlikely to churn,0.5312,2026-08-19
2896-TBNBE,0.2168,Unlikely to churn,0.7832,2026-08-19
4797-AXPXK,0.5027,Likely to churn,0.5027,2026-08-19
5229-PRWKT,0.6201,Likely to churn,0.6201,2026-08-19
6982-UQZLY,0.4734,Unlikely to churn,0.5266,2026-08-19
2522-WLNSF,0.188,Unlikely to churn,0.812,2026-08-19
3841-CONLJ,0.4878,Unlikely to churn,0.5122,2026-08-19
5057-LCOUI,0.1275,Unlikely to churn,0.8725,2026-08-19
0193-ESZXP,0.0951,Unlikely to churn,0.9049,2026-08-19
4475-NVTLU,0.1003,Unlikely to churn,0.8997,2026-08-19
4369-HTUIF,0.5938,Likely to churn,0.5938,2026-08-19
9386-LDCZR,0.1652,Unlikely to churn,0.8348,2026-08-19
9585-KKMFD,0.1199,Unlikely to churn,0.8801,2026-08-19
5399-ZIMKF,0.606,Likely to churn,0.606,2026-08-19
0336-KXKFK,0.0253,Unlikely to churn,0.9747,2026-08-19
5619-XZZKR,0.4348,Unlikely to churn,0.5652,2026-08-19
3948-FVVRP,0.4327,Unlikely to churn,0.5673,2026-08-19
5327-XOKKY,0.0437,Unlikely to churn,0.9563,2026-08-19
0983-TATYJ,0.2192,Unlikely to churn,0.7808,2026-08-19
1813-JYWTO,0.0686,Unlikely to churn,0.9314,2026-08-19
0156-FVPTA,0.2913,Unlikely to churn,0.7087,2026-08-19
1984-FCOWB,0.0603,Unlikely to churn,0.9397,2026-08-19
0654-HMSHN,0.4112,Unlikely to churn,0.5888,2026-08-19
6719-OXYBR,0.4903,Unlikely to churn,0.5097,2026-08-19
3312-ZWLGF,0.351,Unlikely to churn,0.649,2026-08-19
6476-YHMGA,0.3258,Unlikely to churn,0.6742,2026-08-19
5287-QWLKY,0.0637,Unlikely to churn,0.9363,2026-08-19
0795-XCCTE,0.0338,Unlikely to churn,0.9662,2026-08-19
0168-XZKBB,0.495,Unlikely to churn,0.505,2026-08-19
3785-NRHYR,0.4684,Unlikely to churn,0.5316,2026-08-19
5196-SGOAK,0.6537,Likely to churn,0.6537,2026-08-19
4537-DKTAL,0.5651,Likely to churn,0.5651,2026-08-19
7072-MBHEV,0.5517,Likely to churn,0.5517,2026-08-19
5602-BVFMK,0.3436,Unlikely to churn,0.6564,2026-08-19
6297-NOOPG,0.0612,Unlikely to churn,0.9388,2026-08-19
1891-UAWWU,0.455,Unlikely to churn,0.545,2026-08-19
8204-TIFGJ,0.2413,Unlikely to churn,0.7587,2026-08-19
8050-DVOJX,0.0965,Unlikely to churn,0.9035,2026-08-19
6108-OQZDQ,0.6244,Likely to churn,0.6244,2026-08-19
0363-QJVFX,0.2707,Unlikely to churn,0.7293,2026-08-19
8903-XEBGX,0.5611,Likely to churn,0.5611,2026-08-19
8169-SAEJD,0.032,Unlikely to churn,0.968,2026-08-19
9840-DVNDC,0.6182,Likely to churn,0.6182,2026-08-19
1089-XZWHH,0.2311,Unlikely to churn,0.7689,2026-08-19
2325-WINES,0.2932,Unlikely to churn,0.7068,2026-08-19
6064-ZATLR,0.2412,Unlikely to churn,0.7588,2026-08-19
3096-JRDSO,0.3449,Unlikely to churn,0.6551,2026-08-19
7824-PANSQ,0.1246,Unlikely to churn,0.8754,2026-08-19
8042-JVNFH,0.6775,Likely to churn,0.6775,2026-08-19
9648-BCHKM,0.3019,Unlikely to churn,0.6981,2026-08-19
2888-ADFAO,0.0952,Unlikely to churn,0.9048,2026-08-19
8707-HOEDG,0.0609,Unlikely to churn,0.9391,2026-08-19
3374-LXDEV,0.4859,Unlikely to churn,0.5141,2026-08-19
4072-IPYLT,0.1951,Unlikely to churn,0.8049,2026-08-19
7167-PCEYD,0.0387,Unlikely to churn,0.9613,2026-08-19
4936-YPJNK,0.3673,Unlikely to churn,0.6327,2026-08-19
1580-BMCMR,0.452,Unlikely to churn,0.548,2026-08-19
4817-KEQSP,0.0323,Unlikely to churn,0.9677,2026-08-19
6408-WHTEF,0.0336,Unlikely to churn,0.9664,2026-08-19
9251-AWQGT,0.0894,Unlikely to churn,0.9106,2026-08-19
8749-CLJXC,0.47,Unlikely to churn,0.53,2026-08-19
7989-VCQOH,0.3199,Unlikely to churn,0.6801,2026-08-19
5049-GLYVG,0.4723,Unlikely to churn,0.5277,2026-08-19
4199-QHJNM,0.0733,Unlikely to churn,0.9267,2026-08-19
8882-TLVRW,0.0287,Unlikely to churn,0.9713,2026-08-19
5883-GTGVD,0.4601,Unlikely to churn,0.5399,2026-08-19
5135-GRQJV,0.0504,Unlikely to churn,0.9496,2026-08-19
2384-OVPSA,0.136,Unlikely to churn,0.864,2026-08-19
1371-WEPDS,0.1788,Unlikely to churn,0.8212,2026-08-19
3580-GICBM,0.0542,Unlikely to churn,0.9458,2026-08-19
4817-QRJSX,0.5752,Likely to churn,0.5752,2026-08-19
9730-DRTMJ,0.2271,Unlikely to churn,0.7729,2026-08-19
4686-UXDML,0.4365,Unlikely to churn,0.5635,2026-08-19
3349-ANQNH,0.1151,Unlikely to churn,0.8849,2026-08-19
2398-YPMUR,0.54,Likely to churn,0.54,2026-08-19
0932-YIXYU,0.0937,Unlikely to churn,0.9063,2026-08-19
7480-SPLEF,0.0391,Unlikely to churn,0.9609,2026-08-19
7636-XUHWW,0.4578,Unlikely to churn,0.5422,2026-08-19
1431-CYWMH,0.2461,Unlikely to churn,0.7539,2026-08-19
5937-EORGB,0.4923,Unlikely to churn,0.5077,2026-08-19
6349-JDHQP,0.0719,Unlikely to churn,0.9281,2026-08-19
5539-HIVAK,0.2161,Unlikely to churn,0.7839,2026-08-19
5847-MXBEO,0.25,Unlikely to churn,0.75,2026-08-19
9985-MWVIX,0.6731,Likely to churn,0.6731,2026-08-19
4583-PARNH,0.4599,Unlikely to churn,0.5401,2026-08-19
1116-FRYVH,0.0734,Unlikely to churn,0.9266,2026-08-19
1421-HCERK,0.2812,Unlikely to churn,0.7188,2026-08-19
9633-XQABV,0.6525,Likely to churn,0.6525,2026-08-19
0716-BQNDX,0.1148,Unlikely to churn,0.8852,2026-08-19
1265-XTECC,0.0751,Unlikely to churn,0.9249,2026-08-19
1183-CANVH,0.3018,Unlikely to churn,0.6982,2026-08-19
1972-XMUWV,0.0569,Unlikely to churn,0.9431,2026-08-19
8679-LZBMD,0.2131,Unlikely to churn,0.7869,2026-08-19
3407-JMJQQ,0.0572,Unlikely to churn,0.9428,2026-08-19
6252-DFGTK,0.1769,Unlikely to churn,0.8231,2026-08-19
1539-LNKHM,0.3477,Unlikely to churn,0.6523,2026-08-19
8645-KOMJQ,0.0406,Unlikely to churn,0.9594,2026-08-19
0289-IVARM,0.1721,Unlikely to churn,0.8279,2026-08-19
9761-XUJWD,0.4795,Unlikely to churn,0.5205,2026-08-19
4057-FKCZK,0.1281,Unlikely to churn,0.8719,2026-08-19
4291-TPNFG,0.0357,Unlikely to churn,0.9643,2026-08-19
6087-YPWHO,0.0337,Unlikely to churn,0.9663,2026-08-19
3090-QFUVD,0.4711,Unlikely to churn,0.5289,2026-08-19
2237-ZFSMY,0.2058,Unlikely to churn,0.7942,2026-08-19
1722-LDZJS,0.0723,Unlikely to churn,0.9277,2026-08-19
1818-ESQMW,0.3285,Unlikely to churn,0.6715,2026-08-19
4871-JTKJF,0.6712,Likely to churn,0.6712,2026-08-19
1415-YFWLT,0.6645,Likely to churn,0.6645,2026-08-19
7401-RUBNK,0.4562,Unlikely to churn,0.5438,2026-08-19
0506-YLVKJ,0.0976,Unlikely to churn,0.9024,2026-08-19
8661-BOYNW,0.0369,Unlikely to churn,0.9631,2026-08-19
6711-VTNRE,0.2379,Unlikely to churn,0.7621,2026-08-19
4815-GBTCD,0.4564,Unlikely to churn,0.5436,2026-08-19
2805-AUFQN,0.2231,Unlikely to churn,0.7769,2026-08-19
0980-PVMRC,0.1226,Unlikely to churn,0.8774,2026-08-19
7233-DRTRF,0.0864,Unlikely to churn,0.9136,2026-08-19
3500-RMZLT,0.4466,Unlikely to churn,0.5534,2026-08-19
3873-NFTGI,0.4224,Unlikely to churn,0.5776,2026-08-19
1162-ECVII,0.0554,Unlikely to churn,0.9446,2026-08-19
7048-GXDAY,0.2373,Unlikely to churn,0.7627,2026-08-19
8571-ZCMCX,0.0757,Unlikely to churn,0.9243,2026-08-19
1169-WCVAK,0.414,Unlikely to churn,0.586,2026-08-19
4548-SDBKE,0.6474,Likely to churn,0.6474,2026-08-19
8066-POXGX,0.3523,Unlikely to churn,0.6477,2026-08-19
7129-CAKJW,0.4899,Unlikely to churn,0.5101,2026-08-19
8695-ARGXZ,0.3248,Unlikely to churn,0.6752,2026-08-19
3570-YUEKJ,0.1515,Unlikely to churn,0.8485,2026-08-19
4143-OOBWZ,0.6323,Likely to churn,0.6323,2026-08-19
1555-HAPSU,0.0345,Unlikely to churn,0.9655,2026-08-19
1697-NVVGY,0.3265,Unlikely to churn,0.6735,2026-08-19
7854-EKTJL,0.4565,Unlikely to churn,0.5435,2026-08-19
8464-EETCQ,0.0594,Unlikely to churn,0.9406,2026-08-19
2419-FSORS,0.0542,Unlikely to churn,0.9458,2026-08-19
8132-YPVBX,0.5971,Likely to churn,0.5971,2026-08-19
9102-IAYHT,0.5126,Likely to churn,0.5126,2026-08-19
6754-LZUKA,0.0675,Unlikely to churn,0.9325,2026-08-19
3422-LYEPQ,0.6762,Likely to churn,0.6762,2026-08-19
8099-MZPUJ,0.1349,Unlikely to churn,0.8651,2026-08-19
0787-LHDYT,0.3073,Unlikely to churn,0.6927,2026-08-19
2642-DTVCO,0.603,Likely to churn,0.603,2026-08-19
0374-IOEGQ,0.5496,Likely to churn,0.5496,2026-08-19
4361-JEIVL,0.5718,Likely to churn,0.5718,2026-08-19
3197-NNYNB,0.0827,Unlikely to churn,0.9173,2026-08-19
3396-DKDEL,0.0556,Unlikely to churn,0.9444,2026-08-19
1752-OZXFY,0.0709,Unlikely to churn,0.9291,2026-08-19
9066-QRSDU,0.0393,Unlikely to churn,0.9607,2026-08-19
9112-WSNPU,0.2968,Unlikely to churn,0.7032,2026-08-19
9867-NNXLC,0.2492,Unlikely to churn,0.7508,2026-08-19
5321-NTRKC,0.0533,Unlikely to churn,0.9467,2026-08-19
1363-TXLSL,0.6736,Likely to churn,0.6736,2026-08-19
9507-EXLTT,0.6674,Likely to churn,0.6674,2026-08-19
3161-GETRM,0.2998,Unlikely to churn,0.7002,2026-08-19
0402-OAMEN,0.0333,Unlikely to churn,0.9667,2026-08-19
6933-VLYFX,0.1475,Unlikely to churn,0.8525,2026-08-19
6754-WKSHP,0.1997,Unlikely to churn,0.8003,2026-08-19
9846-GKXAS,0.5828,Likely to churn,0.5828,2026-08-19
6017-PPLPX,0.4595,Unlikely to churn,0.5405,2026-08-19
4976-LNFVV,0.2529,Unlikely to churn,0.7471,2026-08-19
5055-MGMGF,0.0826,Unlikely to churn,0.9174,2026-08-19
4641-FROLU,0.1839,Unlikely to churn,0.8161,2026-08-19
2862-JVEOY,0.4087,Unlikely to churn,0.5913,2026-08-19
2969-QWUBZ,0.455,Unlikely to churn,0.545,2026-08-19
9822-BIIGN,0.0977,Unlikely to churn,0.9023,2026-08-19
2077-MPJQO,0.6294,Likely to churn,0.6294,2026-08-19
1534-OULXE,0.0685,Unlikely to churn,0.9315,2026-08-19
7136-RVDTZ,0.036,Unlikely to churn,0.964,2026-08-19
2971-SGAFL,0.3976,Unlikely to churn,0.6024,2026-08-19
1480-IVEVR,0.298,Unlikely to churn,0.702,2026-08-19
2905-KFQUV,0.6636,Likely to churn,0.6636,2026-08-19
4581-SSPWD,0.6734,Likely to churn,0.6734,2026-08-19
3370-HXOPH,0.6745,Likely to churn,0.6745,2026-08-19
9391-YZEJW,0.1098,Unlikely to churn,0.8902,2026-08-19
9958-MEKUC,0.0505,Unlikely to churn,0.9495,2026-08-19
0281-CNTZX,0.0464,Unlikely to churn,0.9536,2026-08-19
6927-WTFIV,0.4631,Unlikely to churn,0.5369,2026-08-19
4118-CEVPF,0.2198,Unlikely to churn,0.7802,2026-08-19
3398-ZOUAA,0.4423,Unlikely to churn,0.5577,2026-08-19
9114-VEPUF,0.0965,Unlikely to churn,0.9035,2026-08-19
7876-BEUTG,0.4275,Unlikely to churn,0.5725,2026-08-19
2338-BQEZT,0.0899,Unlikely to churn,0.9101,2026-08-19
9873-MNDKV,0.4565,Unlikely to churn,0.5435,2026-08-19
0378-NHQXU,0.4793,Unlikely to churn,0.5207,2026-08-19
8241-JUIQO,0.0503,Unlikely to churn,0.9497,2026-08-19
2194-IIQOF,0.0351,Unlikely to churn,0.9649,2026-08-19
4512-ZUIYL,0.6621,Likely to churn,0.6621,2026-08-19
9631-RXVJM,0.1513,Unlikely to churn,0.8487,2026-08-19
9584-EXCDZ,0.4948,Unlikely to churn,0.5052,2026-08-19
7969-AULMZ,0.4707,Unlikely to churn,0.5293,2026-08-19
5093-FEGLU,0.0928,Unlikely to churn,0.9072,2026-08-19
2621-UDNLU,0.4501,Unlikely to churn,0.5499,2026-08-19
7526-IVLYU,0.4451,Unlikely to churn,0.5549,2026-08-19
2428-HYUNX,0.1049,Unlikely to churn,0.8951,2026-08-19
9214-EKVXR,0.5702,Likely to churn,0.5702,2026-08-19
3410-MHHUM,0.1941,Unlikely to churn,0.8059,2026-08-19
0568-ONFPC,0.448,Unlikely to churn,0.552,2026-08-19
0733-VUNUW,0.3147,Unlikely to churn,0.6853,2026-08-19
4550-EVXNY,0.6712,Likely to churn,0.6712,2026-08-19
2122-YWVYA,0.4587,Unlikely to churn,0.5413,2026-08-19
2968-SSGAA,0.5676,Likely to churn,0.5676,2026-08-19
2296-DKZFP,0.0484,Unlikely to churn,0.9516,2026-08-19
4844-JJWUY,0.6521,Likely to churn,0.6521,2026-08-19
6777-TGHTM,0.1402,Unlikely to churn,0.8598,2026-08-19
8909-BOLNL,0.4516,Unlikely to churn,0.5484,2026-08-19
6603-YRDCJ,0.1871,Unlikely to churn,0.8129,2026-08-19
3538-WZPHD,0.4419,Unlikely to churn,0.5581,2026-08-19
3229-USWAR,0.1739,Unlikely to churn,0.8261,2026-08-19
2138-VFAPZ,0.3242,Unlikely to churn,0.6758,2026-08-19
6131-JLWZM,0.3368,Unlikely to churn,0.6632,2026-08-19
4785-QRJHC,0.0789,Unlikely to churn,0.9211,2026-08-19
0269-XFESX,0.254,Unlikely to churn,0.746,2026-08-19
1709-EJDOX,0.093,Unlikely to churn,0.907,2026-08-19
4316-XCSLJ,0.3681,Unlikely to churn,0.6319,2026-08-19
8610-WFCJF,0.1889,Unlikely to churn,0.8111,2026-08-19
9693-XMUOB,0.0538,Unlikely to churn,0.9462,2026-08-19
0383-CLDDA,0.0429,Unlikely to churn,0.9571,2026-08-19
4905-JEFDW,0.3575,Unlikely to churn,0.6425,2026-08-19
2709-UQGNP,0.4526,Unlikely to churn,0.5474,2026-08-19
3549-ZTMNH,0.3616,Unlikely to churn,0.6384,2026-08-19
7881-INRLC,0.204,Unlikely to churn,0.796,2026-08-19
8033-ATFAS,0.1694,Unlikely to churn,0.8306,2026-08-19
1635-NZATJ,0.0354,Unlikely to churn,0.9646,2026-08-19
0562-HKHML,0.0345,Unlikely to churn,0.9655,2026-08-19
8277-RVRSV,0.1753,Unlikely to churn,0.8247,2026-08-19
9943-VSZUV,0.0933,Unlikely to churn,0.9067,2026-08-19
0117-LFRMW,0.1185,Unlikely to churn,0.8815,2026-08-19
6172-FECYY,0.1879,Unlikely to churn,0.8121,2026-08-19
7054-ENNGU,0.4609,Unlikely to churn,0.5391,2026-08-19
1455-HFBXA,0.1365,Unlikely to churn,0.8635,2026-08-19
9402-CXWPL,0.0715,Unlikely to churn,0.9285,2026-08-19
1628-BIZYP,0.6482,Likely to churn,0.6482,2026-08-19
1965-AKTSX,0.5203,Likely to churn,0.5203,2026-08-19
0082-LDZUE,0.5714,Likely to churn,0.5714,2026-08-19
4786-UKSNZ,0.4707,Unlikely to churn,0.5293,2026-08-19
5343-SGUBI,0.1576,Unlikely to churn,0.8424,2026-08-19
0856-NAOES,0.4931,Unlikely to churn,0.5069,2026-08-19
1976-AZZPJ,0.3721,Unlikely to churn,0.6279,2026-08-19
7248-VZQLC,0.1768,Unlikely to churn,0.8232,2026-08-19
6156-UZDLF,0.3312,Unlikely to churn,0.6688,2026-08-19
3099-OONVS,0.2635,Unlikely to churn,0.7365,2026-08-19
9500-WBGRP,0.0349,Unlikely to churn,0.9651,2026-08-19
5183-KLYEM,0.049,Unlikely to churn,0.951,2026-08-19
5144-PQCDZ,0.4348,Unlikely to churn,0.5652,2026-08-19
8514-VZHEB,0.055,Unlikely to churn,0.945,2026-08-19
6625-IUTTT,0.0481,Unlikely to churn,0.9519,2026-08-19
9355-NPPFS,0.3816,Unlikely to churn,0.6184,2026-08-19
0068-FIGTF,0.2209,Unlikely to churn,0.7791,2026-08-19
5965-GGPRW,0.0611,Unlikely to churn,0.9389,2026-08-19
8035-PWSEV,0.5668,Likely to churn,0.5668,2026-08-19
2236-HILPA,0.049,Unlikely to churn,0.951,2026-08-19
1840-BIUOG,0.3247,Unlikely to churn,0.6753,2026-08-19
1356-MKYSK,0.4329,Unlikely to churn,0.5671,2026-08-19
6080-LNESI,0.0846,Unlikely to churn,0.9154,2026-08-19
1830-IPXVJ,0.0505,Unlikely to churn,0.9495,2026-08-19
5828-DWPIL,0.0867,Unlikely to churn,0.9133,2026-08-19
8398-TBIYD,0.062,Unlikely to churn,0.938,2026-08-19
0011-IGKFF,0.477,Unlikely to churn,0.523,2026-08-19
4192-GORJT,0.5994,Likely to churn,0.5994,2026-08-19
6496-SLWHQ,0.6209,Likely to churn,0.6209,2026-08-19
9912-GVSEQ,0.3566,Unlikely to churn,0.6434,2026-08-19
2931-FSOHN,0.408,Unlikely to churn,0.592,2026-08-19
9418-RUKPH,0.1355,Unlikely to churn,0.8645,2026-08-19
5383-MMTWC,0.6099,Likely to churn,0.6099,2026-08-19
9971-ZWPBF,0.255,Unlikely to churn,0.745,2026-08-19
4712-AUQZO,0.2596,Unlikely to churn,0.7404,2026-08-19
9711-FJTBX,0.1063,Unlikely to churn,0.8937,2026-08-19
2908-ZTPNF,0.1336,Unlikely to churn,0.8664,2026-08-19
7240-ETPTR,0.3653,Unlikely to churn,0.6347,2026-08-19
2202-CUYXZ,0.6477,Likely to churn,0.6477,2026-08-19
5995-OIGLP,0.4061,Unlikely to churn,0.5939,2026-08-19
8421-WZOOW,0.1,Unlikely to churn,0.9,2026-08-19
6261-RCVNS,0.1156,Unlikely to churn,0.8844,2026-08-19
7951-QKZPL,0.1761,Unlikely to churn,0.8239,2026-08-19
1414-YADCW,0.0571,Unlikely to churn,0.9429,2026-08-19
8756-RDDLT,0.033,Unlikely to churn,0.967,2026-08-19
2862-PFNIK,0.4895,Unlikely to churn,0.5105,2026-08-19
5816-QVHRX,0.2696,Unlikely to churn,0.7304,2026-08-19
4430-YHXGG,0.4577,Unlikely to churn,0.5423,2026-08-19
6888-SBYAI,0.5535,Likely to churn,0.5535,2026-08-19
7395-XWZOY,0.2104,Unlikely to churn,0.7896,2026-08-19
7169-YWAMK,0.0339,Unlikely to churn,0.9661,2026-08-19
3640-PHQXK,0.3295,Unlikely to churn,0.6705,2026-08-19
6877-LGWXO,0.4719,Unlikely to churn,0.5281,2026-08-19
6859-RKMZJ,0.4551,Unlikely to churn,0.5449,2026-08-19
2729-VNVAP,0.1649,Unlikely to churn,0.8351,2026-08-19
2957-JIRMN,0.1118,Unlikely to churn,0.8882,2026-08-19
2049-BAFNW,0.4467,Unlikely to churn,0.5533,2026-08-19
3842-QTGDL,0.4596,Unlikely to churn,0.5404,2026-08-19
7163-OCEQI,0.3018,Unlikely to churn,0.6982,2026-08-19
9782-LGXMC,0.0992,Unlikely to churn,0.9008,2026-08-19
5975-BAICR,0.1729,Unlikely to churn,0.8271,2026-08-19
8019-ENHXU,0.1939,Unlikely to churn,0.8061,2026-08-19
5167-GBFRE,0.4566,Unlikely to churn,0.5434,2026-08-19
9033-EOXWV,0.4335,Unlikely to churn,0.5665,2026-08-19
4673-KKSLS,0.2831,Unlikely to churn,0.7169,2026-08-19
4853-OITSN,0.621,Likely to churn,0.621,2026-08-19
9800-OUIGR,0.0406,Unlikely to churn,0.9594,2026-08-19
1324-NLTJE,0.409,Unlikely to churn,0.591,2026-08-19
2324-EFHVG,0.0854,Unlikely to churn,0.9146,2026-08-19
7094-MSZAO,0.3679,Unlikely to churn,0.6321,2026-08-19
1522-VVDMG,0.5573,Likely to churn,0.5573,2026-08-19
6907-CQGPN,0.1749,Unlikely to churn,0.8251,2026-08-19
0780-XNZFN,0.0612,Unlikely to churn,0.9388,2026-08-19
0239-OXEXL,0.1813,Unlikely to churn,0.8187,2026-08-19
2675-IJRGJ,0.0717,Unlikely to churn,0.9283,2026-08-19
7049-GKVZY,0.3177,Unlikely to churn,0.6823,2026-08-19
8577-QSOCG,0.136,Unlikely to churn,0.864,2026-08-19
3721-CNZHX,0.3144,Unlikely to churn,0.6856,2026-08-19
0212-ISBBF,0.2434,Unlikely to churn,0.7566,2026-08-19
9185-TQCVP,0.5463,Likely to churn,0.5463,2026-08-19
3585-YNADK,0.0728,Unlikely to churn,0.9272,2026-08-19
5271-DBYSJ,0.556,Likely to churn,0.556,2026-08-19
1099-GODLO,0.4713,Unlikely to churn,0.5287,2026-08-19
6828-HMKWP,0.3502,Unlikely to churn,0.6498,2026-08-19
5567-WSELE,0.6635,Likely to churn,0.6635,2026-08-19
1472-TNCWL,0.2604,Unlikely to churn,0.7396,2026-08-19
8063-RJYNF,0.4712,Unlikely to churn,0.5288,2026-08-19
0687-ZVTHB,0.0495,Unlikely to churn,0.9505,2026-08-19
2080-GKCWQ,0.6401,Likely to churn,0.6401,2026-08-19
9661-ACXBS,0.2094,Unlikely to churn,0.7906,2026-08-19
2193-SFWQW,0.0484,Unlikely to churn,0.9516,2026-08-19
5656-JAMLX,0.0484,Unlikely to churn,0.9516,2026-08-19
3462-BJQQA,0.6123,Likely to churn,0.6123,2026-08-19
0442-TDYUO,0.0895,Unlikely to churn,0.9105,2026-08-19
6733-LRIZX,0.2464,Unlikely to churn,0.7536,2026-08-19
9503-XJUME,0.0749,Unlikely to churn,0.9251,2026-08-19
4367-NHWMM,0.4904,Unlikely to churn,0.5096,2026-08-19
3727-RJMEO,0.6275,Likely to churn,0.6275,2026-08-19
3779-OSWCF,0.0374,Unlikely to churn,0.9626,2026-08-19
6736-DHUQI,0.0653,Unlikely to churn,0.9347,2026-08-19
3915-ODIYG,0.0722,Unlikely to churn,0.9278,2026-08-19
1360-RCYRT,0.2393,Unlikely to churn,0.7607,2026-08-19
2724-FJDYW,0.1157,Unlikely to churn,0.8843,2026-08-19
4451-RWASJ,0.3133,Unlikely to churn,0.6867,2026-08-19
6646-VRFOL,0.134,Unlikely to churn,0.866,2026-08-19
3460-TJBWI,0.2448,Unlikely to churn,0.7552,2026-08-19
5917-HBSDW,0.1398,Unlikely to churn,0.8602,2026-08-19
5685-IIXLY,0.5988,Likely to churn,0.5988,2026-08-19
5671-UUNXD,0.1681,Unlikely to churn,0.8319,2026-08-19
0956-ACVZC,0.1305,Unlikely to churn,0.8695,2026-08-19
2325-NBPZG,0.6277,Likely to churn,0.6277,2026-08-19
4250-ZBWLV,0.0647,Unlikely to churn,0.9353,2026-08-19
4482-FTFFX,0.4848,Unlikely to churn,0.5152,2026-08-19
8859-DZTGQ,0.1662,Unlikely to churn,0.8338,2026-08-19
0440-MOGPM,0.155,Unlikely to churn,0.845,2026-08-19
0020-JDNXP,0.1332,Unlikely to churn,0.8668,2026-08-19
3752-CQSJI,0.3374,Unlikely to churn,0.6626,2026-08-19
5025-GOOKI,0.2634,Unlikely to churn,0.7366,2026-08-19
4698-KVLLG,0.0782,Unlikely to churn,0.9218,2026-08-19
5095-AESKG,0.6518,Likely to churn,0.6518,2026-08-19
2887-JPYLU,0.1723,Unlikely to churn,0.8277,2026-08-19
4770-QAZXN,0.3336,Unlikely to churn,0.6664,2026-08-19
4896-CPRPF,0.1651,Unlikely to churn,0.8349,2026-08-19
1871-MOWRM,0.5067,Likely to churn,0.5067,2026-08-19
9714-EDSUC,0.5688,Likely to churn,0.5688,2026-08-19
2027-OAQQC,0.1054,Unlikely to churn,0.8946,2026-08-19
0282-NVSJS,0.3408,Unlikely to churn,0.6592,2026-08-19
9090-SGQXL,0.0729,Unlikely to churn,0.9271,2026-08-19
6595-YGXIT,0.3904,Unlikely to churn,0.6096,2026-08-19
7353-YOWFP,0.4019,Unlikely to churn,0.5981,2026-08-19
9835-ZIITK,0.0733,Unlikely to churn,0.9267,2026-08-19
8008-ESFLK,0.1077,Unlikely to churn,0.8923,2026-08-19
7537-CBQUZ,0.0816,Unlikely to churn,0.9184,2026-08-19
1555-DJEQW,0.0548,Unlikely to churn,0.9452,2026-08-19
5649-TJHOV,0.2243,Unlikely to churn,0.7757,2026-08-19
0519-XUZJU,0.6753,Likely to churn,0.6753,2026-08-19
3363-EWLGO,0.4234,Unlikely to churn,0.5766,2026-08-19
4750-UKWJK,0.1403,Unlikely to churn,0.8597,2026-08-19
6338-AVWCY,0.4412,Unlikely to churn,0.5588,2026-08-19
1689-YQBYY,0.5783,Likely to churn,0.5783,2026-08-19
4487-ZYJZK,0.1348,Unlikely to churn,0.8652,2026-08-19
2959-FENLU,0.5602,Likely to churn,0.5602,2026-08-19
0708-LGSMF,0.4324,Unlikely to churn,0.5676,2026-08-19
9253-QXKBE,0.3681,Unlikely to churn,0.6319,2026-08-19
7634-HLQJR,0.0934,Unlikely to churn,0.9066,2026-08-19
0487-RPVUM,0.0899,Unlikely to churn,0.9101,2026-08-19
4079-ULGFR,0.3051,Unlikely to churn,0.6949,2026-08-19
2516-XSJKX,0.1288,Unlikely to churn,0.8712,2026-08-19
0057-QBUQH,0.1191,Unlikely to churn,0.8809,2026-08-19
9445-SZLCH,0.2691,Unlikely to churn,0.7309,2026-08-19
6599-SFQVE,0.5133,Likely to churn,0.5133,2026-08-19
8331-ZXFOE,0.066,Unlikely to churn,0.934,2026-08-19
4003-FUSHP,0.3486,Unlikely to churn,0.6514,2026-08-19
0356-ERHVT,0.4617,Unlikely to churn,0.5383,2026-08-19
7325-ENZFI,0.1092,Unlikely to churn,0.8908,2026-08-19
4884-ZTHVF,0.5791,Likely to churn,0.5791,2026-08-19
3920-HIHMQ,0.3111,Unlikely to churn,0.6889,2026-08-19
3055-OYMSE,0.1382,Unlikely to churn,0.8618,2026-08-19
0613-WUXUM,0.0334,Unlikely to churn,0.9666,2026-08-19
7568-PODML,0.486,Unlikely to churn,0.514,2026-08-19
4458-KVRBJ,0.06,Unlikely to churn,0.94,2026-08-19
5349-IECLD,0.6345,Likely to churn,0.6345,2026-08-19
1397-XKKWR,0.3764,Unlikely to churn,0.6236,2026-08-19
3945-GFWQL,0.4445,Unlikely to churn,0.5555,2026-08-19
8097-OMULG,0.0583,Unlikely to churn,0.9417,2026-08-19
6013-BHCAW,0.0676,Unlikely to churn,0.9324,2026-08-19
0401-WDBXM,0.0614,Unlikely to churn,0.9386,2026-08-19
3387-PLKUI,0.3312,Unlikely to churn,0.6688,2026-08-19
6096-EGVTU,0.048,Unlikely to churn,0.952,2026-08-19
3797-VTIDR,0.4843,Unlikely to churn,0.5157,2026-08-19
5081-NWSUP,0.4188,Unlikely to churn,0.5812,2026-08-19
2580-ATZSQ,0.0492,Unlikely to churn,0.9508,2026-08-19
8085-MSNLK,0.0774,Unlikely to churn,0.9226,2026-08-19
9691-HKOVS,0.0724,Unlikely to churn,0.9276,2026-08-19
9881-VCZEP,0.2992,Unlikely to churn,0.7008,2026-08-19
9526-BIHHD,0.4656,Unlikely to churn,0.5344,2026-08-19
8757-TFHHJ,0.5498,Likely to churn,0.5498,2026-08-19
4523-WXCEF,0.1179,Unlikely to churn,0.8821,2026-08-19
1468-DEFNC,0.0476,Unlikely to churn,0.9524,2026-08-19
5119-KEPFY,0.2976,Unlikely to churn,0.7024,2026-08-19
8364-TRMMK,0.5746,Likely to churn,0.5746,2026-08-19
0916-KNFAJ,0.0672,Unlikely to churn,0.9328,2026-08-19
8319-QBEHW,0.2115,Unlikely to churn,0.7885,2026-08-19
3063-QFSZL,0.573,Likely to churn,0.573,2026-08-19
8775-LHDJH,0.6694,Likely to churn,0.6694,2026-08-19
9625-QNLUX,0.0596,Unlikely to churn,0.9404,2026-08-19
3097-NQYSN,0.6848,Likely to churn,0.6848,2026-08-19
4024-CSNBY,0.0513,Unlikely to churn,0.9487,2026-08-19
7110-BDTWG,0.0298,Unlikely to churn,0.9702,2026-08-19
7493-GVFIO,0.0611,Unlikely to churn,0.9389,2026-08-19
0690-SRQID,0.4336,Unlikely to churn,0.5664,2026-08-19
9605-WGJVW,0.6732,Likely to churn,0.6732,2026-08-19
9114-DPSIA,0.0349,Unlikely to churn,0.9651,2026-08-19
4700-UBQMV,0.3412,Unlikely to churn,0.6588,2026-08-19
7711-GQBZC,0.035,Unlikely to churn,0.965,2026-08-19
3565-UNOCC,0.3445,Unlikely to churn,0.6555,2026-08-19
4627-MIHJH,0.0637,Unlikely to churn,0.9363,2026-08-19
9795-NREXC,0.0533,Unlikely to churn,0.9467,2026-08-19
8573-CGOCC,0.3043,Unlikely to churn,0.6957,2026-08-19
7356-AYNJP,0.4512,Unlikely to churn,0.5488,2026-08-19
9249-FXSCK,0.133,Unlikely to churn,0.867,2026-08-19
5493-SDRDQ,0.5155,Likely to churn,0.5155,2026-08-19
6286-SUUWT,0.4696,Unlikely to churn,0.5304,2026-08-19
4819-HJPIW,0.3037,Unlikely to churn,0.6963,2026-08-19
8654-DHAOW,0.5563,Likely to churn,0.5563,2026-08-19
5438-QMDDL,0.3419,Unlikely to churn,0.6581,2026-08-19
9812-GHVRI,0.2586,Unlikely to churn,0.7414,2026-08-19
5553-AOINX,0.079,Unlikely to churn,0.921,2026-08-19
1228-ZLNBX,0.4682,Unlikely to churn,0.5318,2026-08-19
4226-KKDON,0.449,Unlikely to churn,0.551,2026-08-19
3831-YCPUO,0.0465,Unlikely to churn,0.9535,2026-08-19
7445-WMRBW,0.1056,Unlikely to churn,0.8944,2026-08-19
3308-DGHKL,0.0351,Unlikely to churn,0.9649,2026-08-19
9924-JPRMC,0.0534,Unlikely to churn,0.9466,2026-08-19
0080-EMYVY,0.4059,Unlikely to churn,0.5941,2026-08-19
6218-KNUBD,0.487,Unlikely to churn,0.513,2026-08-19
7337-CINUD,0.3877,Unlikely to churn,0.6123,2026-08-19
7609-NRNCA,0.2937,Unlikely to churn,0.7063,2026-08-19
0623-EJQEG,0.0816,Unlikely to churn,0.9184,2026-08-19
7153-CHRBV,0.0678,Unlikely to churn,0.9322,2026-08-19
0871-URUWO,0.5398,Likely to churn,0.5398,2026-08-19
9190-MFJLN,0.4432,Unlikely to churn,0.5568,2026-08-19
6198-PNNSZ,0.1104,Unlikely to churn,0.8896,2026-08-19
3317-VLGQT,0.5168,Likely to churn,0.5168,2026-08-19
4132-POCZS,0.0735,Unlikely to churn,0.9265,2026-08-19
5614-DNZCE,0.0598,Unlikely to churn,0.9402,2026-08-19
1095-JUDTC,0.1747,Unlikely to churn,0.8253,2026-08-19
3896-RCYYE,0.0333,Unlikely to churn,0.9667,2026-08-19
9638-JIQYA,0.4787,Unlikely to churn,0.5213,2026-08-19
3258-SANFR,0.5151,Likely to churn,0.5151,2026-08-19
3726-TBHQT,0.0523,Unlikely to churn,0.9477,2026-08-19
3190-ITQXP,0.0977,Unlikely to churn,0.9023,2026-08-19
0870-VEMYL,0.4752,Unlikely to churn,0.5248,2026-08-19
4833-QTJNO,0.0761,Unlikely to churn,0.9239,2026-08-19
3039-MJSLN,0.4474,Unlikely to churn,0.5526,2026-08-19
0178-CIIKR,0.4464,Unlikely to churn,0.5536,2026-08-19
5385-SUIRI,0.1403,Unlikely to churn,0.8597,2026-08-19
3982-XWFZQ,0.1778,Unlikely to churn,0.8222,2026-08-19
5774-QPLTF,0.0825,Unlikely to churn,0.9175,2026-08-19
2322-VCZHZ,0.3742,Unlikely to churn,0.6258,2026-08-19
5010-IPEAQ,0.0283,Unlikely to churn,0.9717,2026-08-19
4009-ALQFH,0.3478,Unlikely to churn,0.6522,2026-08-19
6383-ZTSIW,0.2158,Unlikely to churn,0.7842,2026-08-19
8990-YOZLV,0.045,Unlikely to churn,0.955,2026-08-19
3069-SSVSN,0.4944,Unlikely to churn,0.5056,2026-08-19
5222-IMUKT,0.3235,Unlikely to churn,0.6765,2026-08-19
3627-FCRDW,0.5895,Likely to churn,0.5895,2026-08-19
7562-GSUHK,0.4668,Unlikely to churn,0.5332,2026-08-19
6685-XSHHU,0.0538,Unlikely to churn,0.9462,2026-08-19
8901-UPRHR,0.0549,Unlikely to churn,0.9451,2026-08-19
4903-UYAVB,0.4209,Unlikely to churn,0.5791,2026-08-19
0118-JPNOY,0.367,Unlikely to churn,0.633,2026-08-19
6776-TLWOI,0.446,Unlikely to churn,0.554,2026-08-19
3845-FXCYS,0.4567,Unlikely to churn,0.5433,2026-08-19
5857-XRECV,0.4603,Unlikely to churn,0.5397,2026-08-19
0725-CXOTM,0.1841,Unlikely to churn,0.8159,2026-08-19
4343-EJVQB,0.5822,Likely to churn,0.5822,2026-08-19
9000-PLFUZ,0.0508,Unlikely to churn,0.9492,2026-08-19
3427-GGZZI,0.4595,Unlikely to churn,0.5405,2026-08-19
7779-ORAEL,0.122,Unlikely to churn,0.878,2026-08-19
0644-OQMDK,0.6434,Likely to churn,0.6434,2026-08-19
4077-CROMM,0.3036,Unlikely to churn,0.6964,2026-08-19
3154-CFSZG,0.1629,Unlikely to churn,0.8371,2026-08-19
2868-MZAGQ,0.667,Likely to churn,0.667,2026-08-19
4847-QNOKA,0.5739,Likely to churn,0.5739,2026-08-19
2220-IAHLS,0.4673,Unlikely to churn,0.5327,2026-08-19
1658-XUHBX,0.115,Unlikely to churn,0.885,2026-08-19
6379-RXJRQ,0.5744,Likely to churn,0.5744,2026-08-19
2378-HTWFW,0.2934,Unlikely to churn,0.7066,2026-08-19
8650-RHRKE,0.4306,Unlikely to churn,0.5694,2026-08-19
4377-VDHYI,0.2845,Unlikely to churn,0.7155,2026-08-19
0475-RIJEP,0.2151,Unlikely to churn,0.7849,2026-08-19
1260-TTRXI,0.5337,Likely to churn,0.5337,2026-08-19
3719-TDVQB,0.0679,Unlikely to churn,0.9321,2026-08-19
6328-ZPBGN,0.5778,Likely to churn,0.5778,2026-08-19
0201-MIBOL,0.0896,Unlikely to churn,0.9104,2026-08-19
4937-QPZPO,0.1065,Unlikely to churn,0.8935,2026-08-19
2925-VDZHY,0.0332,Unlikely to churn,0.9668,2026-08-19
6981-TDRFT,0.093,Unlikely to churn,0.907,2026-08-19
3413-CSSTH,0.1718,Unlikely to churn,0.8282,2026-08-19
8033-VCZGH,0.1514,Unlikely to churn,0.8486,2026-08-19
4789-KWMXN,0.1614,Unlikely to churn,0.8386,2026-08-19
0224-NIJLP,0.3903,Unlikely to churn,0.6097,2026-08-19
7542-CYDDM,0.2858,Unlikely to churn,0.7142,2026-08-19
4718-WXBGI,0.035,Unlikely to churn,0.965,2026-08-19
2867-UIMSS,0.6717,Likely to churn,0.6717,2026-08-19
8495-PRWFH,0.1651,Unlikely to churn,0.8349,2026-08-19
0439-IFYUN,0.4558,Unlikely to churn,0.5442,2026-08-19
5716-LIBJC,0.5028,Likely to churn,0.5028,2026-08-19
2868-LLSKM,0.0726,Unlikely to churn,0.9274,2026-08-19
8111-RKSPX,0.6493,Likely to churn,0.6493,2026-08-19
2988-QRAJY,0.0635,Unlikely to churn,0.9365,2026-08-19
1585-MQSSU,0.3728,Unlikely to churn,0.6272,2026-08-19
0071-NDAFP,0.2402,Unlikely to churn,0.7598,2026-08-19
2856-NNASM,0.2179,Unlikely to churn,0.7821,2026-08-19
7328-ZJAJO,0.055,Unlikely to churn,0.945,2026-08-19
6458-CYIDZ,0.5871,Likely to churn,0.5871,2026-08-19
8559-CIZFV,0.3077,Unlikely to churn,0.6923,2026-08-19
1090-PYKCI,0.0588,Unlikely to churn,0.9412,2026-08-19
3058-WQDRE,0.3553,Unlikely to churn,0.6447,2026-08-19
7547-EKNFS,0.2116,Unlikely to churn,0.7884,2026-08-19
2279-AXJJK,0.1447,Unlikely to churn,0.8553,2026-08-19
6769-DYBQN,0.1832,Unlikely to churn,0.8168,2026-08-19
0909-SELIE,0.0569,Unlikely to churn,0.9431,2026-08-19
3417-TSCIC,0.2059,Unlikely to churn,0.7941,2026-08-19
1042-HFUCW,0.265,Unlikely to churn,0.735,2026-08-19
4439-JMPMT,0.6075,Likely to churn,0.6075,2026-08-19
6537-OTKMY,0.3101,Unlikely to churn,0.6899,2026-08-19
8999-EXMNO,0.2767,Unlikely to churn,0.7233,2026-08-19
6725-TPKJO,0.106,Unlikely to churn,0.894,2026-08-19
2446-BEGGB,0.6035,Likely to churn,0.6035,2026-08-19
7162-WPHPM,0.0665,Unlikely to churn,0.9335,2026-08-19
1599-MMYRQ,0.0909,Unlikely to churn,0.9091,2026-08-19
8821-KVZKQ,0.0265,Unlikely to churn,0.9735,2026-08-19
1496-GGSUK,0.4937,Unlikely to churn,0.5063,2026-08-19
6434-TTGJP,0.2939,Unlikely to churn,0.7061,2026-08-19
0042-JVWOJ,0.2146,Unlikely to churn,0.7854,2026-08-19
0130-SXOUN,0.0865,Unlikely to churn,0.9135,2026-08-19
2575-GFSOE,0.6039,Likely to churn,0.6039,2026-08-19
2330-PQGDQ,0.149,Unlikely to churn,0.851,2026-08-19
1452-UZOSF,0.0523,Unlikely to churn,0.9477,2026-08-19
2097-YVPKN,0.0465,Unlikely to churn,0.9535,2026-08-19
2842-JTCCU,0.5671,Likely to churn,0.5671,2026-08-19
8597-CTXVJ,0.0417,Unlikely to churn,0.9583,2026-08-19
6631-HMANX,0.0375,Unlikely to churn,0.9625,2026-08-19
9962-BFPDU,0.47,Unlikely to churn,0.53,2026-08-19
3296-SILRA,0.6563,Likely to churn,0.6563,2026-08-19
9681-OXGVC,0.6235,Likely to churn,0.6235,2026-08-19
6394-HHHZM,0.4495,Unlikely to churn,0.5505,2026-08-19
5995-LFTLE,0.063,Unlikely to churn,0.937,2026-08-19
5180-UCIIQ,0.2447,Unlikely to churn,0.7553,2026-08-19
1932-UEDCX,0.3091,Unlikely to churn,0.6909,2026-08-19
7153-OANIO,0.6723,Likely to churn,0.6723,2026-08-19
5188-HGMLP,0.1553,Unlikely to churn,0.8447,2026-08-19
0665-XHDJU,0.066,Unlikely to churn,0.934,2026-08-19
6521-YYTYI,0.6794,Likely to churn,0.6794,2026-08-19
8878-HMWBV,0.5238,Likely to churn,0.5238,2026-08-19
8265-HKSOW,0.0534,Unlikely to churn,0.9466,2026-08-19
3544-FBCAS,0.0364,Unlikely to churn,0.9636,2026-08-19
5331-RGMTT,0.1403,Unlikely to churn,0.8597,2026-08-19
4759-PXTAN,0.0727,Unlikely to churn,0.9273,2026-08-19
7054-DMVAS,0.0847,Unlikely to churn,0.9153,2026-08-19
3428-MMGUB,0.1117,Unlikely to churn,0.8883,2026-08-19
6549-BTYPG,0.0432,Unlikely to churn,0.9568,2026-08-19
7823-JSOAG,0.6685,Likely to churn,0.6685,2026-08-19
3705-RHRFR,0.0749,Unlikely to churn,0.9251,2026-08-19
9374-YOLBJ,0.4667,Unlikely to churn,0.5333,2026-08-19
9074-KGVOX,0.0796,Unlikely to churn,0.9204,2026-08-19
6128-DAFVY,0.0668,Unlikely to churn,0.9332,2026-08-19
9933-QRGTX,0.0907,Unlikely to churn,0.9093,2026-08-19
4476-OSWTN,0.064,Unlikely to churn,0.936,2026-08-19
3751-KTZEL,0.488,Unlikely to churn,0.512,2026-08-19
1977-STDKI,0.6433,Likely to churn,0.6433,2026-08-19
5066-GFJMM,0.4462,Unlikely to churn,0.5538,2026-08-19
2661-GKBTK,0.0663,Unlikely to churn,0.9337,2026-08-19
0458-HEUZG,0.3135,Unlikely to churn,0.6865,2026-08-19
7268-WNTCP,0.0489,Unlikely to churn,0.9511,2026-08-19
0824-VWDPO,0.193,Unlikely to churn,0.807,2026-08-19
8409-WQJUX,0.1994,Unlikely to churn,0.8006,2026-08-19
2578-JQPHZ,0.1813,Unlikely to churn,0.8187,2026-08-19
3278-FSIXX,0.5638,Likely to churn,0.5638,2026-08-19
5813-UECBU,0.2879,Unlikely to churn,0.7121,2026-08-19
0328-GRPMV,0.6729,Likely to churn,0.6729,2026-08-19
9746-UGFAC,0.2517,Unlikely to churn,0.7483,2026-08-19
2946-KIQSP,0.1363,Unlikely to churn,0.8637,2026-08-19
0625-AFOHS,0.1934,Unlikely to churn,0.8066,2026-08-19
6726-WEXXK,0.3565,Unlikely to churn,0.6435,2026-08-19
4636-OLWOE,0.0792,Unlikely to churn,0.9208,2026-08-19
4342-HENTK,0.6646,Likely to churn,0.6646,2026-08-19
4685-ERGHK,0.1422,Unlikely to churn,0.8578,2026-08-19
0885-HMGPY,0.0539,Unlikely to churn,0.9461,2026-08-19
5003-OKNNK,0.3164,Unlikely to churn,0.6836,2026-08-19
4195-SMMNX,0.4596,Unlikely to churn,0.5404,2026-08-19
7208-PSIHR,0.0657,Unlikely to churn,0.9343,2026-08-19
4012-ZTHBR,0.3458,Unlikely to churn,0.6542,2026-08-19
0489-WMEMG,0.3024,Unlikely to churn,0.6976,2026-08-19
7435-ZNUYY,0.4146,Unlikely to churn,0.5854,2026-08-19
1354-YZFNB,0.4332,Unlikely to churn,0.5668,2026-08-19
6956-SMUCM,0.5969,Likely to churn,0.5969,2026-08-19
2985-FMWYF,0.4316,Unlikely to churn,0.5684,2026-08-19
2812-ENYMO,0.193,Unlikely to churn,0.807,2026-08-19
2717-HVIZY,0.3899,Unlikely to churn,0.6101,2026-08-19
3223-WZWJM,0.4022,Unlikely to churn,0.5978,2026-08-19
3422-GALYP,0.6573,Likely to churn,0.6573,2026-08-19
9053-JZFKV,0.0645,Unlikely to churn,0.9355,2026-08-19
2530-ENDWQ,0.0746,Unlikely to churn,0.9254,2026-08-19
2890-WFBHU,0.0612,Unlikely to churn,0.9388,2026-08-19
0327-WFZSY,0.2506,Unlikely to churn,0.7494,2026-08-19
7977-HXJKU,0.2566,Unlikely to churn,0.7434,2026-08-19
6615-ZGEDR,0.4686,Unlikely to churn,0.5314,2026-08-19
7033-CLAMM,0.0897,Unlikely to churn,0.9103,2026-08-19
4023-RTIQM,0.15,Unlikely to churn,0.85,2026-08-19
0864-FVJNJ,0.0703,Unlikely to churn,0.9297,2026-08-19
7356-IWLFW,0.198,Unlikely to churn,0.802,2026-08-19
9541-PWTWO,0.0994,Unlikely to churn,0.9006,2026-08-19
3967-VQOGC,0.042,Unlikely to churn,0.958,2026-08-19
7872-RDDLZ,0.0571,Unlikely to churn,0.9429,2026-08-19
9250-WYPLL,0.6515,Likely to churn,0.6515,2026-08-19
6308-CQRBU,0.0574,Unlikely to churn,0.9426,2026-08-19
2754-XBHTB,0.5729,Likely to churn,0.5729,2026-08-19
1597-LHYNC,0.3611,Unlikely to churn,0.6389,2026-08-19
0186-CAERR,0.0542,Unlikely to churn,0.9458,2026-08-19
3043-SUDUA,0.1717,Unlikely to churn,0.8283,2026-08-19
5442-BHQNG,0.6634,Likely to churn,0.6634,2026-08-19
2169-RRLFW,0.0355,Unlikely to churn,0.9645,2026-08-19
5872-OEQNH,0.0469,Unlikely to churn,0.9531,2026-08-19
3162-KKZXO,0.1369,Unlikely to churn,0.8631,2026-08-19
7055-VKGDA,0.1124,Unlikely to churn,0.8876,2026-08-19
0754-UKWQP,0.638,Likely to churn,0.638,2026-08-19
8873-GLDMH,0.6342,Likely to churn,0.6342,2026-08-19
5696-JVVQY,0.0998,Unlikely to churn,0.9002,2026-08-19
8946-BFWSG,0.0505,Unlikely to churn,0.9495,2026-08-19
7493-TPUWZ,0.6667,Likely to churn,0.6667,2026-08-19
0547-HURJB,0.3502,Unlikely to churn,0.6498,2026-08-19
8904-OPDCK,0.0746,Unlikely to churn,0.9254,2026-08-19
8845-LWKGE,0.2191,Unlikely to churn,0.7809,2026-08-19
1577-HKTFG,0.1848,Unlikely to churn,0.8152,2026-08-19
8752-STIVR,0.6342,Likely to churn,0.6342,2026-08-19
0691-NIKRI,0.2276,Unlikely to churn,0.7724,2026-08-19
5022-JNQEQ,0.5654,Likely to churn,0.5654,2026-08-19
4558-FANTW,0.4495,Unlikely to churn,0.5505,2026-08-19
3249-VHRIP,0.0423,Unlikely to churn,0.9577,2026-08-19
3736-BLEPA,0.3258,Unlikely to churn,0.6742,2026-08-19
4701-LKOZD,0.037,Unlikely to churn,0.963,2026-08-19
6603-QWSPR,0.1533,Unlikely to churn,0.8467,2026-08-19
9921-QFQUL,0.4178,Unlikely to churn,0.5822,2026-08-19
1929-ZCBHE,0.0778,Unlikely to churn,0.9222,2026-08-19
4378-MYPGO,0.0615,Unlikely to churn,0.9385,2026-08-19
8651-ENBZX,0.1036,Unlikely to churn,0.8964,2026-08-19
4129-LYCOI,0.0746,Unlikely to churn,0.9254,2026-08-19
7798-JVXYM,0.3929,Unlikely to churn,0.6071,2026-08-19
8647-SDTWQ,0.1383,Unlikely to churn,0.8617,2026-08-19
2696-ECXKC,0.1384,Unlikely to churn,0.8616,2026-08-19
2081-KJSQF,0.4709,Unlikely to churn,0.5291,2026-08-19
7623-TRNQN,0.5502,Likely to churn,0.5502,2026-08-19
3323-CPBWR,0.4017,Unlikely to churn,0.5983,2026-08-19
9330-IJWIO,0.5318,Likely to churn,0.5318,2026-08-19
3384-CTMSF,0.1707,Unlikely to churn,0.8293,2026-08-19
0902-RFHOF,0.1358,Unlikely to churn,0.8642,2026-08-19
9286-DOJGF,0.2831,Unlikely to churn,0.7169,2026-08-19
6048-QBXKL,0.5662,Likely to churn,0.5662,2026-08-19
9661-MHUMO,0.5475,Likely to churn,0.5475,2026-08-19
7718-RXDGG,0.5102,Likely to churn,0.5102,2026-08-19
1025-FALIX,0.3854,Unlikely to churn,0.6146,2026-08-19
3451-VAWLI,0.1522,Unlikely to churn,0.8478,2026-08-19
3407-QGWLG,0.4468,Unlikely to churn,0.5532,2026-08-19
1842-EZJMK,0.1508,Unlikely to churn,0.8492,2026-08-19
2347-WKKAE,0.2092,Unlikely to churn,0.7908,2026-08-19
8735-DCXNF,0.4219,Unlikely to churn,0.5781,2026-08-19
3214-IYUUQ,0.0823,Unlikely to churn,0.9177,2026-08-19
1936-UAFEH,0.0666,Unlikely to churn,0.9334,2026-08-19
3587-PMCOY,0.5159,Likely to churn,0.5159,2026-08-19
8079-XRJRS,0.077,Unlikely to churn,0.923,2026-08-19
1027-LKKQQ,0.0346,Unlikely to churn,0.9654,2026-08-19
7148-XZPHA,0.1181,Unlikely to churn,0.8819,2026-08-19
8073-IJDCM,0.4711,Unlikely to churn,0.5289,2026-08-19
5309-TAIKL,0.4445,Unlikely to churn,0.5555,2026-08-19
6856-RAURS,0.6803,Likely to churn,0.6803,2026-08-19
8778-LMWTJ,0.5613,Likely to churn,0.5613,2026-08-19
9717-IOAAF,0.2245,Unlikely to churn,0.7755,2026-08-19
8884-ADFVN,0.6071,Likely to churn,0.6071,2026-08-19
2845-KDHVX,0.0484,Unlikely to churn,0.9516,2026-08-19
0848-SOMKO,0.0268,Unlikely to churn,0.9732,2026-08-19
2720-WGKHP,0.6717,Likely to churn,0.6717,2026-08-19
6734-FQAJX,0.0641,Unlikely to churn,0.9359,2026-08-19
2869-ADAWR,0.2017,Unlikely to churn,0.7983,2026-08-19
1535-VTJOQ,0.2477,Unlikely to churn,0.7523,2026-08-19
6368-TZZDT,0.433,Unlikely to churn,0.567,2026-08-19
0943-ZQPXH,0.1904,Unlikely to churn,0.8096,2026-08-19
1293-BSEUN,0.0313,Unlikely to churn,0.9687,2026-08-19
9894-EZEWG,0.6483,Likely to churn,0.6483,2026-08-19
1302-TPUBN,0.0402,Unlikely to churn,0.9598,2026-08-19
7851-FLGGQ,0.4386,Unlikely to churn,0.5614,2026-08-19
0637-UBJRP,0.5084,Likely to churn,0.5084,2026-08-19
0940-OUQEC,0.574,Likely to churn,0.574,2026-08-19
2378-VTKDH,0.0817,Unlikely to churn,0.9183,2026-08-19
0927-CNGRH,0.4679,Unlikely to churn,0.5321,2026-08-19
8608-OZTLB,0.1365,Unlikely to churn,0.8635,2026-08-19
2335-GSODA,0.2054,Unlikely to churn,0.7946,2026-08-19
1952-DVVSW,0.3681,Unlikely to churn,0.6319,2026-08-19
0702-PGIBZ,0.6391,Likely to churn,0.6391,2026-08-19
6656-GULJQ,0.0364,Unlikely to churn,0.9636,2026-08-19
9853-JFZDU,0.1895,Unlikely to churn,0.8105,2026-08-19
1963-VAUKV,0.4715,Unlikely to churn,0.5285,2026-08-19
3777-XROBG,0.0575,Unlikely to churn,0.9425,2026-08-19
6994-FGRHH,0.0572,Unlikely to churn,0.9428,2026-08-19
4000-VGMQP,0.1705,Unlikely to churn,0.8295,2026-08-19
3999-WRNGR,0.051,Unlikely to churn,0.949,2026-08-19
3466-RITXD,0.351,Unlikely to churn,0.649,2026-08-19
2680-XKKNJ,0.4141,Unlikely to churn,0.5859,2026-08-19
3058-HJCUY,0.2099,Unlikely to churn,0.7901,2026-08-19
2974-GGUXS,0.287,Unlikely to churn,0.713,2026-08-19
7994-XIRTR,0.0846,Unlikely to churn,0.9154,2026-08-19
3259-FDWOY,0.0646,Unlikely to churn,0.9354,2026-08-19
2101-RANCD,0.1473,Unlikely to churn,0.8527,2026-08-19
7921-BEPCI,0.0416,Unlikely to churn,0.9584,2026-08-19
0807-ZABDG,0.5038,Likely to churn,0.5038,2026-08-19
8510-TMWYB,0.0917,Unlikely to churn,0.9083,2026-08-19
3258-ZKPAI,0.0521,Unlikely to churn,0.9479,2026-08-19
1428-IEDPR,0.1292,Unlikely to churn,0.8708,2026-08-19
5298-GSTLM,0.1136,Unlikely to churn,0.8864,2026-08-19
4450-YOOHP,0.1273,Unlikely to churn,0.8727,2026-08-19
6728-CZFEI,0.4137,Unlikely to churn,0.5863,2026-08-19
5748-RNCJT,0.0711,Unlikely to churn,0.9289,2026-08-19
3653-NCRDJ,0.1091,Unlikely to churn,0.8909,2026-08-19
6121-TNHBO,0.0539,Unlikely to churn,0.9461,2026-08-19
5119-NZPTV,0.6625,Likely to churn,0.6625,2026-08-19
6519-ZHPXP,0.0456,Unlikely to churn,0.9544,2026-08-19
7739-LAXOG,0.3235,Unlikely to churn,0.6765,2026-08-19
3472-QPRCH,0.1349,Unlikely to churn,0.8651,2026-08-19
8224-UAXBZ,0.052,Unlikely to churn,0.948,2026-08-19
9610-WCESF,0.0339,Unlikely to churn,0.9661,2026-08-19
9776-CLUJA,0.1578,Unlikely to churn,0.8422,2026-08-19
2486-WYVVE,0.2229,Unlikely to churn,0.7771,2026-08-19
3865-ZYKAD,0.0709,Unlikely to churn,0.9291,2026-08-19
1422-DGUBX,0.3195,Unlikely to churn,0.6805,2026-08-19
2999-AANRQ,0.2851,Unlikely to churn,0.7149,2026-08-19
8668-KNZTI,0.0911,Unlikely to churn,0.9089,2026-08-19
0480-KYJVA,0.0332,Unlikely to churn,0.9668,2026-08-19
6034-ZRYCV,0.0269,Unlikely to churn,0.9731,2026-08-19
9746-YKGXB,0.0666,Unlikely to churn,0.9334,2026-08-19
3926-YZVVX,0.1587,Unlikely to churn,0.8413,2026-08-19
6000-UKLWI,0.1202,Unlikely to churn,0.8798,2026-08-19
2079-FBMZK,0.6161,Likely to churn,0.6161,2026-08-19
6332-FBZRI,0.0431,Unlikely to churn,0.9569,2026-08-19
2096-XOTMO,0.3028,Unlikely to churn,0.6972,2026-08-19
3266-FTKHB,0.2924,Unlikely to churn,0.7076,2026-08-19
8221-EQDGL,0.1731,Unlikely to churn,0.8269,2026-08-19
2346-LOCWC,0.0584,Unlikely to churn,0.9416,2026-08-19
6608-QQLVK,0.5527,Likely to churn,0.5527,2026-08-19
0298-XACET,0.0618,Unlikely to churn,0.9382,2026-08-19
7560-QJAVJ,0.0374,Unlikely to churn,0.9626,2026-08-19
2995-YWTCD,0.293,Unlikely to churn,0.707,2026-08-19
3551-HUAZH,0.6886,Likely to churn,0.6886,2026-08-19
9137-UIYPG,0.2401,Unlikely to churn,0.7599,2026-08-19
2809-ZMYOQ,0.3219,Unlikely to churn,0.6781,2026-08-19
5084-OOVCJ,0.3462,Unlikely to churn,0.6538,2026-08-19
0254-WWRKD,0.0533,Unlikely to churn,0.9467,2026-08-19
7727-SHVZV,0.3767,Unlikely to churn,0.6233,2026-08-19
6302-JGYRJ,0.2233,Unlikely to churn,0.7767,2026-08-19
5339-PXDVH,0.6378,Likely to churn,0.6378,2026-08-19
2205-LPVGL,0.1039,Unlikely to churn,0.8961,2026-08-19
8782-NUUOL,0.0578,Unlikely to churn,0.9422,2026-08-19
3685-YLCMQ,0.1104,Unlikely to churn,0.8896,2026-08-19
7601-WFVZV,0.4679,Unlikely to churn,0.5321,2026-08-19
4609-KNNWG,0.2076,Unlikely to churn,0.7924,2026-08-19
4868-AADLV,0.0675,Unlikely to churn,0.9325,2026-08-19
9529-OFXHY,0.5006,Likely to churn,0.5006,2026-08-19
8634-MPHTR,0.1871,Unlikely to churn,0.8129,2026-08-19
2669-QVCRG,0.2418,Unlikely to churn,0.7582,2026-08-19
2478-EEWWM,0.058,Unlikely to churn,0.942,2026-08-19
9174-IHETN,0.1725,Unlikely to churn,0.8275,2026-08-19
2233-TXSIU,0.2691,Unlikely to churn,0.7309,2026-08-19
9644-UMGQA,0.4887,Unlikely to churn,0.5113,2026-08-19
3256-EZDBI,0.0771,Unlikely to churn,0.9229,2026-08-19
8761-NSOBC,0.1824,Unlikely to churn,0.8176,2026-08-19
0419-YAAPX,0.1638,Unlikely to churn,0.8362,2026-08-19
8413-VONUO,0.6372,Likely to churn,0.6372,2026-08-19
0872-CASZJ,0.0724,Unlikely to churn,0.9276,2026-08-19
4726-DLWQN,0.1083,Unlikely to churn,0.8917,2026-08-19
8164-OCKUJ,0.056,Unlikely to churn,0.944,2026-08-19
3094-JOJAI,0.4984,Unlikely to churn,0.5016,2026-08-19
9494-MRNYX,0.5946,Likely to churn,0.5946,2026-08-19
2599-CZABP,0.4217,Unlikely to churn,0.5783,2026-08-19
7945-PRBVF,0.1561,Unlikely to churn,0.8439,2026-08-19
4544-RXFMG,0.4864,Unlikely to churn,0.5136,2026-08-19
0859-YGKFW,0.2858,Unlikely to churn,0.7142,2026-08-19
1150-FTQGN,0.1019,Unlikely to churn,0.8981,2026-08-19
9223-UCPVT,0.6432,Likely to churn,0.6432,2026-08-19
7196-LIWRH,0.4104,Unlikely to churn,0.5896,2026-08-19
5448-VWNAM,0.322,Unlikely to churn,0.678,2026-08-19
1177-XZBJL,0.0868,Unlikely to churn,0.9132,2026-08-19
3518-FSTWG,0.0552,Unlikely to churn,0.9448,2026-08-19
9330-VOFSZ,0.0948,Unlikely to churn,0.9052,2026-08-19
4351-QLCSU,0.5713,Likely to churn,0.5713,2026-08-19
0939-EREMR,0.3821,Unlikely to churn,0.6179,2026-08-19
9389-ACWBI,0.6298,Likely to churn,0.6298,2026-08-19
5419-JPRRN,0.6699,Likely to churn,0.6699,2026-08-19
3644-QXEHN,0.5178,Likely to churn,0.5178,2026-08-19
2911-IJORQ,0.1545,Unlikely to churn,0.8455,2026-08-19
5921-NGYRH,0.0871,Unlikely to churn,0.9129,2026-08-19
2100-BDNSN,0.4894,Unlikely to churn,0.5106,2026-08-19
5998-DZLYR,0.098,Unlikely to churn,0.902,2026-08-19
0488-GSLFR,0.6707,Likely to churn,0.6707,2026-08-19
9318-NKNFC,0.465,Unlikely to churn,0.535,2026-08-19
3985-HOYPM,0.214,Unlikely to churn,0.786,2026-08-19
9728-FTTVZ,0.6695,Likely to churn,0.6695,2026-08-19
9548-LERKT,0.2312,Unlikely to churn,0.7688,2026-08-19
6576-FBXOJ,0.2672,Unlikely to churn,0.7328,2026-08-19
4310-KEDTB,0.2131,Unlikely to churn,0.7869,2026-08-19
7254-IQWOZ,0.6712,Likely to churn,0.6712,2026-08-19
2474-BRUCM,0.2477,Unlikely to churn,0.7523,2026-08-19
4062-HBMOS,0.1379,Unlikely to churn,0.8621,2026-08-19
0742-NXBGR,0.6378,Likely to churn,0.6378,2026-08-19
2676-ISHSF,0.4711,Unlikely to churn,0.5289,2026-08-19
9236-NDUCW,0.238,Unlikely to churn,0.762,2026-08-19
4753-PADAS,0.0766,Unlikely to churn,0.9234,2026-08-19
6103-QCKFX,0.1319,Unlikely to churn,0.8681,2026-08-19
7781-EWARA,0.0273,Unlikely to churn,0.9727,2026-08-19
6110-OHIHY,0.6459,Likely to churn,0.6459,2026-08-19
7018-FPXHH,0.0713,Unlikely to churn,0.9287,2026-08-19
5889-LFOLL,0.5556,Likely to churn,0.5556,2026-08-19
5708-EVONK,0.1095,Unlikely to churn,0.8905,2026-08-19
8708-XPXHZ,0.24,Unlikely to churn,0.76,2026-08-19
0616-ATFGB,0.491,Unlikely to churn,0.509,2026-08-19
0572-ZJKLT,0.1667,Unlikely to churn,0.8333,2026-08-19
5135-RDDQL,0.0637,Unlikely to churn,0.9363,2026-08-19
1353-LJWEM,0.3913,Unlikely to churn,0.6087,2026-08-19
1794-SWWKL,0.3846,Unlikely to churn,0.6154,2026-08-19
6166-YIPFO,0.0225,Unlikely to churn,0.9775,2026-08-19
7016-BPGEU,0.2066,Unlikely to churn,0.7934,2026-08-19
6876-ADESB,0.5463,Likely to churn,0.5463,2026-08-19
9332-GYWLO,0.5127,Likely to churn,0.5127,2026-08-19
1963-SVUCV,0.5755,Likely to churn,0.5755,2026-08-19
4184-VODJZ,0.1012,Unlikely to churn,0.8988,2026-08-19
0220-EBGCE,0.6408,Likely to churn,0.6408,2026-08-19
1092-WPIVQ,0.3035,Unlikely to churn,0.6965,2026-08-19
7233-IOQNP,0.0987,Unlikely to churn,0.9013,2026-08-19
2834-JKOOW,0.257,Unlikely to churn,0.743,2026-08-19
2754-VDLTR,0.5894,Likely to churn,0.5894,2026-08-19
2400-FEQME,0.0666,Unlikely to churn,0.9334,2026-08-19
3190-XFANI,0.1746,Unlikely to churn,0.8254,2026-08-19
7551-DACSP,0.4696,Unlikely to churn,0.5304,2026-08-19
4957-SREEC,0.0341,Unlikely to churn,0.9659,2026-08-19
7235-NXZCP,0.6801,Likely to churn,0.6801,2026-08-19
0230-UBYPQ,0.0426,Unlikely to churn,0.9574,2026-08-19
4923-ADWXJ,0.266,Unlikely to churn,0.734,2026-08-19
1763-KUAAW,0.2869,Unlikely to churn,0.7131,2026-08-19
1104-TNLZA,0.3401,Unlikely to churn,0.6599,2026-08-19
5195-KPUNQ,0.1208,Unlikely to churn,0.8792,2026-08-19
0520-FDVVT,0.2595,Unlikely to churn,0.7405,2026-08-19
3439-GVUSX,0.4883,Unlikely to churn,0.5117,2026-08-19
1444-VVSGW,0.0561,Unlikely to churn,0.9439,2026-08-19
5712-PTIWW,0.6173,Likely to churn,0.6173,2026-08-19
5949-HGVJL,0.246,Unlikely to churn,0.754,2026-08-19
5203-XEHAX,0.1884,Unlikely to churn,0.8116,2026-08-19
1635-HDGFT,0.2779,Unlikely to churn,0.7221,2026-08-19
3315-TOTBP,0.5412,Likely to churn,0.5412,2026-08-19
8050-XGRVL,0.06,Unlikely to churn,0.94,2026-08-19
6661-HBGWL,0.2082,Unlikely to churn,0.7918,2026-08-19
1518-VOWAV,0.4262,Unlikely to churn,0.5738,2026-08-19
9828-QHFBK,0.2986,Unlikely to churn,0.7014,2026-08-19
3908-MKIMJ,0.0314,Unlikely to churn,0.9686,2026-08-19
5012-YSPJJ,0.2128,Unlikely to churn,0.7872,2026-08-19
5909-ECHUI,0.5765,Likely to churn,0.5765,2026-08-19
1309-BXVOQ,0.4181,Unlikely to churn,0.5819,2026-08-19
6728-VOIFY,0.0923,Unlikely to churn,0.9077,2026-08-19
9317-WZPGV,0.6585,Likely to churn,0.6585,2026-08-19
4891-NLUBA,0.0418,Unlikely to churn,0.9582,2026-08-19
2856-HYAPG,0.6675,Likely to churn,0.6675,2026-08-19
8969-PRHFK,0.2845,Unlikely to churn,0.7155,2026-08-19
0661-KQHNK,0.4081,Unlikely to churn,0.5919,2026-08-19
8709-KRDVL,0.307,Unlikely to churn,0.693,2026-08-19
4488-PSYCG,0.306,Unlikely to churn,0.694,2026-08-19
1427-VERSM,0.1098,Unlikely to churn,0.8902,2026-08-19
9801-NOSHQ,0.2398,Unlikely to churn,0.7602,2026-08-19
6339-YPSAH,0.557,Likely to churn,0.557,2026-08-19
3621-CEOVK,0.5195,Likely to churn,0.5195,2026-08-19
6906-ANDWJ,0.5366,Likely to churn,0.5366,2026-08-19
2159-TURXX,0.4238,Unlikely to churn,0.5762,2026-08-19
1548-FEHVL,0.0997,Unlikely to churn,0.9003,2026-08-19
3795-CAWEX,0.0569,Unlikely to churn,0.9431,2026-08-19
6215-NQCPY,0.5058,Likely to churn,0.5058,2026-08-19
5647-URDKA,0.3885,Unlikely to churn,0.6115,2026-08-19
2229-DPMBI,0.3877,Unlikely to churn,0.6123,2026-08-19
9626-WEQRM,0.4286,Unlikely to churn,0.5714,2026-08-19
2188-SXWVT,0.192,Unlikely to churn,0.808,2026-08-19
6258-PVZWJ,0.0412,Unlikely to churn,0.9588,2026-08-19
1094-BKOSX,0.0847,Unlikely to churn,0.9153,2026-08-19
6969-MVBAI,0.58,Likely to churn,0.58,2026-08-19
2978-XXSOG,0.3084,Unlikely to churn,0.6916,2026-08-19
2342-CKIAO,0.4594,Unlikely to churn,0.5406,2026-08-19
6953-PBDIN,0.0399,Unlikely to churn,0.9601,2026-08-19
3898-BSJYF,0.4103,Unlikely to churn,0.5897,2026-08-19
3938-YFPXD,0.0368,Unlikely to churn,0.9632,2026-08-19
7696-AMHOD,0.1078,Unlikely to churn,0.8922,2026-08-19
2453-SAFNS,0.094,Unlikely to churn,0.906,2026-08-19
9558-IHEZX,0.0552,Unlikely to churn,0.9448,2026-08-19
9617-UDPEU,0.2467,Unlikely to churn,0.7533,2026-08-19
6340-DACFT,0.0828,Unlikely to churn,0.9172,2026-08-19
4955-VCWBI,0.1104,Unlikely to churn,0.8896,2026-08-19
6813-GZQCG,0.1089,Unlikely to churn,0.8911,2026-08-19
7426-GSWPO,0.0842,Unlikely to churn,0.9158,2026-08-19
3389-KTRXV,0.2524,Unlikely to churn,0.7476,2026-08-19
3118-UHVVQ,0.0407,Unlikely to churn,0.9593,2026-08-19
1031-IIDEO,0.6756,Likely to churn,0.6756,2026-08-19
5832-XKAES,0.6614,Likely to churn,0.6614,2026-08-19
3205-MXZRA,0.2713,Unlikely to churn,0.7287,2026-08-19
4701-AHWMW,0.058,Unlikely to churn,0.942,2026-08-19
8317-BVKSO,0.3255,Unlikely to churn,0.6745,2026-08-19
5702-KVQRD,0.0375,Unlikely to churn,0.9625,2026-08-19
0083-PIVIK,0.0502,Unlikely to churn,0.9498,2026-08-19
9210-IAHGH,0.4777,Unlikely to churn,0.5223,2026-08-19
6169-PGNCD,0.0612,Unlikely to churn,0.9388,2026-08-19
0023-XUOPT,0.5056,Likely to churn,0.5056,2026-08-19
4592-IWTJI,0.4424,Unlikely to churn,0.5576,2026-08-19
4909-JOUPP,0.0554,Unlikely to churn,0.9446,2026-08-19
4657-FWVFY,0.2309,Unlikely to churn,0.7691,2026-08-19
2257-BOVXD,0.424,Unlikely to churn,0.576,2026-08-19
7729-JTEEC,0.5607,Likely to churn,0.5607,2026-08-19
7632-MNYOY,0.0734,Unlikely to churn,0.9266,2026-08-19
6518-LGAOV,0.2415,Unlikely to churn,0.7585,2026-08-19
7242-QZLXF,0.4921,Unlikely to churn,0.5079,2026-08-19
4576-CSAJH,0.2946,Unlikely to churn,0.7054,2026-08-19
1000-AJSLD,0.4702,Unlikely to churn,0.5298,2026-08-19
9696-RMYBA,0.6276,Likely to churn,0.6276,2026-08-19
8690-UPCZI,0.241,Unlikely to churn,0.759,2026-08-19
1062-LHZOD,0.6721,Likely to churn,0.6721,2026-08-19
9770-LXDBK,0.4482,Unlikely to churn,0.5518,2026-08-19
4086-WITJG,0.0322,Unlikely to churn,0.9678,2026-08-19
8344-WFMFH,0.4577,Unlikely to churn,0.5423,2026-08-19
9600-NAXZN,0.2212,Unlikely to churn,0.7788,2026-08-19
8822-KNBHV,0.1039,Unlikely to churn,0.8961,2026-08-19
8404-FYDIB,0.3703,Unlikely to churn,0.6297,2026-08-19
2791-SFVEW,0.3792,Unlikely to churn,0.6208,2026-08-19
6457-USBER,0.6728,Likely to churn,0.6728,2026-08-19
6762-NSODU,0.0965,Unlikely to churn,0.9035,2026-08-19
4662-EKDPQ,0.5888,Likely to churn,0.5888,2026-08-19
9248-OJYKK,0.6959,Likely to churn,0.6959,2026-08-19
9888-ZCUMM,0.0357,Unlikely to churn,0.9643,2026-08-19
3398-FSHON,0.5504,Likely to churn,0.5504,2026-08-19
3319-DWOEP,0.5934,Likely to churn,0.5934,2026-08-19
1074-WVEVG,0.0557,Unlikely to churn,0.9443,2026-08-19
9979-RGMZT,0.575,Likely to churn,0.575,2026-08-19
6437-UDQJM,0.0367,Unlikely to churn,0.9633,2026-08-19
1226-IENZN,0.4961,Unlikely to churn,0.5039,2026-08-19
2108-GLPQB,0.3043,Unlikely to churn,0.6957,2026-08-19
9259-PACGQ,0.1841,Unlikely to churn,0.8159,2026-08-19
4415-IJZTP,0.6889,Likely to churn,0.6889,2026-08-19
1465-VINDH,0.5293,Likely to churn,0.5293,2026-08-19
5474-LAMUQ,0.2323,Unlikely to churn,0.7677,2026-08-19
3468-DRVQJ,0.441,Unlikely to churn,0.559,2026-08-19
1122-YJBCS,0.0432,Unlikely to churn,0.9568,2026-08-19
4990-ALDGW,0.0613,Unlikely to churn,0.9387,2026-08-19
4816-OKWNX,0.1286,Unlikely to churn,0.8714,2026-08-19
3315-IKYZQ,0.1697,Unlikely to churn,0.8303,2026-08-19
2810-FTLEM,0.3784,Unlikely to churn,0.6216,2026-08-19
4747-LCAQL,0.2399,Unlikely to churn,0.7601,2026-08-19
3411-WLRSQ,0.6279,Likely to churn,0.6279,2026-08-19
0898-XCGTF,0.1188,Unlikely to churn,0.8812,2026-08-19
8006-PYCSW,0.4586,Unlikely to churn,0.5414,2026-08-19
8249-THVEC,0.0779,Unlikely to churn,0.9221,2026-08-19
8722-PRFDV,0.0411,Unlikely to churn,0.9589,2026-08-19
2164-SOQXL,0.2671,Unlikely to churn,0.7329,2026-08-19
4020-KIUDI,0.4116,Unlikely to churn,0.5884,2026-08-19
5850-BDWCY,0.413,Unlikely to churn,0.587,2026-08-19
2038-YSEZE,0.2361,Unlikely to churn,0.7639,2026-08-19
0827-ITJPH,0.1439,Unlikely to churn,0.8561,2026-08-19
8799-OXZMD,0.1977,Unlikely to churn,0.8023,2026-08-19
1925-TIBLE,0.6309,Likely to churn,0.6309,2026-08-19
1705-GUHPV,0.0496,Unlikely to churn,0.9504,2026-08-19
4779-ZGICK,0.0944,Unlikely to churn,0.9056,2026-08-19
0048-PIHNL,0.0863,Unlikely to churn,0.9137,2026-08-19
0818-OCPZO,0.3811,Unlikely to churn,0.6189,2026-08-19
3967-KXAPS,0.0352,Unlikely to churn,0.9648,2026-08-19
1447-GIQMR,0.6693,Likely to churn,0.6693,2026-08-19
3704-IEAXF,0.0266,Unlikely to churn,0.9734,2026-08-19
6810-VCAEX,0.077,Unlikely to churn,0.923,2026-08-19
0674-EYYZV,0.5699,Likely to churn,0.5699,2026-08-19
4480-MBMLB,0.2584,Unlikely to churn,0.7416,2026-08-19
1395-OFUWC,0.1081,Unlikely to churn,0.8919,2026-08-19
0822-QGCXA,0.2377,Unlikely to churn,0.7623,2026-08-19
0872-NXJYS,0.5807,Likely to churn,0.5807,2026-08-19
2832-KJCRD,0.2374,Unlikely to churn,0.7626,2026-08-19
3588-WSTTJ,0.2842,Unlikely to churn,0.7158,2026-08-19
4075-WKNIU,0.5255,Likely to churn,0.5255,2026-08-19
5090-EMGTC,0.0988,Unlikely to churn,0.9012,2026-08-19
2346-CZYIL,0.2089,Unlikely to churn,0.7911,2026-08-19
3798-EPWRR,0.5585,Likely to churn,0.5585,2026-08-19
6258-NGCNG,0.4151,Unlikely to churn,0.5849,2026-08-19
4186-ZBUEW,0.1904,Unlikely to churn,0.8096,2026-08-19
5274-XHAKY,0.2168,Unlikely to churn,0.7832,2026-08-19
1442-BQPVU,0.3299,Unlikely to churn,0.6701,2026-08-19
3978-YNKDD,0.2791,Unlikely to churn,0.7209,2026-08-19
4940-KHCWD,0.0421,Unlikely to churn,0.9579,2026-08-19
9412-ARGBX,0.1453,Unlikely to churn,0.8547,2026-08-19
1389-CXMLU,0.6501,Likely to churn,0.6501,2026-08-19
9589-ABEPT,0.0675,Unlikely to churn,0.9325,2026-08-19
9388-ZEYVT,0.0979,Unlikely to churn,0.9021,2026-08-19
0305-SQECB,0.3364,Unlikely to churn,0.6636,2026-08-19
7605-SNLQG,0.1356,Unlikely to churn,0.8644,2026-08-19
4670-TABXH,0.0554,Unlikely to churn,0.9446,2026-08-19
5561-NWEVX,0.6564,Likely to churn,0.6564,2026-08-19
0064-SUDOG,0.3474,Unlikely to churn,0.6526,2026-08-19
8561-NMTBD,0.0719,Unlikely to churn,0.9281,2026-08-19
5161-XEUVX,0.2502,Unlikely to churn,0.7498,2026-08-19
8292-FRFZQ,0.1106,Unlikely to churn,0.8894,2026-08-19
8591-NXRCV,0.1425,Unlikely to churn,0.8575,2026-08-19
7895-VONWT,0.2125,Unlikely to churn,0.7875,2026-08-19
4526-RMTLL,0.4439,Unlikely to churn,0.5561,2026-08-19
6253-GNHWH,0.037,Unlikely to churn,0.963,2026-08-19
4566-NECEV,0.6078,Likely to churn,0.6078,2026-08-19
8080-POTJR,0.2311,Unlikely to churn,0.7689,2026-08-19
6906-MPARY,0.2113,Unlikely to churn,0.7887,2026-08-19
3662-FXJFO,0.0696,Unlikely to churn,0.9304,2026-08-19
8107-RZLNV,0.0622,Unlikely to churn,0.9378,2026-08-19
0516-OOHAR,0.3198,Unlikely to churn,0.6802,2026-08-19
2027-CWDNU,0.4566,Unlikely to churn,0.5434,2026-08-19
2737-WFVYW,0.4741,Unlikely to churn,0.5259,2026-08-19
9912-OMZDS,0.1083,Unlikely to churn,0.8917,2026-08-19
3733-ZEECP,0.3184,Unlikely to churn,0.6816,2026-08-19
7878-RTCZG,0.4694,Unlikely to churn,0.5306,2026-08-19
2452-MRMZF,0.034,Unlikely to churn,0.966,2026-08-19
2272-QAGFO,0.5457,Likely to churn,0.5457,2026-08-19
7103-IPXPJ,0.1652,Unlikely to churn,0.8348,2026-08-19
4342-HFXWS,0.0992,Unlikely to churn,0.9008,2026-08-19
3545-CNWRG,0.1692,Unlikely to churn,0.8308,2026-08-19
1785-BPHTP,0.3442,Unlikely to churn,0.6558,2026-08-19
4989-LIXVT,0.0744,Unlikely to churn,0.9256,2026-08-19
7315-WYOAW,0.5335,Likely to churn,0.5335,2026-08-19
1173-XZPYF,0.5533,Likely to churn,0.5533,2026-08-19
9850-OWRHQ,0.667,Likely to churn,0.667,2026-08-19
3768-NLUBH,0.127,Unlikely to churn,0.873,2026-08-19
8676-TRMJS,0.6704,Likely to churn,0.6704,2026-08-19
2509-TFPJU,0.034,Unlikely to churn,0.966,2026-08-19
9530-GRMJG,0.0402,Unlikely to churn,0.9598,2026-08-19
6898-RBTLU,0.1099,Unlikely to churn,0.8901,2026-08-19
5481-NTDOH,0.0782,Unlikely to churn,0.9218,2026-08-19
2068-WWXQZ,0.0974,Unlikely to churn,0.9026,2026-08-19
7359-SSBJK,0.0499,Unlikely to churn,0.9501,2026-08-19
2061-VVFST,0.1401,Unlikely to churn,0.8599,2026-08-19
0685-MLYYM,0.6649,Likely to churn,0.6649,2026-08-19
0749-IRGQE,0.3503,Unlikely to churn,0.6497,2026-08-19
2380-DAMQP,0.0509,Unlikely to churn,0.9491,2026-08-19
2256-YLYLP,0.0436,Unlikely to churn,0.9564,2026-08-19
1272-ILHFG,0.3139,Unlikely to churn,0.6861,2026-08-19
0164-XAIRP,0.2306,Unlikely to churn,0.7694,2026-08-19
5666-CYCYZ,0.404,Unlikely to churn,0.596,2026-08-19
4011-ARPHK,0.2674,Unlikely to churn,0.7326,2026-08-19
8182-PNAGI,0.4237,Unlikely to churn,0.5763,2026-08-19
6365-HITVU,0.034,Unlikely to churn,0.966,2026-08-19
7558-IMLMT,0.0393,Unlikely to churn,0.9607,2026-08-19
9488-FYQAU,0.0814,Unlikely to churn,0.9186,2026-08-19
3590-TCXTB,0.4713,Unlikely to churn,0.5287,2026-08-19
6994-KERXL,0.5404,Likely to churn,0.5404,2026-08-19
7957-RYHQD,0.2122,Unlikely to churn,0.7878,2026-08-19
2180-DXNEG,0.5253,Likely to churn,0.5253,2026-08-19
1960-UOTYM,0.0821,Unlikely to churn,0.9179,2026-08-19
2740-JFBOK,0.3835,Unlikely to churn,0.6165,2026-08-19
6500-JVEGC,0.0685,Unlikely to churn,0.9315,2026-08-19
5515-AKOAJ,0.1424,Unlikely to churn,0.8576,2026-08-19
8976-OQHGT,0.498,Unlikely to churn,0.502,2026-08-19
5245-VDBUR,0.0686,Unlikely to churn,0.9314,2026-08-19
6230-BSUXY,0.6482,Likely to churn,0.6482,2026-08-19
8469-SNFFH,0.0372,Unlikely to churn,0.9628,2026-08-19
2144-ESWKO,0.1005,Unlikely to churn,0.8995,2026-08-19
1241-FPMOF,0.0749,Unlikely to churn,0.9251,2026-08-19
9928-BZVLZ,0.2985,Unlikely to churn,0.7015,2026-08-19
4114-QMKVN,0.082,Unlikely to churn,0.918,2026-08-19
2775-SEFEE,0.5224,Likely to churn,0.5224,2026-08-19
9003-CPATH,0.2291,Unlikely to churn,0.7709,2026-08-19
1754-GKYPY,0.4276,Unlikely to churn,0.5724,2026-08-19
5294-CDGWY,0.0629,Unlikely to churn,0.9371,2026-08-19
7956-XQWGU,0.2062,Unlikely to churn,0.7938,2026-08-19
1591-MQJTP,0.1463,Unlikely to churn,0.8537,2026-08-19
5295-PCJOO,0.5132,Likely to churn,0.5132,2026-08-19
2369-FEVNO,0.4694,Unlikely to churn,0.5306,2026-08-19
9863-JZAIC,0.2135,Unlikely to churn,0.7865,2026-08-19
7471-MQPOS,0.0381,Unlikely to churn,0.9619,2026-08-19
7660-HDPJV,0.6695,Likely to churn,0.6695,2026-08-19
5115-SQAAU,0.0388,Unlikely to churn,0.9612,2026-08-19
9845-QOMAD,0.3244,Unlikely to churn,0.6756,2026-08-19
7672-VFMXZ,0.0757,Unlikely to churn,0.9243,2026-08-19
9739-JLPQJ,0.0528,Unlikely to churn,0.9472,2026-08-19
9916-AYHTC,0.0892,Unlikely to churn,0.9108,2026-08-19
3855-ONCAR,0.6338,Likely to churn,0.6338,2026-08-19
1488-SYSFC,0.1803,Unlikely to churn,0.8197,2026-08-19
7931-PXHFC,0.1568,Unlikely to churn,0.8432,2026-08-19
3990-QYKBE,0.2794,Unlikely to churn,0.7206,2026-08-19
0970-QXPXW,0.4684,Unlikely to churn,0.5316,2026-08-19
3259-KNMRR,0.0788,Unlikely to churn,0.9212,2026-08-19
6120-RJKLU,0.0537,Unlikely to churn,0.9463,2026-08-19
9572-WUKSB,0.4432,Unlikely to churn,0.5568,2026-08-19
5893-KCLGT,0.0308,Unlikely to churn,0.9692,2026-08-19
0076-LVEPS,0.1504,Unlikely to churn,0.8496,2026-08-19
3640-JQGJG,0.434,Unlikely to churn,0.566,2026-08-19
4919-MOAVT,0.6502,Likely to churn,0.6502,2026-08-19
1596-OQSPS,0.4387,Unlikely to churn,0.5613,2026-08-19
9867-XOBQA,0.1977,Unlikely to churn,0.8023,2026-08-19
9546-KDTRB,0.2923,Unlikely to churn,0.7077,2026-08-19
3090-HAWSU,0.0919,Unlikely to churn,0.9081,2026-08-19
9820-RMCQV,0.4282,Unlikely to churn,0.5718,2026-08-19
3174-RKMOW,0.2495,Unlikely to churn,0.7505,2026-08-19
1760-CAZHT,0.2261,Unlikely to churn,0.7739,2026-08-19
7839-QRKXN,0.4707,Unlikely to churn,0.5293,2026-08-19
8441-SHIPE,0.0425,Unlikely to churn,0.9575,2026-08-19
5204-QZXPU,0.2703,Unlikely to churn,0.7297,2026-08-19
4597-ELFTS,0.0683,Unlikely to churn,0.9317,2026-08-19
1320-GVNHT,0.0542,Unlikely to churn,0.9458,2026-08-19
1047-RNXZV,0.1097,Unlikely to churn,0.8903,2026-08-19
3541-ZNUHK,0.1285,Unlikely to churn,0.8715,2026-08-19
8450-JOVAH,0.5669,Likely to churn,0.5669,2026-08-19
8725-JEDFD,0.3744,Unlikely to churn,0.6256,2026-08-19
7562-UXTPG,0.54,Likely to churn,0.54,2026-08-19
8071-SBTRN,0.0619,Unlikely to churn,0.9381,2026-08-19
1113-IUJYX,0.4538,Unlikely to churn,0.5462,2026-08-19
6668-CNMFP,0.4606,Unlikely to churn,0.5394,2026-08-19
5626-MGTUK,0.4479,Unlikely to churn,0.5521,2026-08-19
5681-LLOEI,0.1932,Unlikely to churn,0.8068,2026-08-19
8212-DJRCH,0.5827,Likely to churn,0.5827,2026-08-19
4323-OHFOW,0.067,Unlikely to churn,0.933,2026-08-19
4933-BSAIP,0.1233,Unlikely to churn,0.8767,2026-08-19
2030-BTZRO,0.4138,Unlikely to churn,0.5862,2026-08-19
1116-DXXDF,0.2196,Unlikely to churn,0.7804,2026-08-19
9274-CNFMO,0.6598,Likely to churn,0.6598,2026-08-19
7758-XKCBS,0.3115,Unlikely to churn,0.6885,2026-08-19
8992-JQYUN,0.4623,Unlikely to churn,0.5377,2026-08-19
6563-VNPMN,0.1657,Unlikely to churn,0.8343,2026-08-19
0617-AQNWT,0.0348,Unlikely to churn,0.9652,2026-08-19
2267-WTPYD,0.1152,Unlikely to churn,0.8848,2026-08-19
0270-THENM,0.0347,Unlikely to churn,0.9653,2026-08-19
2446-PLQVO,0.6736,Likely to churn,0.6736,2026-08-19
4707-MAXGU,0.034,Unlikely to churn,0.966,2026-08-19
2710-WYVXG,0.481,Unlikely to churn,0.519,2026-08-19
3005-NFMTA,0.1342,Unlikely to churn,0.8658,2026-08-19
6300-BWMJX,0.105,Unlikely to churn,0.895,2026-08-19
8784-CGILN,0.4713,Unlikely to churn,0.5287,2026-08-19
5389-FFVKB,0.3234,Unlikely to churn,0.6766,2026-08-19
7009-LGECI,0.518,Likely to churn,0.518,2026-08-19
8444-WRIDW,0.0889,Unlikely to churn,0.9111,2026-08-19
5022-KVDQT,0.3805,Unlikely to churn,0.6195,2026-08-19
7976-CICYS,0.4379,Unlikely to churn,0.5621,2026-08-19
1036-GUDCL,0.0578,Unlikely to churn,0.9422,2026-08-19
2005-DWQZJ,0.3859,Unlikely to churn,0.6141,2026-08-19
8148-WOCMK,0.3881,Unlikely to churn,0.6119,2026-08-19
7815-PDTHL,0.1533,Unlikely to churn,0.8467,2026-08-19
9451-LPGOO,0.632,Likely to churn,0.632,2026-08-19
9173-IVZVP,0.0731,Unlikely to churn,0.9269,2026-08-19
9129-UXERG,0.4423,Unlikely to churn,0.5577,2026-08-19
3635-JBPSG,0.3057,Unlikely to churn,0.6943,2026-08-19
7964-ZRKKG,0.0816,Unlikely to churn,0.9184,2026-08-19
5868-YWPDW,0.59,Likely to churn,0.59,2026-08-19
6229-LSCKB,0.615,Likely to churn,0.615,2026-08-19
2025-JKFWI,0.5262,Likely to churn,0.5262,2026-08-19
4078-SAYYN,0.5567,Likely to churn,0.5567,2026-08-19
1724-IQWNM,0.4669,Unlikely to churn,0.5331,2026-08-19
8217-QYOHV,0.4831,Unlikely to churn,0.5169,2026-08-19
5546-QUERU,0.3355,Unlikely to churn,0.6645,2026-08-19
9940-HPQPG,0.5425,Likely to churn,0.5425,2026-08-19
6897-UUBNU,0.3098,Unlikely to churn,0.6902,2026-08-19
6127-IYJOZ,0.5778,Likely to churn,0.5778,2026-08-19
6618-RYATB,0.6682,Likely to churn,0.6682,2026-08-19
8930-XOTDP,0.3793,Unlikely to churn,0.6207,2026-08-19
5916-QEWPT,0.5288,Likely to churn,0.5288,2026-08-19
5060-TQUQN,0.3164,Unlikely to churn,0.6836,2026-08-19
0531-XBKMM,0.0504,Unlikely to churn,0.9496,2026-08-19
8465-SBRXP,0.2434,Unlikely to churn,0.7566,2026-08-19
2408-PSJVE,0.1224,Unlikely to churn,0.8776,2026-08-19
9079-YEXQJ,0.1223,Unlikely to churn,0.8777,2026-08-19
9700-ZCLOT,0.4582,Unlikely to churn,0.5418,2026-08-19
8738-JOKAR,0.1236,Unlikely to churn,0.8764,2026-08-19
4534-WGCIR,0.0629,Unlikely to churn,0.9371,2026-08-19
1930-WNXSB,0.1086,Unlikely to churn,0.8914,2026-08-19
2685-SREOM,0.391,Unlikely to churn,0.609,2026-08-19
3508-CFVZL,0.05,Unlikely to churn,0.95,2026-08-19
0402-CQAJN,0.2405,Unlikely to churn,0.7595,2026-08-19
6692-UDPJC,0.5286,Likely to churn,0.5286,2026-08-19
1273-MTETI,0.6308,Likely to churn,0.6308,2026-08-19
0657-DOGUM,0.1194,Unlikely to churn,0.8806,2026-08-19
5480-HPRRX,0.4687,Unlikely to churn,0.5313,2026-08-19
8792-AOROI,0.4442,Unlikely to churn,0.5558,2026-08-19
0295-PPHDO,0.6872,Likely to churn,0.6872,2026-08-19
5146-YYFRZ,0.0388,Unlikely to churn,0.9612,2026-08-19
1195-OIYEJ,0.538,Likely to churn,0.538,2026-08-19
5906-CVLHP,0.1228,Unlikely to churn,0.8772,2026-08-19
3452-SRFEG,0.1901,Unlikely to churn,0.8099,2026-08-19
4070-OKWVH,0.1425,Unlikely to churn,0.8575,2026-08-19
5297-MDOIR,0.0867,Unlikely to churn,0.9133,2026-08-19
6369-MCAKO,0.04,Unlikely to churn,0.96,2026-08-19
4926-UMJZD,0.2289,Unlikely to churn,0.7711,2026-08-19
6848-HJTXY,0.044,Unlikely to churn,0.956,2026-08-19
6341-AEVKX,0.0787,Unlikely to churn,0.9213,2026-08-19
4501-EQDRN,0.6714,Likely to churn,0.6714,2026-08-19
2990-HWIML,0.6113,Likely to churn,0.6113,2026-08-19
0682-USIXD,0.4238,Unlikely to churn,0.5762,2026-08-19
6976-BWGLQ,0.0337,Unlikely to churn,0.9663,2026-08-19
7078-NVFAM,0.1574,Unlikely to churn,0.8426,2026-08-19
8065-QBYTO,0.0585,Unlikely to churn,0.9415,2026-08-19
2133-TSRRM,0.2439,Unlikely to churn,0.7561,2026-08-19
7384-GHBPI,0.4651,Unlikely to churn,0.5349,2026-08-19
7603-USHJS,0.5665,Likely to churn,0.5665,2026-08-19
7234-FECYN,0.5935,Likely to churn,0.5935,2026-08-19
2511-ALLCS,0.1625,Unlikely to churn,0.8375,2026-08-19
3191-CSNMG,0.6515,Likely to churn,0.6515,2026-08-19
7952-OBOYL,0.6033,Likely to churn,0.6033,2026-08-19
7470-DYNOE,0.0976,Unlikely to churn,0.9024,2026-08-19
7853-OETYL,0.4282,Unlikely to churn,0.5718,2026-08-19
1545-ACTAS,0.1543,Unlikely to churn,0.8457,2026-08-19
5876-HZVZM,0.4721,Unlikely to churn,0.5279,2026-08-19
1400-MMYXY,0.6245,Likely to churn,0.6245,2026-08-19
5126-RCXYW,0.0627,Unlikely to churn,0.9373,2026-08-19
3085-QUOZK,0.57,Likely to churn,0.57,2026-08-19
2363-BJLSL,0.0541,Unlikely to churn,0.9459,2026-08-19
1956-YIFGE,0.3825,Unlikely to churn,0.6175,2026-08-19
3926-CUQZX,0.5747,Likely to churn,0.5747,2026-08-19
7921-LMDFQ,0.1471,Unlikely to churn,0.8529,2026-08-19
2925-MXLSX,0.2322,Unlikely to churn,0.7678,2026-08-19
5820-PTRYM,0.0691,Unlikely to churn,0.9309,2026-08-19
9609-BENEA,0.1932,Unlikely to churn,0.8068,2026-08-19
6211-WHMYA,0.0388,Unlikely to churn,0.9612,2026-08-19
4459-BBGHE,0.1936,Unlikely to churn,0.8064,2026-08-19
9945-PSVIP,0.2199,Unlikely to churn,0.7801,2026-08-19
1041-RXHRA,0.2408,Unlikely to churn,0.7592,2026-08-19
1750-CSKKM,0.4797,Unlikely to churn,0.5203,2026-08-19
9108-EJFJP,0.5207,Likely to churn,0.5207,2026-08-19
0530-IJVDB,0.0551,Unlikely to churn,0.9449,2026-08-19
0508-SQWPL,0.0606,Unlikely to churn,0.9394,2026-08-19
2215-ZAFGX,0.6048,Likely to churn,0.6048,2026-08-19
8213-TAZPM,0.0622,Unlikely to churn,0.9378,2026-08-19
7142-HVGBG,0.1959,Unlikely to churn,0.8041,2026-08-19
1304-SEGFY,0.0644,Unlikely to churn,0.9356,2026-08-19
7242-EDTYC,0.1052,Unlikely to churn,0.8948,2026-08-19
2904-GGUAZ,0.0614,Unlikely to churn,0.9386,2026-08-19
8267-ZNYVZ,0.2476,Unlikely to churn,0.7524,2026-08-19
5136-GFPMB,0.1424,Unlikely to churn,0.8576,2026-08-19
2595-KIWPV,0.2071,Unlikely to churn,0.7929,2026-08-19
5243-SAOTC,0.1448,Unlikely to churn,0.8552,2026-08-19
9398-MMQTO,0.6273,Likely to churn,0.6273,2026-08-19
7619-PLRLP,0.0858,Unlikely to churn,0.9142,2026-08-19
6457-GIRWB,0.6701,Likely to churn,0.6701,2026-08-19
6508-NJYRO,0.3108,Unlikely to churn,0.6892,2026-08-19
1450-SKCVI,0.1224,Unlikely to churn,0.8776,2026-08-19
4710-NKCAW,0.4745,Unlikely to churn,0.5255,2026-08-19
5306-BVTKJ,0.1111,Unlikely to churn,0.8889,2026-08-19
0357-NVCRI,0.2239,Unlikely to churn,0.7761,2026-08-19
5570-PTWEH,0.671,Likely to churn,0.671,2026-08-19
2371-KFUOG,0.1017,Unlikely to churn,0.8983,2026-08-19
0463-ZSDNT,0.4739,Unlikely to churn,0.5261,2026-08-19
6502-MJQAE,0.671,Likely to churn,0.671,2026-08-19
6257-DTAYD,0.0628,Unlikely to churn,0.9372,2026-08-19
4616-ULAOA,0.0765,Unlikely to churn,0.9235,2026-08-19
7693-LCKZL,0.6278,Likely to churn,0.6278,2026-08-19
7746-AWNQW,0.1854,Unlikely to churn,0.8146,2026-08-19
5996-EBTKM,0.0516,Unlikely to churn,0.9484,2026-08-19
2758-RNWXS,0.2517,Unlikely to churn,0.7483,2026-08-19
2314-TNDJQ,0.0231,Unlikely to churn,0.9769,2026-08-19
2405-LBMUW,0.0417,Unlikely to churn,0.9583,2026-08-19
3454-JFUBC,0.0371,Unlikely to churn,0.9629,2026-08-19
0032-PGELS,0.4689,Unlikely to churn,0.5311,2026-08-19
9039-ZVJDC,0.4429,Unlikely to churn,0.5571,2026-08-19
6797-LNAQX,0.0708,Unlikely to churn,0.9292,2026-08-19
9013-AQORL,0.0808,Unlikely to churn,0.9192,2026-08-19
2898-MRKPI,0.0806,Unlikely to churn,0.9194,2026-08-19
2750-BJLSB,0.1458,Unlikely to churn,0.8542,2026-08-19
3648-GZPHF,0.1599,Unlikely to churn,0.8401,2026-08-19
2075-RMJIK,0.5015,Likely to churn,0.5015,2026-08-19
9588-YRFHY,0.0856,Unlikely to churn,0.9144,2026-08-19
6394-MFYNG,0.1719,Unlikely to churn,0.8281,2026-08-19
1564-NTYXF,0.5447,Likely to churn,0.5447,2026-08-19
9364-YKUVW,0.3144,Unlikely to churn,0.6856,2026-08-19
5392-AKEMH,0.4465,Unlikely to churn,0.5535,2026-08-19
2451-YMUXS,0.0474,Unlikely to churn,0.9526,2026-08-19
3914-FDRHP,0.5641,Likely to churn,0.5641,2026-08-19
3078-ZKNTS,0.3348,Unlikely to churn,0.6652,2026-08-19
1024-KPRBB,0.2589,Unlikely to churn,0.7411,2026-08-19
4690-PKDQG,0.2124,Unlikely to churn,0.7876,2026-08-19
8155-IBNHG,0.4338,Unlikely to churn,0.5662,2026-08-19
0886-QGENL,0.3334,Unlikely to churn,0.6666,2026-08-19
9547-ITEFG,0.543,Likely to churn,0.543,2026-08-19
1264-FUHCX,0.0774,Unlikely to churn,0.9226,2026-08-19
7789-CRUVC,0.083,Unlikely to churn,0.917,2026-08-19
6598-KELSS,0.0713,Unlikely to churn,0.9287,2026-08-19
8739-WWKDU,0.3926,Unlikely to churn,0.6074,2026-08-19
8685-WHQPW,0.4528,Unlikely to churn,0.5472,2026-08-19
4745-LSPLO,0.4719,Unlikely to churn,0.5281,2026-08-19
8083-YTZES,0.6575,Likely to churn,0.6575,2026-08-19
7240-FQLHE,0.4709,Unlikely to churn,0.5291,2026-08-19
6664-FPDAC,0.114,Unlikely to churn,0.886,2026-08-19
9972-VAFJJ,0.1159,Unlikely to churn,0.8841,2026-08-19
0422-UXFAP,0.1576,Unlikely to churn,0.8424,2026-08-19
1904-WAJAA,0.2704,Unlikely to churn,0.7296,2026-08-19
5130-YPIRV,0.0561,Unlikely to churn,0.9439,2026-08-19
2843-CQMEG,0.2935,Unlikely to churn,0.7065,2026-08-19
6439-PKTRR,0.038,Unlikely to churn,0.962,2026-08-19
5351-QESIO,0.4874,Unlikely to churn,0.5126,2026-08-19
0786-VSSUD,0.2965,Unlikely to churn,0.7035,2026-08-19
5568-DMXZS,0.444,Unlikely to churn,0.556,2026-08-19
8468-FZTOE,0.0313,Unlikely to churn,0.9687,2026-08-19
6633-SYEUS,0.3478,Unlikely to churn,0.6522,2026-08-19
6447-GORXK,0.1914,Unlikely to churn,0.8086,2026-08-19
6967-PEJLL,0.1185,Unlikely to churn,0.8815,2026-08-19
3976-BWUCK,0.3158,Unlikely to churn,0.6842,2026-08-19
5981-ZVXOT,0.2445,Unlikely to churn,0.7555,2026-08-19
1684-FLBGS,0.2975,Unlikely to churn,0.7025,2026-08-19
1389-WNUIB,0.3522,Unlikely to churn,0.6478,2026-08-19
0376-OIWME,0.2569,Unlikely to churn,0.7431,2026-08-19
3585-ISXZP,0.6137,Likely to churn,0.6137,2026-08-19
0218-QNVAS,0.0702,Unlikely to churn,0.9298,2026-08-19
6583-QGCSI,0.1637,Unlikely to churn,0.8363,2026-08-19
0804-YGEQV,0.118,Unlikely to churn,0.882,2026-08-19
7164-BPTUT,0.0658,Unlikely to churn,0.9342,2026-08-19
4174-LPGTI,0.1478,Unlikely to churn,0.8522,2026-08-19
2523-EWWZL,0.3601,Unlikely to churn,0.6399,2026-08-19
0928-XUTSN,0.5385,Likely to churn,0.5385,2026-08-19
2108-XWMPY,0.4219,Unlikely to churn,0.5781,2026-08-19
0052-YNYOT,0.0391,Unlikely to churn,0.9609,2026-08-19
6304-IJFSQ,0.527,Likely to churn,0.527,2026-08-19
9586-JGQKH,0.0867,Unlikely to churn,0.9133,2026-08-19
4501-VCPFK,0.2,Unlikely to churn,0.8,2026-08-19
6075-SLNIL,0.244,Unlikely to churn,0.756,2026-08-19
9347-AERRL,0.2383,Unlikely to churn,0.7617,2026-08-19
0093-XWZFY,0.2233,Unlikely to churn,0.7767,2026-08-19
2274-XUATA,0.0219,Unlikely to churn,0.9781,2026-08-19
1980-KXVPM,0.6706,Likely to churn,0.6706,2026-08-19
7703-ZEKEF,0.4242,Unlikely to churn,0.5758,2026-08-19
0723-DRCLG,0.6888,Likely to churn,0.6888,2026-08-19
5482-NUPNA,0.4694,Unlikely to churn,0.5306,2026-08-19
6691-CCIHA,0.0581,Unlikely to churn,0.9419,2026-08-19
1685-BQULA,0.2222,Unlikely to churn,0.7778,2026-08-19
9053-EJUNL,0.2332,Unlikely to churn,0.7668,2026-08-19
0666-UXTJO,0.283,Unlikely to churn,0.717,2026-08-19
1471-GIQKQ,0.5504,Likely to churn,0.5504,2026-08-19
4807-IZYOZ,0.0794,Unlikely to churn,0.9206,2026-08-19
1122-JWTJW,0.6749,Likely to churn,0.6749,2026-08-19
9710-NJERN,0.1305,Unlikely to churn,0.8695,2026-08-19
9837-FWLCH,0.3432,Unlikely to churn,0.6568,2026-08-19
1699-HPSBG,0.419,Unlikely to churn,0.581,2026-08-19
7203-OYKCT,0.0608,Unlikely to churn,0.9392,2026-08-19
1035-IPQPU,0.0879,Unlikely to churn,0.9121,2026-08-19
7398-LXGYX,0.1971,Unlikely to churn,0.8029,2026-08-19
2823-LKABH,0.4513,Unlikely to churn,0.5487,2026-08-19
8775-CEBBJ,0.4779,Unlikely to churn,0.5221,2026-08-19
0550-DCXLH,0.376,Unlikely to churn,0.624,2026-08-19
9281-CEDRU,0.045,Unlikely to churn,0.955,2026-08-19
2235-DWLJU,0.4243,Unlikely to churn,0.5757,2026-08-19
0871-OPBXW,0.4584,Unlikely to churn,0.5416,2026-08-19
3605-JISKB,0.0882,Unlikely to churn,0.9118,2026-08-19
6894-LFHLY,0.6934,Likely to churn,0.6934,2026-08-19
9767-FFLEM,0.2649,Unlikely to churn,0.7351,2026-08-19
0639-TSIQW,0.0734,Unlikely to churn,0.9266,2026-08-19
8456-QDAVC,0.4609,Unlikely to churn,0.5391,2026-08-19
7750-EYXWZ,0.2988,Unlikely to churn,0.7012,2026-08-19
2569-WGERO,0.0315,Unlikely to churn,0.9685,2026-08-19
6840-RESVB,0.2672,Unlikely to churn,0.7328,2026-08-19
2234-XADUH,0.0592,Unlikely to churn,0.9408,2026-08-19
4801-JZAZL,0.3526,Unlikely to churn,0.6474,2026-08-19
8361-LTMKD,0.6577,Likely to churn,0.6577,2026-08-19
3186-AJIEK,0.0676,Unlikely to churn,0.9324,2026-08-19
