customer_id,risk_score,prediction,confidence,scoring_date
7590-VHVEG,0.5737,Likely to churn,0.5737,2026-09-13
5575-GNVDE,0.1104,Unlikely to churn,0.8896,2026-09-13
3668-QPYBK,0.4751,Unlikely to churn,0.5249,2026-09-13
7795-CFOCW,0.1124,Unlikely to churn,0.8876,2026-09-13
9237-HQITU,0.4588,Unlikely to churn,0.5412,2026-09-13
9305-CDSKC,0.4748,Unlikely to churn,0.5252,2026-09-13
1452-KIOVK,0.2259,Unlikely to churn,0.7741,2026-09-13
6713-OKOMC,0.3525,Unlikely to churn,0.6475,2026-09-13
7892-POOKP,0.3393,Unlikely to churn,0.6607,2026-09-13
6388-TABGU,0.0055,Unlikely to churn,0.9945,2026-09-13
9763-GRSKD,0.3536,Unlikely to churn,0.6464,2026-09-13
7469-LKBCI,0.1951,Unlikely to churn,0.8049,2026-09-13
8091-TTVAX,0.0859,Unlikely to churn,0.9141,2026-09-13
0280-XJGEX,0.1768,Unlikely to churn,0.8232,2026-09-13
5129-JLPIS,0.3375,Unlikely to churn,0.6625,2026-09-13
3655-SNQYZ,0.0121,Unlikely to churn,0.9879,2026-09-13
8191-XWSZG,0.0665,Unlikely to churn,0.9335,2026-09-13
9959-WOFKT,0.0109,Unlikely to churn,0.9891,2026-09-13
4190-MFLUW,0.2393,Unlikely to churn,0.7607,2026-09-13
4183-MYFRB,0.2872,Unlikely to churn,0.7128,2026-09-13
8779-QRDMV,0.5781,Likely to churn,0.5781,2026-09-13
1680-VDCWW,0.1864,Unlikely to churn,0.8136,2026-09-13
1066-JKSGK,0.3821,Unlikely to churn,0.6179,2026-09-13
3638-WEABW,0.0661,Unlikely to churn,0.9339,2026-09-13
6322-HRPFA,0.0373,Unlikely to churn,0.9627,2026-09-13
6865-JZNKO,0.168,Unlikely to churn,0.832,2026-09-13
6467-CHFZW,0.1934,Unlikely to churn,0.8066,2026-09-13
8665-UTDHZ,0.4302,Unlikely to churn,0.5698,2026-09-13
5248-YGIJN,0.0525,Unlikely to churn,0.9475,2026-09-13
8773-HHUOZ,0.3751,Unlikely to churn,0.6249,2026-09-13
3841-NFECX,0.1169,Unlikely to churn,0.8831,2026-09-13
4929-XIHVW,0.5337,Likely to churn,0.5337,2026-09-13
6827-IEAUQ,0.0958,Unlikely to churn,0.9042,2026-09-13
7310-EGVHZ,0.2675,Unlikely to churn,0.7325,2026-09-13
3413-BMNZE,0.4125,Unlikely to churn,0.5875,2026-09-13
6234-RAAPL,0.0605,Unlikely to churn,0.9395,2026-09-13
6047-YHPVI,0.4793,Unlikely to churn,0.5207,2026-09-13
6572-ADKRS,0.0964,Unlikely to churn,0.9036,2026-09-13
5380-WJKOV,0.2585,Unlikely to churn,0.7415,2026-09-13
8168-UQWWF,0.4375,Unlikely to churn,0.5625,2026-09-13
8865-TNMNX,0.295,Unlikely to churn,0.705,2026-09-13
9489-DEDVP,0.0451,Unlikely to churn,0.9549,2026-09-13
9867-JCZSP,0.1618,Unlikely to churn,0.8382,2026-09-13
4671-VJLCL,0.0459,Unlikely to churn,0.9541,2026-09-13
4080-IIARD,0.2984,Unlikely to churn,0.7016,2026-09-13
3714-NTNFO,0.1579,Unlikely to churn,0.8421,2026-09-13
5948-UJZLF,0.408,Unlikely to churn,0.592,2026-09-13
7760-OYPDY,0.5161,Likely to churn,0.5161,2026-09-13
7639-LIAYI,0.1133,Unlikely to churn,0.8867,2026-09-13
2954-PIBKO,0.0365,Unlikely to churn,0.9635,2026-09-13
8012-SOUDQ,0.2096,Unlikely to churn,0.7904,2026-09-13
9420-LOJKX,0.3669,Unlikely to churn,0.6331,2026-09-13
6575-SUVOI,0.169,Unlikely to churn,0.831,2026-09-13
7495-OOKFY,0.427,Unlikely to churn,0.573,2026-09-13
4667-QONEA,0.0263,Unlikely to churn,0.9737,2026-09-13
1658-BYGOY,0.4599,Unlikely to churn,0.5401,2026-09-13
8769-KKTPH,0.0748,Unlikely to churn,0.9252,2026-09-13
5067-XJQFU,0.1378,Unlikely to churn,0.8622,2026-09-13
3957-SQXML,0.0596,Unlikely to churn,0.9404,2026-09-13
5954-BDFSG,0.0983,Unlikely to churn,0.9017,2026-09-13
0434-CSFON,0.1604,Unlikely to churn,0.8396,2026-09-13
1215-FIGMP,0.0693,Unlikely to churn,0.9307,2026-09-13
0526-SXDJP,0.0339,Unlikely to churn,0.9661,2026-09-13
0557-ASKVU,0.237,Unlikely to churn,0.763,2026-09-13
5698-BQJOH,0.4503,Unlikely to churn,0.5497,2026-09-13
5122-CYFXA,0.4741,Unlikely to churn,0.5259,2026-09-13
8627-ZYGSZ,0.1472,Unlikely to churn,0.8528,2026-09-13
3410-YOQBQ,0.1365,Unlikely to churn,0.8635,2026-09-13
3170-NMYVV,0.0662,Unlikely to churn,0.9338,2026-09-13
7410-OIEDU,0.3866,Unlikely to churn,0.6134,2026-09-13
2273-QCKXA,0.3532,Unlikely to churn,0.6468,2026-09-13
0731-EBJQB,0.0346,Unlikely to churn,0.9654,2026-09-13
1891-QRQSA,0.0561,Unlikely to churn,0.9439,2026-09-13
8028-PNXHQ,0.0523,Unlikely to churn,0.9477,2026-09-13
5630-AHZIL,0.3348,Unlikely to churn,0.6652,2026-09-13
2673-CXQEU,0.1312,Unlikely to churn,0.8688,2026-09-13
6416-JNVRK,0.0696,Unlikely to churn,0.9304,2026-09-13
5590-ZSKRV,0.2782,Unlikely to churn,0.7218,2026-09-13
0191-ZHSKZ,0.2727,Unlikely to churn,0.7273,2026-09-13
3887-PBQAO,0.0697,Unlikely to churn,0.9303,2026-09-13
5919-TMRGD,0.4786,Unlikely to churn,0.5214,2026-09-13
8108-UXRQN,0.3606,Unlikely to churn,0.6394,2026-09-13
9191-MYQKX,0.3813,Unlikely to churn,0.6187,2026-09-13
9919-YLNNG,0.147,Unlikely to churn,0.853,2026-09-13
0318-ZOPWS,0.0382,Unlikely to churn,0.9618,2026-09-13
4445-ZJNMU,0.4561,Unlikely to churn,0.5439,2026-09-13
4808-YNLEU,0.1567,Unlikely to churn,0.8433,2026-09-13
1862-QRWPE,0.0453,Unlikely to churn,0.9547,2026-09-13
2796-NNUFI,0.1016,Unlikely to churn,0.8984,2026-09-13
3016-KSVCP,0.2417,Unlikely to churn,0.7583,2026-09-13
4767-HZZHQ,0.1478,Unlikely to churn,0.8522,2026-09-13
2424-WVHPL,0.4409,Unlikely to churn,0.5591,2026-09-13
7233-PAHHL,0.0432,Unlikely to churn,0.9568,2026-09-13
6067-NGCEU,0.0779,Unlikely to churn,0.9221,2026-09-13
9848-JQJTX,0.012,Unlikely to churn,0.988,2026-09-13
8637-XJIVR,0.361,Unlikely to churn,0.639,2026-09-13
9803-FTJCG,0.0,Unlikely to churn,1.0,2026-09-13
0278-YXOOG,0.2787,Unlikely to churn,0.7213,2026-09-13
3212-KXOCR,0.0562,Unlikely to churn,0.9438,2026-09-13
4598-XLKNJ,0.3533,Unlikely to churn,0.6467,2026-09-13
6380-ARCEH,0.3342,Unlikely to churn,0.6658,2026-09-13
3679-XASPY,0.3472,Unlikely to churn,0.6528,2026-09-13
7123-WQUHX,0.1037,Unlikely to churn,0.8963,2026-09-13
5386-THSLQ,0.068,Unlikely to churn,0.932,2026-09-13
3192-NQECA,0.0473,Unlikely to churn,0.9527,2026-09-13
6180-YBIQI,0.428,Unlikely to churn,0.572,2026-09-13
6728-DKUCO,0.0411,Unlikely to churn,0.9589,2026-09-13
9750-BOOHV,0.1799,Unlikely to churn,0.8201,2026-09-13
8597-CWYHH,0.2009,Unlikely to churn,0.7991,2026-09-13
2848-YXSMW,0.0,Unlikely to churn,1.0,2026-09-13
0486-HECZI,0.1308,Unlikely to churn,0.8692,2026-09-13
4549-ZDQYY,0.0575,Unlikely to churn,0.9425,2026-09-13
5712-AHQNN,0.1421,Unlikely to churn,0.8579,2026-09-13
4846-WHAFZ,0.2263,Unlikely to churn,0.7737,2026-09-13
5256-SKJGO,0.0886,Unlikely to churn,0.9114,2026-09-13
3071-VBYPO,0.3073,Unlikely to churn,0.6927,2026-09-13
9560-BBZXK,0.1421,Unlikely to churn,0.8579,2026-09-13
5299-RULOA,0.4577,Unlikely to churn,0.5423,2026-09-13
8402-OOOHJ,0.1359,Unlikely to churn,0.8641,2026-09-13
9445-ZUEQE,0.1923,Unlikely to churn,0.8077,2026-09-13
1091-SOZGA,0.075,Unlikely to churn,0.925,2026-09-13
2928-HLDBA,0.3033,Unlikely to churn,0.6967,2026-09-13
0404-SWRVG,0.5249,Likely to churn,0.5249,2026-09-13
6497-TILVL,0.3429,Unlikely to churn,0.6571,2026-09-13
7219-TLZHO,0.3085,Unlikely to churn,0.6915,2026-09-13
4622-YNKIJ,0.2252,Unlikely to churn,0.7748,2026-09-13
4412-YLTKF,0.3618,Unlikely to churn,0.6382,2026-09-13
6734-PSBAW,0.0,Unlikely to churn,1.0,2026-09-13
3930-ZGWVE,0.3251,Unlikely to churn,0.6749,2026-09-13
2639-UGMAZ,0.063,Unlikely to churn,0.937,2026-09-13
2876-GZYZC,0.4071,Unlikely to churn,0.5929,2026-09-13
6207-WIOLX,0.2184,Unlikely to churn,0.7816,2026-09-13
8587-XYZSF,0.0514,Unlikely to churn,0.9486,2026-09-13
3091-FYHKI,0.5639,Likely to churn,0.5639,2026-09-13
2372-HWUHI,0.3595,Unlikely to churn,0.6405,2026-09-13
7799-LGRDP,0.0686,Unlikely to churn,0.9314,2026-09-13
7850-VWJUU,0.254,Unlikely to churn,0.746,2026-09-13
3774-VBNXY,0.0533,Unlikely to churn,0.9467,2026-09-13
6217-KDYWC,0.1127,Unlikely to churn,0.8873,2026-09-13
0390-DCFDQ,0.6625,Likely to churn,0.6625,2026-09-13
3146-MSEGF,0.0498,Unlikely to churn,0.9502,2026-09-13
4080-OGPJL,0.2372,Unlikely to churn,0.7628,2026-09-13
1095-WGNGG,0.0438,Unlikely to churn,0.9562,2026-09-13
2636-SJDOU,0.07,Unlikely to churn,0.93,2026-09-13
1131-QQZEB,0.0004,Unlikely to churn,0.9996,2026-09-13
5716-EZXZN,0.0366,Unlikely to churn,0.9634,2026-09-13
6837-BJYDQ,0.3056,Unlikely to churn,0.6944,2026-09-13
2135-RXIHG,0.5094,Likely to churn,0.5094,2026-09-13
6440-DKQGE,0.1386,Unlikely to churn,0.8614,2026-09-13
3466-BYAVD,0.2288,Unlikely to churn,0.7712,2026-09-13
3780-YVMFA,0.3732,Unlikely to churn,0.6268,2026-09-13
3874-EQOEP,0.4187,Unlikely to churn,0.5813,2026-09-13
1679-JRFBR,0.007,Unlikely to churn,0.993,2026-09-13
9073-ZZIAY,0.0249,Unlikely to churn,0.9751,2026-09-13
3077-RSNTJ,0.2614,Unlikely to churn,0.7386,2026-09-13
6551-GNYDG,0.3529,Unlikely to churn,0.6471,2026-09-13
9167-APMXZ,0.2792,Unlikely to churn,0.7208,2026-09-13
2749-CTKAJ,0.1784,Unlikely to churn,0.8216,2026-09-13
6371-NZYEG,0.1921,Unlikely to churn,0.8079,2026-09-13
7554-NEWDD,0.1925,Unlikely to churn,0.8075,2026-09-13
8992-VONJD,0.275,Unlikely to churn,0.725,2026-09-13
0867-MKZVY,0.2454,Unlikely to churn,0.7546,2026-09-13
4482-EWFMI,0.5779,Likely to churn,0.5779,2026-09-13
4648-YPBTM,0.0364,Unlikely to churn,0.9636,2026-09-13
2907-ILJBN,0.2493,Unlikely to churn,0.7507,2026-09-13
6345-FZOQH,0.0004,Unlikely to churn,0.9996,2026-09-13
3376-BMGFE,0.4634,Unlikely to churn,0.5366,2026-09-13
5997-OPVFA,0.0507,Unlikely to churn,0.9493,2026-09-13
3445-HXXGF,0.1082,Unlikely to churn,0.8918,2026-09-13
1159-WFSGR,0.1858,Unlikely to churn,0.8142,2026-09-13
7654-YWJUF,0.1013,Unlikely to churn,0.8987,2026-09-13
1875-QIVME,0.5729,Likely to churn,0.5729,2026-09-13
6727-IOTLZ,0.2452,Unlikely to churn,0.7548,2026-09-13
0691-JVSYA,0.0943,Unlikely to churn,0.9057,2026-09-13
5918-VUKWP,0.0627,Unlikely to churn,0.9373,2026-09-13
1744-JHKYS,0.1321,Unlikely to churn,0.8679,2026-09-13
2656-FMOKZ,0.4829,Unlikely to churn,0.5171,2026-09-13
2070-FNEXE,0.3371,Unlikely to churn,0.6629,2026-09-13
5947-SGKCL,0.3273,Unlikely to churn,0.6727,2026-09-13
3712-PKXZA,0.0536,Unlikely to churn,0.9464,2026-09-13
6317-YPKDH,0.4368,Unlikely to churn,0.5632,2026-09-13
6582-OIVSP,0.4235,Unlikely to churn,0.5765,2026-09-13
9367-WXLCH,0.3002,Unlikely to churn,0.6998,2026-09-13
5524-KHNJP,0.1386,Unlikely to churn,0.8614,2026-09-13
1918-ZBFQJ,0.3749,Unlikely to churn,0.6251,2026-09-13
1024-GUALD,0.6326,Likely to churn,0.6326,2026-09-13
4827-USJHP,0.3094,Unlikely to churn,0.6906,2026-09-13
8167-GJLRN,0.4008,Unlikely to churn,0.5992,2026-09-13
0956-SYCWG,0.1933,Unlikely to churn,0.8067,2026-09-13
8017-UVSZU,0.1585,Unlikely to churn,0.8415,2026-09-13
7100-FQPRV,0.1377,Unlikely to churn,0.8623,2026-09-13
2472-OVKUP,0.4317,Unlikely to churn,0.5683,2026-09-13
2984-RGEYA,0.0062,Unlikely to churn,0.9938,2026-09-13
9680-NIAUV,0.0812,Unlikely to churn,0.9188,2026-09-13
2146-EGVDT,0.0,Unlikely to churn,1.0,2026-09-13
2604-IJPDU,0.2659,Unlikely to churn,0.7341,2026-09-13
9178-JHUVJ,0.194,Unlikely to churn,0.806,2026-09-13
6168-YBYNP,0.1124,Unlikely to churn,0.8876,2026-09-13
7255-SSFBC,0.0551,Unlikely to churn,0.9449,2026-09-13
3645-DEYGF,0.2975,Unlikely to churn,0.7025,2026-09-13
9323-HGFWY,0.2935,Unlikely to churn,0.7065,2026-09-13
8544-GOQSH,0.3414,Unlikely to churn,0.6586,2026-09-13
3363-DTIVD,0.0545,Unlikely to churn,0.9455,2026-09-13
7018-WBJNK,0.3115,Unlikely to churn,0.6885,2026-09-13
9142-KZXOP,0.0351,Unlikely to churn,0.9649,2026-09-13
7674-YTAFD,0.1767,Unlikely to churn,0.8233,2026-09-13
6348-SNFUS,0.0077,Unlikely to churn,0.9923,2026-09-13
1285-OKIPP,0.3851,Unlikely to churn,0.6149,2026-09-13
7825-ECJRF,0.3308,Unlikely to churn,0.6692,2026-09-13
1347-KTTTA,0.0669,Unlikely to churn,0.9331,2026-09-13
7841-TZDMQ,0.4697,Unlikely to churn,0.5303,2026-09-13
4195-NZGTA,0.4418,Unlikely to churn,0.5582,2026-09-13
7157-SMCFK,0.0314,Unlikely to churn,0.9686,2026-09-13
4709-LKHYG,0.1073,Unlikely to churn,0.8927,2026-09-13
2504-DSHIH,0.2766,Unlikely to churn,0.7234,2026-09-13
0699-NDKJM,0.1318,Unlikely to churn,0.8682,2026-09-13
9286-BHDQG,0.0377,Unlikely to churn,0.9623,2026-09-13
0230-WEQUW,0.0916,Unlikely to churn,0.9084,2026-09-13
2040-LDIWQ,0.0404,Unlikely to churn,0.9596,2026-09-13
6496-JDSSB,0.3662,Unlikely to churn,0.6338,2026-09-13
9408-SSNVZ,0.488,Unlikely to churn,0.512,2026-09-13
4443-EMBNA,0.029,Unlikely to churn,0.971,2026-09-13
6469-MRVET,0.4033,Unlikely to churn,0.5967,2026-09-13
0742-MOABM,0.3415,Unlikely to churn,0.6585,2026-09-13
5961-VUSRV,0.2706,Unlikely to churn,0.7294,2026-09-13
6778-JFCMK,0.4074,Unlikely to churn,0.5926,2026-09-13
6341-JVQGF,0.261,Unlikely to churn,0.739,2026-09-13
2232-DMLXU,0.4761,Unlikely to churn,0.5239,2026-09-13
4811-JBUVU,0.1941,Unlikely to churn,0.8059,2026-09-13
0945-TSONX,0.0825,Unlikely to churn,0.9175,2026-09-13
2651-ZCBXV,0.0685,Unlikely to churn,0.9315,2026-09-13
3316-UWXUY,0.0735,Unlikely to churn,0.9265,2026-09-13
8937-RDTHP,0.5035,Likely to churn,0.5035,2026-09-13
7083-MIOPC,0.0547,Unlikely to churn,0.9453,2026-09-13
1984-GPTEH,0.1274,Unlikely to churn,0.8726,2026-09-13
1251-KRREG,0.4723,Unlikely to churn,0.5277,2026-09-13
0621-JFHOL,0.39,Unlikely to churn,0.61,2026-09-13
9903-LYSAB,0.3698,Unlikely to churn,0.6302,2026-09-13
0094-OIFMO,0.4773,Unlikely to churn,0.5227,2026-09-13
9227-UAQFT,0.1951,Unlikely to churn,0.8049,2026-09-13
7301-ABVAD,0.0031,Unlikely to churn,0.9969,2026-09-13
6614-FHDBO,0.0398,Unlikely to churn,0.9602,2026-09-13
7576-ASEJU,0.0595,Unlikely to churn,0.9405,2026-09-13
9058-HRZSV,0.0122,Unlikely to churn,0.9878,2026-09-13
4522-AKYLR,0.4442,Unlikely to churn,0.5558,2026-09-13
0221-WMXNQ,0.3768,Unlikely to churn,0.6232,2026-09-13
0303-UNCIP,0.0643,Unlikely to churn,0.9357,2026-09-13
9947-OTFQU,0.4525,Unlikely to churn,0.5475,2026-09-13
0322-YINQP,0.5719,Likely to churn,0.5719,2026-09-13
0959-WHOKV,0.1261,Unlikely to churn,0.8739,2026-09-13
4075-JFPGR,0.1015,Unlikely to churn,0.8985,2026-09-13
4629-NRXKX,0.3921,Unlikely to churn,0.6079,2026-09-13
9514-JDSKI,0.5522,Likely to churn,0.5522,2026-09-13
3282-ZISZV,0.0733,Unlikely to churn,0.9267,2026-09-13
3675-YDUPJ,0.3331,Unlikely to churn,0.6669,2026-09-13
4111-BNXIF,0.0966,Unlikely to churn,0.9034,2026-09-13
7017-VFHAY,0.0647,Unlikely to churn,0.9353,2026-09-13
6655-LHBYW,0.0766,Unlikely to churn,0.9234,2026-09-13
4959-JOSRX,0.4446,Unlikely to churn,0.5554,2026-09-13
5046-NUHWD,0.2627,Unlikely to churn,0.7373,2026-09-13
7273-TEFQD,0.56,Likely to churn,0.56,2026-09-13
3606-TWKGI,0.4806,Unlikely to churn,0.5194,2026-09-13
7529-ZDFXI,0.1361,Unlikely to churn,0.8639,2026-09-13
7605-BDWDC,0.1755,Unlikely to churn,0.8245,2026-09-13
1950-KSVVJ,0.1457,Unlikely to churn,0.8543,2026-09-13
0123-CRBRT,0.0736,Unlikely to churn,0.9264,2026-09-13
6292-TOSSS,0.0555,Unlikely to churn,0.9445,2026-09-13
3197-ARFOY,0.4003,Unlikely to churn,0.5997,2026-09-13
6323-AYBRX,0.0419,Unlikely to churn,0.9581,2026-09-13
7014-ZZXAW,0.0311,Unlikely to churn,0.9689,2026-09-13
4385-GZQXV,0.4355,Unlikely to churn,0.5645,2026-09-13
7633-MVPUY,0.0898,Unlikely to churn,0.9102,2026-09-13
6366-ZGQGL,0.4161,Unlikely to churn,0.5839,2026-09-13
4716-HHKQH,0.4058,Unlikely to churn,0.5942,2026-09-13
5940-AHUHD,0.4783,Unlikely to churn,0.5217,2026-09-13
6432-TWQLB,0.4784,Unlikely to churn,0.5216,2026-09-13
4484-GLZOU,0.1482,Unlikely to churn,0.8518,2026-09-13
3179-GBRWV,0.1818,Unlikely to churn,0.8182,2026-09-13
8645-KWHJO,0.4954,Unlikely to churn,0.5046,2026-09-13
4130-MZLCC,0.3092,Unlikely to churn,0.6908,2026-09-13
0314-TKOSI,0.3397,Unlikely to churn,0.6603,2026-09-13
8229-MYEJZ,0.2581,Unlikely to churn,0.7419,2026-09-13
2080-SRCDE,0.3421,Unlikely to churn,0.6579,2026-09-13
9577-WJVCQ,0.0559,Unlikely to churn,0.9441,2026-09-13
9512-UIBFX,0.2484,Unlikely to churn,0.7516,2026-09-13
6202-DYYFX,0.2713,Unlikely to churn,0.7287,2026-09-13
3808-HFKDE,0.3234,Unlikely to churn,0.6766,2026-09-13
5583-SXDAG,0.4415,Unlikely to churn,0.5585,2026-09-13
3488-PGMQJ,0.4597,Unlikely to churn,0.5403,2026-09-13
3580-REOAC,0.3535,Unlikely to churn,0.6465,2026-09-13
7534-BFESC,0.3631,Unlikely to churn,0.6369,2026-09-13
3727-OWVYD,0.1304,Unlikely to churn,0.8696,2026-09-13
2294-SALNE,0.2157,Unlikely to churn,0.7843,2026-09-13
4847-TAJYI,0.4998,Unlikely to churn,0.5002,2026-09-13
1563-IWQEX,0.2354,Unlikely to churn,0.7646,2026-09-13
8203-XJZRC,0.351,Unlikely to churn,0.649,2026-09-13
6556-DBKZF,0.0453,Unlikely to churn,0.9547,2026-09-13
6851-WEFYX,0.32,Unlikely to churn,0.68,2026-09-13
2985-JUUBZ,0.1099,Unlikely to churn,0.8901,2026-09-13
6390-DSAZX,0.4574,Unlikely to churn,0.5426,2026-09-13
0895-LMRSF,0.3013,Unlikely to churn,0.6987,2026-09-13
8098-LLAZX,0.5676,Likely to churn,0.5676,2026-09-13
8266-VBFQL,0.4702,Unlikely to churn,0.5298,2026-09-13
8181-YHCMF,0.029,Unlikely to churn,0.971,2026-09-13
2240-HSJQD,0.1793,Unlikely to churn,0.8207,2026-09-13
1248-DYXUB,0.019,Unlikely to churn,0.981,2026-09-13
0265-EDXBD,0.2944,Unlikely to churn,0.7056,2026-09-13
4115-BNPJY,0.19,Unlikely to churn,0.81,2026-09-13
3167-SNQPL,0.2146,Unlikely to churn,0.7854,2026-09-13
4091-TVOCN,0.1391,Unlikely to churn,0.8609,2026-09-13
1098-TDVUQ,0.41,Unlikely to churn,0.59,2026-09-13
7277-OZCGZ,0.2904,Unlikely to churn,0.7096,2026-09-13
1557-EMYVT,0.1639,Unlikely to churn,0.8361,2026-09-13
2799-ARNLO,0.5444,Likely to churn,0.5444,2026-09-13
7563-BIUPC,0.5044,Likely to churn,0.5044,2026-09-13
5027-YOCXN,0.0701,Unlikely to churn,0.9299,2026-09-13
3973-SKMLN,0.0296,Unlikely to churn,0.9704,2026-09-13
2321-OMBXY,0.0616,Unlikely to churn,0.9384,2026-09-13
2840-XANRC,0.4368,Unlikely to churn,0.5632,2026-09-13
6745-JEFZB,0.1628,Unlikely to churn,0.8372,2026-09-13
5020-ZSTTY,0.0857,Unlikely to churn,0.9143,2026-09-13
9880-TDQAC,0.0543,Unlikely to churn,0.9457,2026-09-13
8705-WZCYL,0.5462,Likely to churn,0.5462,2026-09-13
7102-JJVTX,0.3014,Unlikely to churn,0.6986,2026-09-13
8626-PTQGE,0.1173,Unlikely to churn,0.8827,2026-09-13
4983-CLMLV,0.1531,Unlikely to churn,0.8469,2026-09-13
5701-YVSVF,0.3903,Unlikely to churn,0.6097,2026-09-13
5804-LEPIM,0.5522,Likely to churn,0.5522,2026-09-13
5697-GOMBF,0.272,Unlikely to churn,0.728,2026-09-13
2739-CACDQ,0.3326,Unlikely to churn,0.6674,2026-09-13
9385-EHGDO,0.1807,Unlikely to churn,0.8193,2026-09-13
9498-FIMXL,0.3784,Unlikely to churn,0.6216,2026-09-13
2379-GYFLQ,0.1013,Unlikely to churn,0.8987,2026-09-13
0122-OAHPZ,0.4453,Unlikely to churn,0.5547,2026-09-13
2868-SNELZ,0.4148,Unlikely to churn,0.5852,2026-09-13
4322-RCYMT,0.0,Unlikely to churn,1.0,2026-09-13
6680-NENYN,0.1983,Unlikely to churn,0.8017,2026-09-13
2088-IEBAU,0.0653,Unlikely to churn,0.9347,2026-09-13
7982-VCELR,0.2565,Unlikely to churn,0.7435,2026-09-13
1343-EHPYB,0.134,Unlikely to churn,0.866,2026-09-13
6035-BXTTY,0.0688,Unlikely to churn,0.9312,2026-09-13
6885-PKOAM,0.0362,Unlikely to churn,0.9638,2026-09-13
7520-HQWJU,0.0351,Unlikely to churn,0.9649,2026-09-13
9639-BUJXT,0.0471,Unlikely to churn,0.9529,2026-09-13
5924-SNGKP,0.131,Unlikely to churn,0.869,2026-09-13
0021-IKXGC,0.5076,Likely to churn,0.5076,2026-09-13
2034-GDRCN,0.5626,Likely to churn,0.5626,2026-09-13
8966-SNIZF,0.0382,Unlikely to churn,0.9618,2026-09-13
6243-OZGFH,0.3586,Unlikely to churn,0.6414,2026-09-13
4654-DLAMQ,0.0932,Unlikely to churn,0.9068,2026-09-13
0513-RBGPE,0.1287,Unlikely to churn,0.8713,2026-09-13
5160-UXJED,0.2496,Unlikely to churn,0.7504,2026-09-13
4115-NZRKS,0.5479,Likely to churn,0.5479,2026-09-13
0219-YTZUE,0.3908,Unlikely to churn,0.6092,2026-09-13
0623-IIHUG,0.4093,Unlikely to churn,0.5907,2026-09-13
4572-DVCGN,0.3769,Unlikely to churn,0.6231,2026-09-13
3351-NGXYI,0.391,Unlikely to churn,0.609,2026-09-13
8984-EYLLL,0.1231,Unlikely to churn,0.8769,2026-09-13
9057-MSWCO,0.1932,Unlikely to churn,0.8068,2026-09-13
9833-TGFHX,0.141,Unlikely to churn,0.859,2026-09-13
9294-TDIPC,0.2598,Unlikely to churn,0.7402,2026-09-13
5229-DTFYB,0.1851,Unlikely to churn,0.8149,2026-09-13
0104-PPXDV,0.0787,Unlikely to churn,0.9213,2026-09-13
5176-LMJXE,0.0657,Unlikely to churn,0.9343,2026-09-13
3583-KRKMD,0.2821,Unlikely to churn,0.7179,2026-09-13
1010-DIAUQ,0.4216,Unlikely to churn,0.5784,2026-09-13
9069-LGEUL,0.2098,Unlikely to churn,0.7902,2026-09-13
7302-ZHMHP,0.318,Unlikely to churn,0.682,2026-09-13
9571-EDEBV,0.0798,Unlikely to churn,0.9202,2026-09-13
3520-FJGCV,0.0737,Unlikely to churn,0.9263,2026-09-13
6563-VRERX,0.1054,Unlikely to churn,0.8946,2026-09-13
0259-GBZSH,0.5649,Likely to churn,0.5649,2026-09-13
6122-EFVKN,0.2277,Unlikely to churn,0.7723,2026-09-13
2805-EDJPQ,0.0945,Unlikely to churn,0.9055,2026-09-13
6862-CQUMB,0.2342,Unlikely to churn,0.7658,2026-09-13
7156-MXBJE,0.1548,Unlikely to churn,0.8452,2026-09-13
6158-HDPXZ,0.4757,Unlikely to churn,0.5243,2026-09-13
9601-BRXPO,0.2484,Unlikely to churn,0.7516,2026-09-13
2863-IMQDR,0.0986,Unlikely to churn,0.9014,2026-09-13
5686-CMAWK,0.2503,Unlikely to churn,0.7497,2026-09-13
5651-CRHKQ,0.1353,Unlikely to churn,0.8647,2026-09-13
6905-NIQIN,0.4354,Unlikely to churn,0.5646,2026-09-13
8204-YJCLA,0.0,Unlikely to churn,1.0,2026-09-13
5167-ZFFMM,0.4136,Unlikely to churn,0.5864,2026-09-13
6583-SZVGP,0.1079,Unlikely to churn,0.8921,2026-09-13
4895-TMWIR,0.2665,Unlikely to churn,0.7335,2026-09-13
0533-BNWKF,0.1464,Unlikely to churn,0.8536,2026-09-13
1708-PBBOA,0.1666,Unlikely to churn,0.8334,2026-09-13
8782-LKFPK,0.1818,Unlikely to churn,0.8182,2026-09-13
5522-JBWMO,0.3223,Unlikely to churn,0.6777,2026-09-13
3597-MVHJT,0.2513,Unlikely to churn,0.7487,2026-09-13
9774-NRNAU,0.2405,Unlikely to churn,0.7595,2026-09-13
0224-RLWWD,0.5229,Likely to churn,0.5229,2026-09-13
9967-ATRFS,0.2038,Unlikely to churn,0.7962,2026-09-13
3951-NJCVI,0.3087,Unlikely to churn,0.6913,2026-09-13
2977-CEBSX,0.0527,Unlikely to churn,0.9473,2026-09-13
0177-PXBAT,0.2858,Unlikely to churn,0.7142,2026-09-13
6599-CEBNN,0.188,Unlikely to churn,0.812,2026-09-13
2519-ERQOJ,0.341,Unlikely to churn,0.659,2026-09-13
5876-QMYLD,0.1218,Unlikely to churn,0.8782,2026-09-13
2277-AXSDC,0.0946,Unlikely to churn,0.9054,2026-09-13
9442-JTWDL,0.2142,Unlikely to churn,0.7858,2026-09-13
0979-PHULV,0.0919,Unlikely to churn,0.9081,2026-09-13
3067-SVMTC,0.0191,Unlikely to churn,0.9809,2026-09-13
5495-GPSRW,0.2637,Unlikely to churn,0.7363,2026-09-13
7606-BPHHN,0.0186,Unlikely to churn,0.9814,2026-09-13
4742-DRORA,0.0613,Unlikely to churn,0.9387,2026-09-13
0111-KLBQG,0.3153,Unlikely to churn,0.6847,2026-09-13
4800-VHZKI,0.3764,Unlikely to churn,0.6236,2026-09-13
7989-CHGTL,0.3964,Unlikely to churn,0.6036,2026-09-13
0334-GDDSO,0.4953,Unlikely to churn,0.5047,2026-09-13
4163-NCJAK,0.0189,Unlikely to churn,0.9811,2026-09-13
5233-AOZUF,0.2787,Unlikely to churn,0.7213,2026-09-13
5973-EJGDP,0.1374,Unlikely to churn,0.8626,2026-09-13
1996-DBMUS,0.1367,Unlikely to churn,0.8633,2026-09-13
7916-VCCPB,0.2013,Unlikely to churn,0.7987,2026-09-13
4686-GEFRM,0.0819,Unlikely to churn,0.9181,2026-09-13
5249-QYHEX,0.1585,Unlikely to churn,0.8415,2026-09-13
0578-SKVMF,0.1916,Unlikely to churn,0.8084,2026-09-13
5564-NEMQO,0.5206,Likely to churn,0.5206,2026-09-13
2233-FAGXV,0.3706,Unlikely to churn,0.6294,2026-09-13
5605-IYGFG,0.378,Unlikely to churn,0.622,2026-09-13
7663-ZTEGJ,0.1039,Unlikely to churn,0.8961,2026-09-13
3935-TBRZZ,0.0274,Unlikely to churn,0.9726,2026-09-13
8111-BKVDS,0.2476,Unlikely to churn,0.7524,2026-09-13
2055-SIFSS,0.064,Unlikely to churn,0.936,2026-09-13
2806-MLNTI,0.1798,Unlikely to churn,0.8202,2026-09-13
8734-DKSTZ,0.3697,Unlikely to churn,0.6303,2026-09-13
4360-PNRQB,0.2757,Unlikely to churn,0.7243,2026-09-13
6152-ONASV,0.0438,Unlikely to churn,0.9562,2026-09-13
9063-ZGTUY,0.0148,Unlikely to churn,0.9852,2026-09-13
7781-HVGMK,0.0499,Unlikely to churn,0.9501,2026-09-13
2181-UAESM,0.355,Unlikely to churn,0.645,2026-09-13
2957-LOLHO,0.2836,Unlikely to churn,0.7164,2026-09-13
6048-NJXHX,0.1559,Unlikely to churn,0.8441,2026-09-13
2320-SLKMB,0.2234,Unlikely to churn,0.7766,2026-09-13
4980-URKXC,0.0735,Unlikely to churn,0.9265,2026-09-13
4376-KFVRS,0.0184,Unlikely to churn,0.9816,2026-09-13
5886-VLQVU,0.1745,Unlikely to churn,0.8255,2026-09-13
3577-AMVUX,0.3858,Unlikely to churn,0.6142,2026-09-13
0771-WLCLA,0.363,Unlikely to churn,0.637,2026-09-13
5628-RKIFK,0.1405,Unlikely to churn,0.8595,2026-09-13
0206-TBWLC,0.1497,Unlikely to churn,0.8503,2026-09-13
2937-FTHUR,0.2136,Unlikely to churn,0.7864,2026-09-13
1910-FMXJM,0.1594,Unlikely to churn,0.8406,2026-09-13
7752-XUSCI,0.0832,Unlikely to churn,0.9168,2026-09-13
4110-PFEUZ,0.46,Unlikely to churn,0.54,2026-09-13
0732-OCQOC,0.0481,Unlikely to churn,0.9519,2026-09-13
5168-MSWXT,0.4913,Unlikely to churn,0.5087,2026-09-13
1090-ESELR,0.0458,Unlikely to churn,0.9542,2026-09-13
8592-PLTMQ,0.0318,Unlikely to churn,0.9682,2026-09-13
5760-WRAHC,0.2396,Unlikely to churn,0.7604,2026-09-13
8847-GEOOQ,0.1506,Unlikely to churn,0.8494,2026-09-13
0256-LTHVJ,0.3156,Unlikely to churn,0.6844,2026-09-13
4785-FCIFB,0.0438,Unlikely to churn,0.9562,2026-09-13
8313-NDOIA,0.3657,Unlikely to churn,0.6343,2026-09-13
5149-CUZUJ,0.1532,Unlikely to churn,0.8468,2026-09-13
0942-KOWSM,0.0852,Unlikely to churn,0.9148,2026-09-13
4237-CLSMM,0.3545,Unlikely to churn,0.6455,2026-09-13
1452-VOQCH,0.5398,Likely to churn,0.5398,2026-09-13
4719-UMSIY,0.2639,Unlikely to churn,0.7361,2026-09-13
6614-VBEGU,0.2232,Unlikely to churn,0.7768,2026-09-13
0880-TKATG,0.3728,Unlikely to churn,0.6272,2026-09-13
3811-VBYBZ,0.4609,Unlikely to churn,0.5391,2026-09-13
1480-BKXGA,0.0384,Unlikely to churn,0.9616,2026-09-13
2996-XAUVF,0.0483,Unlikely to churn,0.9517,2026-09-13
9076-AXYIK,0.0796,Unlikely to churn,0.9204,2026-09-13
5968-XQIVE,0.1135,Unlikely to churn,0.8865,2026-09-13
8896-RAZCR,0.0968,Unlikely to churn,0.9032,2026-09-13
4640-UHDOS,0.2355,Unlikely to churn,0.7645,2026-09-13
4933-IKULF,0.2423,Unlikely to churn,0.7577,2026-09-13
3583-EKAPL,0.492,Unlikely to churn,0.508,2026-09-13
1304-BCCFO,0.4116,Unlikely to churn,0.5884,2026-09-13
4104-PVRPS,0.2067,Unlikely to churn,0.7933,2026-09-13
9399-APLBT,0.4802,Unlikely to churn,0.5198,2026-09-13
2359-KMGLI,0.3058,Unlikely to churn,0.6942,2026-09-13
3780-DDGSE,0.2286,Unlikely to churn,0.7714,2026-09-13
4431-EDMIQ,0.2372,Unlikely to churn,0.7628,2026-09-13
0306-JAELE,0.5312,Likely to churn,0.5312,2026-09-13
6227-HWPWX,0.2875,Unlikely to churn,0.7125,2026-09-13
0486-LGCCH,0.2287,Unlikely to churn,0.7713,2026-09-13
0447-BEMNG,0.1584,Unlikely to churn,0.8416,2026-09-13
4612-SSVHJ,0.376,Unlikely to churn,0.624,2026-09-13
5168-MQQCA,0.0815,Unlikely to churn,0.9185,2026-09-13
5949-XIKAE,0.3812,Unlikely to churn,0.6188,2026-09-13
7971-HLVXI,0.041,Unlikely to churn,0.959,2026-09-13
9094-AZPHK,0.4224,Unlikely to churn,0.5776,2026-09-13
3649-JPUGY,0.056,Unlikely to churn,0.944,2026-09-13
4472-LVYGI,0.3942,Unlikely to churn,0.6058,2026-09-13
8372-JUXUI,0.5074,Likely to churn,0.5074,2026-09-13
3552-CTCYF,0.1107,Unlikely to churn,0.8893,2026-09-13
6778-YSNIH,0.479,Unlikely to churn,0.521,2026-09-13
0388-EOPEX,0.4927,Unlikely to churn,0.5073,2026-09-13
5756-OZRIO,0.0674,Unlikely to churn,0.9326,2026-09-13
6579-JPICP,0.3368,Unlikely to churn,0.6632,2026-09-13
8205-OTCHB,0.283,Unlikely to churn,0.717,2026-09-13
4134-BSXLX,0.1141,Unlikely to churn,0.8859,2026-09-13
0505-SPOOW,0.0106,Unlikely to churn,0.9894,2026-09-13
6235-VDHOM,0.3879,Unlikely to churn,0.6121,2026-09-13
7783-YKGDV,0.262,Unlikely to churn,0.738,2026-09-13
4374-YMUSQ,0.193,Unlikely to churn,0.807,2026-09-13
4513-CXYIX,0.0894,Unlikely to churn,0.9106,2026-09-13
3957-HHLMR,0.0,Unlikely to churn,1.0,2026-09-13
7803-XOCCZ,0.0275,Unlikely to churn,0.9725,2026-09-13
5736-YEJAX,0.0,Unlikely to churn,1.0,2026-09-13
5609-CEBID,0.3245,Unlikely to churn,0.6755,2026-09-13
8981-FJGLA,0.4357,Unlikely to churn,0.5643,2026-09-13
7218-HKQFK,0.5781,Likely to churn,0.5781,2026-09-13
4636-QRJKY,0.4128,Unlikely to churn,0.5872,2026-09-13
1135-LMECX,0.3586,Unlikely to churn,0.6414,2026-09-13
4332-MUOEZ,0.1212,Unlikely to churn,0.8788,2026-09-13
8535-SFUTN,0.1135,Unlikely to churn,0.8865,2026-09-13
5956-VKDTT,0.549,Likely to churn,0.549,2026-09-13
8677-HDZEE,0.1138,Unlikely to churn,0.8862,2026-09-13
2475-MROZF,0.2064,Unlikely to churn,0.7936,2026-09-13
9412-GHEEC,0.1504,Unlikely to churn,0.8496,2026-09-13
3482-ABPKK,0.1905,Unlikely to churn,0.8095,2026-09-13
6705-LXORM,0.4158,Unlikely to churn,0.5842,2026-09-13
0257-ZESQC,0.2923,Unlikely to churn,0.7077,2026-09-13
7531-GQHME,0.25,Unlikely to churn,0.75,2026-09-13
5174-ITUMV,0.0564,Unlikely to churn,0.9436,2026-09-13
4109-CYRBD,0.2867,Unlikely to churn,0.7133,2026-09-13
0913-XWSCN,0.1017,Unlikely to churn,0.8983,2026-09-13
6825-UYPFK,0.1991,Unlikely to churn,0.8009,2026-09-13
8397-MVTAZ,0.3488,Unlikely to churn,0.6512,2026-09-13
0750-EBAIU,0.0693,Unlikely to churn,0.9307,2026-09-13
8606-CIQUL,0.1029,Unlikely to churn,0.8971,2026-09-13
3571-DPYUH,0.0721,Unlikely to churn,0.9279,2026-09-13
7601-GNDYK,0.1033,Unlikely to churn,0.8967,2026-09-13
0356-OBMAC,0.1401,Unlikely to churn,0.8599,2026-09-13
8067-NIOYM,0.1576,Unlikely to churn,0.8424,2026-09-13
1403-GYAFU,0.0,Unlikely to churn,1.0,2026-09-13
4234-XTNEA,0.4943,Unlikely to churn,0.5057,2026-09-13
1297-VQDRP,0.0923,Unlikely to churn,0.9077,2026-09-13
9282-IZGQK,0.4858,Unlikely to churn,0.5142,2026-09-13
5348-CAGXB,0.4196,Unlikely to churn,0.5804,2026-09-13
0621-HJWXJ,0.0577,Unlikely to churn,0.9423,2026-09-13
5844-QVTAT,0.1943,Unlikely to churn,0.8057,2026-09-13
8905-IAZPF,0.0047,Unlikely to churn,0.9953,2026-09-13
5394-MEITZ,0.0288,Unlikely to churn,0.9712,2026-09-13
6859-QNXIQ,0.0,Unlikely to churn,1.0,2026-09-13
2782-LFZVW,0.3867,Unlikely to churn,0.6133,2026-09-13
2866-IKBTM,0.3512,Unlikely to churn,0.6488,2026-09-13
1342-JPNKI,0.3807,Unlikely to churn,0.6193,2026-09-13
2817-NTQDO,0.3338,Unlikely to churn,0.6662,2026-09-13
7129-AZJDE,0.1631,Unlikely to churn,0.8369,2026-09-13
6986-IJDHX,0.1741,Unlikely to churn,0.8259,2026-09-13
2560-PPCHE,0.0539,Unlikely to churn,0.9461,2026-09-13
4676-MQUEA,0.1443,Unlikely to churn,0.8557,2026-09-13
8138-EALND,0.239,Unlikely to churn,0.761,2026-09-13
3580-HYCSP,0.0654,Unlikely to churn,0.9346,2026-09-13
1352-HNSAW,0.0672,Unlikely to churn,0.9328,2026-09-13
2075-PUEPR,0.0415,Unlikely to churn,0.9585,2026-09-13
1982-FEBTD,0.2321,Unlikely to churn,0.7679,2026-09-13
5301-GAUUY,0.206,Unlikely to churn,0.794,2026-09-13
5791-KAJFD,0.0403,Unlikely to churn,0.9597,2026-09-13
2654-VBVPB,0.2685,Unlikely to churn,0.7315,2026-09-13
1154-HYWWO,0.0592,Unlikely to churn,0.9408,2026-09-13
2501-XWWTZ,0.296,Unlikely to churn,0.704,2026-09-13
3716-UVSPD,0.4603,Unlikely to churn,0.5397,2026-09-13
6815-ABQFQ,0.1516,Unlikely to churn,0.8484,2026-09-13
7343-EOBEU,0.4462,Unlikely to churn,0.5538,2026-09-13
3701-SFMUH,0.2559,Unlikely to churn,0.7441,2026-09-13
6103-LIANB,0.0722,Unlikely to churn,0.9278,2026-09-13
7319-VENRZ,0.2852,Unlikely to churn,0.7148,2026-09-13
5846-NEQVZ,0.0466,Unlikely to churn,0.9534,2026-09-13
6967-QIQRV,0.2893,Unlikely to churn,0.7107,2026-09-13
5781-RFZRP,0.0021,Unlikely to churn,0.9979,2026-09-13
0939-YAPAF,0.3058,Unlikely to churn,0.6942,2026-09-13
0308-IVGOK,0.351,Unlikely to churn,0.649,2026-09-13
7293-LSCDV,0.0,Unlikely to churn,1.0,2026-09-13
7025-WCBNE,0.081,Unlikely to churn,0.919,2026-09-13
5756-JYOJT,0.1961,Unlikely to churn,0.8039,2026-09-13
4710-FDUIZ,0.0638,Unlikely to churn,0.9362,2026-09-13
6030-REHUX,0.3653,Unlikely to churn,0.6347,2026-09-13
9548-LIGTA,0.0322,Unlikely to churn,0.9678,2026-09-13
5150-LJNSR,0.1717,Unlikely to churn,0.8283,2026-09-13
8270-RKSAP,0.4817,Unlikely to churn,0.5183,2026-09-13
6522-YRBXD,0.2418,Unlikely to churn,0.7582,2026-09-13
2640-LYMOV,0.4354,Unlikely to churn,0.5646,2026-09-13
1218-VKFPE,0.1406,Unlikely to churn,0.8594,2026-09-13
3627-FHKBK,0.3735,Unlikely to churn,0.6265,2026-09-13
2865-TCHJW,0.5075,Likely to churn,0.5075,2026-09-13
1423-BMPBQ,0.3623,Unlikely to churn,0.6377,2026-09-13
2393-DIVAI,0.4361,Unlikely to churn,0.5639,2026-09-13
5192-EBGOV,0.6327,Likely to churn,0.6327,2026-09-13
4568-KNYWR,0.0432,Unlikely to churn,0.9568,2026-09-13
8752-IMQOS,0.2475,Unlikely to churn,0.7525,2026-09-13
0742-LAFQK,0.0667,Unlikely to churn,0.9333,2026-09-13
0795-LAFGP,0.0792,Unlikely to churn,0.9208,2026-09-13
0619-OLYUR,0.0302,Unlikely to churn,0.9698,2026-09-13
5512-IDZEI,0.0731,Unlikely to churn,0.9269,2026-09-13
0459-SPZHJ,0.0885,Unlikely to churn,0.9115,2026-09-13
0215-BQKGS,0.1318,Unlikely to churn,0.8682,2026-09-13
9244-ZVAPM,0.3794,Unlikely to churn,0.6206,2026-09-13
0719-SYFRB,0.3269,Unlikely to churn,0.6731,2026-09-13
8208-EUMTE,0.2341,Unlikely to churn,0.7659,2026-09-13
5172-MIGPM,0.3417,Unlikely to churn,0.6583,2026-09-13
1710-RCXUS,0.1213,Unlikely to churn,0.8787,2026-09-13
0374-FIUCA,0.0,Unlikely to churn,1.0,2026-09-13
5839-SUYVZ,0.314,Unlikely to churn,0.686,2026-09-13
5173-ZXXXL,0.3176,Unlikely to churn,0.6824,2026-09-13
1096-ADRUX,0.0944,Unlikely to churn,0.9056,2026-09-13
2001-MCUUW,0.1123,Unlikely to churn,0.8877,2026-09-13
2731-GJRDG,0.2139,Unlikely to churn,0.7861,2026-09-13
4723-BEGSG,0.0462,Unlikely to churn,0.9538,2026-09-13
6516-NKQBO,0.1062,Unlikely to churn,0.8938,2026-09-13
8672-OAUPW,0.0625,Unlikely to churn,0.9375,2026-09-13
8207-DMRVL,0.0,Unlikely to churn,1.0,2026-09-13
3419-SNJJD,0.0872,Unlikely to churn,0.9128,2026-09-13
6543-CPZMK,0.3952,Unlikely to churn,0.6048,2026-09-13
4765-OXPPD,0.1994,Unlikely to churn,0.8006,2026-09-13
2804-ETQDK,0.0,Unlikely to churn,1.0,2026-09-13
6689-VRRTK,0.1964,Unlikely to churn,0.8036,2026-09-13
7138-GIRSH,0.0268,Unlikely to churn,0.9732,2026-09-13
9396-ZSFLL,0.2511,Unlikely to churn,0.7489,2026-09-13
6464-KEXXH,0.4598,Unlikely to churn,0.5402,2026-09-13
7134-MJPDY,0.0993,Unlikely to churn,0.9007,2026-09-13
5240-CAOYT,0.0551,Unlikely to churn,0.9449,2026-09-13
4059-IIEBK,0.4356,Unlikely to churn,0.5644,2026-09-13
4881-JVQOD,0.3944,Unlikely to churn,0.6056,2026-09-13
0516-UXRMT,0.0843,Unlikely to churn,0.9157,2026-09-13
4851-BQDNX,0.1686,Unlikely to churn,0.8314,2026-09-13
5148-HKFIR,0.1644,Unlikely to churn,0.8356,2026-09-13
1009-IRMNA,0.2532,Unlikely to churn,0.7468,2026-09-13
3003-CMDUU,0.3524,Unlikely to churn,0.6476,2026-09-13
5016-IBERQ,0.2107,Unlikely to churn,0.7893,2026-09-13
6797-UCJHZ,0.1086,Unlikely to churn,0.8914,2026-09-13
2469-DTSGX,0.0332,Unlikely to churn,0.9668,2026-09-13
4554-YGZIH,0.0276,Unlikely to churn,0.9724,2026-09-13
5099-BAILX,0.2145,Unlikely to churn,0.7855,2026-09-13
9931-KGHOA,0.1603,Unlikely to churn,0.8397,2026-09-13
1775-KWJKQ,0.0107,Unlikely to churn,0.9893,2026-09-13
7665-VIGUD,0.2026,Unlikely to churn,0.7974,2026-09-13
9411-TPQQV,0.1848,Unlikely to churn,0.8152,2026-09-13
7207-RMRDB,0.0845,Unlikely to churn,0.9155,2026-09-13
7954-MLBUN,0.171,Unlikely to churn,0.829,2026-09-13
2077-DDHJK,0.0,Unlikely to churn,1.0,2026-09-13
4913-EHYUI,0.131,Unlikely to churn,0.869,2026-09-13
0195-IESCP,0.4705,Unlikely to churn,0.5295,2026-09-13
9574-BOSMD,0.0,Unlikely to churn,1.0,2026-09-13
4580-TMHJU,0.1214,Unlikely to churn,0.8786,2026-09-13
0970-ETWGE,0.6492,Likely to churn,0.6492,2026-09-13
4908-XAXAY,0.1215,Unlikely to churn,0.8785,2026-09-13
8404-VLQFB,0.2641,Unlikely to churn,0.7359,2026-09-13
1626-ERCMM,0.4625,Unlikely to churn,0.5375,2026-09-13
0887-HJGAR,0.5323,Likely to churn,0.5323,2026-09-13
2391-IPLOP,0.0277,Unlikely to churn,0.9723,2026-09-13
5644-PDMZC,0.4456,Unlikely to churn,0.5544,2026-09-13
3509-GWQGF,0.2137,Unlikely to churn,0.7863,2026-09-13
9576-ANLXO,0.4974,Unlikely to churn,0.5026,2026-09-13
2024-BASKD,0.4963,Unlikely to churn,0.5037,2026-09-13
5845-BZZIB,0.1459,Unlikely to churn,0.8541,2026-09-13
1140-UKVZG,0.1827,Unlikely to churn,0.8173,2026-09-13
4160-AMJTL,0.3265,Unlikely to churn,0.6735,2026-09-13
5183-SNMJQ,0.4264,Unlikely to churn,0.5736,2026-09-13
8100-PNJMH,0.012,Unlikely to churn,0.988,2026-09-13
7838-LAZFO,0.0807,Unlikely to churn,0.9193,2026-09-13
4464-JCOLN,0.336,Unlikely to churn,0.664,2026-09-13
2085-JVGAD,0.0755,Unlikely to churn,0.9245,2026-09-13
5650-VDUDS,0.4907,Unlikely to churn,0.5093,2026-09-13
8095-WANWK,0.326,Unlikely to churn,0.674,2026-09-13
3030-ZKIWL,0.318,Unlikely to churn,0.682,2026-09-13
9565-FLVCG,0.0342,Unlikely to churn,0.9658,2026-09-13
8755-OGKNA,0.0275,Unlikely to churn,0.9725,2026-09-13
2800-VEQXM,0.4306,Unlikely to churn,0.5694,2026-09-13
7538-GWHML,0.3698,Unlikely to churn,0.6302,2026-09-13
5533-RJFTJ,0.1277,Unlikely to churn,0.8723,2026-09-13
3859-CVCET,0.3715,Unlikely to churn,0.6285,2026-09-13
0214-JHPFW,0.0,Unlikely to churn,1.0,2026-09-13
5642-MHDQT,0.075,Unlikely to churn,0.925,2026-09-13
3088-FVYWK,0.0471,Unlikely to churn,0.9529,2026-09-13
3276-HDUEG,0.519,Likely to churn,0.519,2026-09-13
9092-GDZKO,0.1612,Unlikely to churn,0.8388,2026-09-13
0823-HSCDJ,0.2122,Unlikely to churn,0.7878,2026-09-13
3729-OWRVL,0.1261,Unlikely to churn,0.8739,2026-09-13
2324-AALNO,0.1268,Unlikely to churn,0.8732,2026-09-13
0822-GAVAP,0.5701,Likely to churn,0.5701,2026-09-13
5760-IFJOZ,0.4647,Unlikely to churn,0.5353,2026-09-13
2826-UWHIS,0.0968,Unlikely to churn,0.9032,2026-09-13
1448-PWKYE,0.4077,Unlikely to churn,0.5923,2026-09-13
7501-IWUNG,0.071,Unlikely to churn,0.929,2026-09-13
4957-TREIR,0.4147,Unlikely to churn,0.5853,2026-09-13
7251-LJBQN,0.2013,Unlikely to churn,0.7987,2026-09-13
8040-MNRTF,0.4195,Unlikely to churn,0.5805,2026-09-13
1536-HBSWP,0.4744,Unlikely to churn,0.5256,2026-09-13
5313-FPXWG,0.0938,Unlikely to churn,0.9062,2026-09-13
0067-DKWBL,0.5593,Likely to churn,0.5593,2026-09-13
0946-FKYTX,0.0754,Unlikely to churn,0.9246,2026-09-13
5076-YVXCM,0.067,Unlikely to churn,0.933,2026-09-13
8262-COGGB,0.4473,Unlikely to churn,0.5527,2026-09-13
6663-JOCQO,0.1138,Unlikely to churn,0.8862,2026-09-13
9620-QJREV,0.0735,Unlikely to churn,0.9265,2026-09-13
2276-YDAVZ,0.3918,Unlikely to churn,0.6082,2026-09-13
2682-KEVRP,0.2355,Unlikely to churn,0.7645,2026-09-13
2480-JZOSN,0.4256,Unlikely to churn,0.5744,2026-09-13
0078-XZMHT,0.0,Unlikely to churn,1.0,2026-09-13
5896-NPFWW,0.3999,Unlikely to churn,0.6001,2026-09-13
9978-HYCIN,0.0892,Unlikely to churn,0.9108,2026-09-13
8338-QIUNR,0.0194,Unlikely to churn,0.9806,2026-09-13
1525-LNLOJ,0.0783,Unlikely to churn,0.9217,2026-09-13
9450-TRJUU,0.1665,Unlikely to churn,0.8335,2026-09-13
1766-GKNMI,0.2585,Unlikely to churn,0.7415,2026-09-13
6942-LBFDP,0.4253,Unlikely to churn,0.5747,2026-09-13
1456-TWCGB,0.3938,Unlikely to churn,0.6062,2026-09-13
7133-VBDCG,0.2004,Unlikely to churn,0.7996,2026-09-13
7596-ZYWBB,0.0283,Unlikely to churn,0.9717,2026-09-13
8329-UTMVM,0.3348,Unlikely to churn,0.6652,2026-09-13
3014-WJKSM,0.2183,Unlikely to churn,0.7817,2026-09-13
3347-YJZZE,0.1487,Unlikely to churn,0.8513,2026-09-13
1029-QFBEN,0.3434,Unlikely to churn,0.6566,2026-09-13
7929-DMBCV,0.3345,Unlikely to churn,0.6655,2026-09-13
9661-JALZV,0.0216,Unlikely to churn,0.9784,2026-09-13
5433-KYGHE,0.3243,Unlikely to churn,0.6757,2026-09-13
4312-KFRXN,0.02,Unlikely to churn,0.98,2026-09-13
5575-TPIZQ,0.0933,Unlikely to churn,0.9067,2026-09-13
0114-IGABW,0.0,Unlikely to churn,1.0,2026-09-13
9944-AEXBM,0.2407,Unlikely to churn,0.7593,2026-09-13
1853-ARAAQ,0.3109,Unlikely to churn,0.6891,2026-09-13
6952-OMNWB,0.0398,Unlikely to churn,0.9602,2026-09-13
4697-LUPSU,0.2976,Unlikely to churn,0.7024,2026-09-13
8434-VGEQQ,0.0593,Unlikely to churn,0.9407,2026-09-13
4952-YSOGZ,0.398,Unlikely to churn,0.602,2026-09-13
1589-AGTLK,0.4465,Unlikely to churn,0.5535,2026-09-13
5244-IRFIH,0.3359,Unlikely to churn,0.6641,2026-09-13
6549-YMFAW,0.445,Unlikely to churn,0.555,2026-09-13
4950-HKQTE,0.1917,Unlikely to churn,0.8083,2026-09-13
6786-OBWQR,0.4623,Unlikely to churn,0.5377,2026-09-13
2684-EIWEO,0.1301,Unlikely to churn,0.8699,2026-09-13
2753-JMMCV,0.0048,Unlikely to churn,0.9952,2026-09-13
6439-GTPCA,0.1739,Unlikely to churn,0.8261,2026-09-13
6621-YOBKI,0.3082,Unlikely to churn,0.6918,2026-09-13
1216-JWVUX,0.2789,Unlikely to churn,0.7211,2026-09-13
7564-GHCVB,0.0234,Unlikely to churn,0.9766,2026-09-13
1173-NOEYG,0.1921,Unlikely to churn,0.8079,2026-09-13
7595-EHCDL,0.1811,Unlikely to churn,0.8189,2026-09-13
6647-ZEDXT,0.2065,Unlikely to churn,0.7935,2026-09-13
2521-NPUZR,0.0549,Unlikely to churn,0.9451,2026-09-13
1307-TVUFB,0.1195,Unlikely to churn,0.8805,2026-09-13
7503-MIOGA,0.0,Unlikely to churn,1.0,2026-09-13
4381-MHQDC,0.1258,Unlikely to churn,0.8742,2026-09-13
6923-JHPMP,0.5065,Likely to churn,0.5065,2026-09-13
5138-WVKYJ,0.3655,Unlikely to churn,0.6345,2026-09-13
4018-PPNDW,0.0,Unlikely to churn,1.0,2026-09-13
1635-FJFCC,0.4077,Unlikely to churn,0.5923,2026-09-13
2499-AJYUA,0.1031,Unlikely to churn,0.8969,2026-09-13
6919-ELBGL,0.1117,Unlikely to churn,0.8883,2026-09-13
3966-HRMZA,0.44,Unlikely to churn,0.56,2026-09-13
6425-JWTDV,0.0556,Unlikely to churn,0.9444,2026-09-13
8405-IGQFX,0.0355,Unlikely to churn,0.9645,2026-09-13
8224-IVVPA,0.2476,Unlikely to churn,0.7524,2026-09-13
9477-LGWQI,0.0261,Unlikely to churn,0.9739,2026-09-13
1410-RSCMR,0.212,Unlikely to churn,0.788,2026-09-13
3115-CZMZD,0.3724,Unlikely to churn,0.6276,2026-09-13
0139-IVFJG,0.4342,Unlikely to churn,0.5658,2026-09-13
6683-VLCTZ,0.4638,Unlikely to churn,0.5362,2026-09-13
5730-DBDSI,0.0,Unlikely to churn,1.0,2026-09-13
0030-FNXPP,0.3503,Unlikely to churn,0.6497,2026-09-13
2189-WWOEW,0.2844,Unlikely to churn,0.7156,2026-09-13
5684-FJVYR,0.0514,Unlikely to churn,0.9486,2026-09-13
4013-GUXND,0.3847,Unlikely to churn,0.6153,2026-09-13
1894-IGFSG,0.3142,Unlikely to churn,0.6858,2026-09-13
7379-POKDZ,0.5386,Likely to churn,0.5386,2026-09-13
1266-NZYUI,0.0365,Unlikely to churn,0.9635,2026-09-13
7969-FFOWG,0.0371,Unlikely to churn,0.9629,2026-09-13
4718-DHSMV,0.4091,Unlikely to churn,0.5909,2026-09-13
5175-WLYXL,0.3124,Unlikely to churn,0.6876,2026-09-13
7817-OMJNA,0.1707,Unlikely to churn,0.8293,2026-09-13
8728-SKJLR,0.1383,Unlikely to churn,0.8617,2026-09-13
3137-NYQQI,0.246,Unlikely to churn,0.754,2026-09-13
7706-DZNKK,0.3319,Unlikely to churn,0.6681,2026-09-13
0236-HFWSV,0.5043,Likely to churn,0.5043,2026-09-13
3900-AQPHZ,0.3524,Unlikely to churn,0.6476,2026-09-13
5842-POCOP,0.4813,Unlikely to churn,0.5187,2026-09-13
2037-XJFUP,0.2991,Unlikely to churn,0.7009,2026-09-13
8823-RLPWL,0.072,Unlikely to churn,0.928,2026-09-13
9505-SQFSW,0.3581,Unlikely to churn,0.6419,2026-09-13
7314-OXENN,0.5261,Likely to churn,0.5261,2026-09-13
3758-CKOQL,0.0738,Unlikely to churn,0.9262,2026-09-13
0322-CHQRU,0.3675,Unlikely to churn,0.6325,2026-09-13
5676-CFLYY,0.0332,Unlikely to churn,0.9668,2026-09-13
7521-AFHAB,0.3351,Unlikely to churn,0.6649,2026-09-13
0285-INHLN,0.2282,Unlikely to churn,0.7718,2026-09-13
4678-DVQEO,0.5225,Likely to churn,0.5225,2026-09-13
5125-CNDSP,0.0476,Unlikely to churn,0.9524,2026-09-13
0691-IFBQW,0.2154,Unlikely to churn,0.7846,2026-09-13
4992-LTJNE,0.0259,Unlikely to churn,0.9741,2026-09-13
2202-OUTMO,0.1668,Unlikely to churn,0.8332,2026-09-13
0810-BDHAW,0.1533,Unlikely to churn,0.8467,2026-09-13
0229-LFJAF,0.0139,Unlikely to churn,0.9861,2026-09-13
7131-ZQZNK,0.0306,Unlikely to churn,0.9694,2026-09-13
3442-ZHHCC,0.0,Unlikely to churn,1.0,2026-09-13
5726-CVNYA,0.3399,Unlikely to churn,0.6601,2026-09-13
9871-ELEYA,0.0783,Unlikely to churn,0.9217,2026-09-13
4257-GAESD,0.3772,Unlikely to churn,0.6228,2026-09-13
5173-WXOQV,0.4536,Unlikely to churn,0.5464,2026-09-13
2040-OBMLJ,0.1896,Unlikely to churn,0.8104,2026-09-13
6286-ZHAOK,0.2232,Unlikely to churn,0.7768,2026-09-13
3807-XHCJH,0.3404,Unlikely to churn,0.6596,2026-09-13
3009-JWMPU,0.1209,Unlikely to churn,0.8791,2026-09-13
5671-RQRLP,0.0443,Unlikely to churn,0.9557,2026-09-13
1450-GALXR,0.4593,Unlikely to churn,0.5407,2026-09-13
8859-AXJZP,0.1316,Unlikely to churn,0.8684,2026-09-13
3174-AKMAS,0.1152,Unlikely to churn,0.8848,2026-09-13
3138-BKYAV,0.4848,Unlikely to churn,0.5152,2026-09-13
9926-PJHDQ,0.0738,Unlikely to churn,0.9262,2026-09-13
7382-DFJTU,0.1819,Unlikely to churn,0.8181,2026-09-13
2798-NYLMZ,0.0278,Unlikely to churn,0.9722,2026-09-13
4289-DTDKW,0.2534,Unlikely to churn,0.7466,2026-09-13
1820-TQVEV,0.5304,Likely to churn,0.5304,2026-09-13
2239-JALAW,0.0993,Unlikely to churn,0.9007,2026-09-13
4853-RULSV,0.0523,Unlikely to churn,0.9477,2026-09-13
8098-TDCBU,0.1014,Unlikely to churn,0.8986,2026-09-13
3551-GAEGL,0.1098,Unlikely to churn,0.8902,2026-09-13
4785-NKHCX,0.2673,Unlikely to churn,0.7327,2026-09-13
3196-NVXLZ,0.3303,Unlikely to churn,0.6697,2026-09-13
6275-YDUVO,0.4769,Unlikely to churn,0.5231,2026-09-13
0036-IHMOT,0.0957,Unlikely to churn,0.9043,2026-09-13
0115-TFERT,0.3732,Unlikely to churn,0.6268,2026-09-13
4178-EGMON,0.013,Unlikely to churn,0.987,2026-09-13
4220-TINQT,0.1164,Unlikely to churn,0.8836,2026-09-13
5318-YKDPV,0.1402,Unlikely to churn,0.8598,2026-09-13
7975-TZMLR,0.1523,Unlikely to churn,0.8477,2026-09-13
0295-QVKPB,0.293,Unlikely to churn,0.707,2026-09-13
4335-BSMJS,0.0,Unlikely to churn,1.0,2026-09-13
2311-QYMUQ,0.2472,Unlikely to churn,0.7528,2026-09-13
3643-AHCFP,0.5357,Likely to churn,0.5357,2026-09-13
9146-JRIOX,0.2088,Unlikely to churn,0.7912,2026-09-13
3104-OWCGK,0.0891,Unlikely to churn,0.9109,2026-09-13
5337-IIWKZ,0.1171,Unlikely to churn,0.8829,2026-09-13
9101-BWFSS,0.1331,Unlikely to churn,0.8669,2026-09-13
9650-VBUOG,0.1194,Unlikely to churn,0.8806,2026-09-13
3487-EARAT,0.0,Unlikely to churn,1.0,2026-09-13
2672-TGEFF,0.1753,Unlikely to churn,0.8247,2026-09-13
9231-ZJYAM,0.4993,Unlikely to churn,0.5007,2026-09-13
4250-WAROZ,0.0645,Unlikely to churn,0.9355,2026-09-13
8184-WMOFI,0.0146,Unlikely to churn,0.9854,2026-09-13
6982-SSHFK,0.4571,Unlikely to churn,0.5429,2026-09-13
6092-QZVPP,0.1972,Unlikely to churn,0.8028,2026-09-13
4625-LAMOB,0.0514,Unlikely to churn,0.9486,2026-09-13
0727-BMPLR,0.2359,Unlikely to churn,0.7641,2026-09-13
0392-BZIUW,0.07,Unlikely to churn,0.93,2026-09-13
1038-ZAGBI,0.2283,Unlikely to churn,0.7717,2026-09-13
6549-NNDYT,0.3637,Unlikely to churn,0.6363,2026-09-13
3027-ZTDHO,0.5926,Likely to churn,0.5926,2026-09-13
0422-OHQHQ,0.2051,Unlikely to churn,0.7949,2026-09-13
6916-HIJSE,0.1416,Unlikely to churn,0.8584,2026-09-13
2316-ESMLS,0.2628,Unlikely to churn,0.7372,2026-09-13
9778-OGKQZ,0.021,Unlikely to churn,0.979,2026-09-13
7408-OFWXJ,0.0519,Unlikely to churn,0.9481,2026-09-13
6007-TCTST,0.0406,Unlikely to churn,0.9594,2026-09-13
2252-NKNSI,0.0762,Unlikely to churn,0.9238,2026-09-13
8713-IGZSO,0.3757,Unlikely to churn,0.6243,2026-09-13
7905-TVXTA,0.4178,Unlikely to churn,0.5822,2026-09-13
7695-PKLCZ,0.0304,Unlikely to churn,0.9696,2026-09-13
2382-BCKQJ,0.106,Unlikely to churn,0.894,2026-09-13
8374-UULRV,0.0392,Unlikely to churn,0.9608,2026-09-13
2207-NHRJK,0.4092,Unlikely to churn,0.5908,2026-09-13
3224-DFQNQ,0.0,Unlikely to churn,1.0,2026-09-13
5275-PMFUT,0.0554,Unlikely to churn,0.9446,2026-09-13
4795-UXVCJ,0.0971,Unlikely to churn,0.9029,2026-09-13
9777-IQHWP,0.0,Unlikely to churn,1.0,2026-09-13
0947-MUGVO,0.3561,Unlikely to churn,0.6439,2026-09-13
9944-HKVVB,0.5508,Likely to churn,0.5508,2026-09-13
4124-MMETB,0.3216,Unlikely to churn,0.6784,2026-09-13
3671-SHRSP,0.4874,Unlikely to churn,0.5126,2026-09-13
0979-MOZQI,0.0291,Unlikely to churn,0.9709,2026-09-13
2732-ISEZX,0.3824,Unlikely to churn,0.6176,2026-09-13
3313-QKNKB,0.0635,Unlikely to churn,0.9365,2026-09-13
0323-XWWTN,0.3838,Unlikely to churn,0.6162,2026-09-13
1937-OTUKY,0.0537,Unlikely to churn,0.9463,2026-09-13
1573-LGXBA,0.0566,Unlikely to churn,0.9434,2026-09-13
1764-VUUMT,0.041,Unlikely to churn,0.959,2026-09-13
5073-WXOYN,0.1279,Unlikely to churn,0.8721,2026-09-13
4713-ZBURT,0.0501,Unlikely to churn,0.9499,2026-09-13
3050-GBUSH,0.4268,Unlikely to churn,0.5732,2026-09-13
0207-MDKNV,0.3026,Unlikely to churn,0.6974,2026-09-13
7876-AEHIG,0.0663,Unlikely to churn,0.9337,2026-09-13
7945-HLKEA,0.049,Unlikely to churn,0.951,2026-09-13
9342-VNIMQ,0.1799,Unlikely to churn,0.8201,2026-09-13
9851-KIELU,0.4208,Unlikely to churn,0.5792,2026-09-13
3523-BRGUW,0.1726,Unlikely to churn,0.8274,2026-09-13
3908-BLSYF,0.3167,Unlikely to churn,0.6833,2026-09-13
3199-NPKCN,0.064,Unlikely to churn,0.936,2026-09-13
5170-PTRKA,0.0601,Unlikely to churn,0.9399,2026-09-13
4661-NJEUX,0.4454,Unlikely to churn,0.5546,2026-09-13
2123-AGEEN,0.5093,Likely to churn,0.5093,2026-09-13
1258-YMZNM,0.2862,Unlikely to churn,0.7138,2026-09-13
0048-LUMLS,0.0711,Unlikely to churn,0.9289,2026-09-13
7549-MYGPK,0.0168,Unlikely to churn,0.9832,2026-09-13
5898-IGSLP,0.1213,Unlikely to churn,0.8787,2026-09-13
3804-RVTGV,0.1028,Unlikely to churn,0.8972,2026-09-13
6259-WJQLC,0.2246,Unlikely to churn,0.7754,2026-09-13
9227-LUNBG,0.4808,Unlikely to churn,0.5192,2026-09-13
7997-EASSD,0.0639,Unlikely to churn,0.9361,2026-09-13
0730-KOAVE,0.2343,Unlikely to churn,0.7657,2026-09-13
8975-SKGRX,0.0444,Unlikely to churn,0.9556,2026-09-13
0678-RLHVP,0.0889,Unlikely to churn,0.9111,2026-09-13
4315-MURBD,0.3885,Unlikely to churn,0.6115,2026-09-13
2267-FPIMA,0.0647,Unlikely to churn,0.9353,2026-09-13
1051-GEJLJ,0.3451,Unlikely to churn,0.6549,2026-09-13
9734-YWGEX,0.35,Unlikely to churn,0.65,2026-09-13
2719-BDAQO,0.3151,Unlikely to churn,0.6849,2026-09-13
5285-MVEHD,0.1546,Unlikely to churn,0.8454,2026-09-13
0379-DJQHR,0.0089,Unlikely to churn,0.9911,2026-09-13
0781-LKXBR,0.6067,Likely to churn,0.6067,2026-09-13
5543-QDCRY,0.4702,Unlikely to churn,0.5298,2026-09-13
0297-RBCSG,0.1594,Unlikely to churn,0.8406,2026-09-13
4694-PHWFW,0.241,Unlikely to churn,0.759,2026-09-13
0835-JKADZ,0.0509,Unlikely to churn,0.9491,2026-09-13
1907-UBQFC,0.4196,Unlikely to churn,0.5804,2026-09-13
7508-SMHXL,0.279,Unlikely to churn,0.721,2026-09-13
3865-YIOTT,0.0754,Unlikely to churn,0.9246,2026-09-13
5993-BQHEA,0.1824,Unlikely to churn,0.8176,2026-09-13
6024-RUGGH,0.0544,Unlikely to churn,0.9456,2026-09-13
6513-EECDB,0.619,Likely to churn,0.619,2026-09-13
3956-CJUST,0.3161,Unlikely to churn,0.6839,2026-09-13
4079-WWQQQ,0.0578,Unlikely to churn,0.9422,2026-09-13
6103-BOCOU,0.3436,Unlikely to churn,0.6564,2026-09-13
5149-TGWDZ,0.2793,Unlikely to churn,0.7207,2026-09-13
7471-WNSUF,0.025,Unlikely to churn,0.975,2026-09-13
8942-DBMHZ,0.2186,Unlikely to churn,0.7814,2026-09-13
4301-VVZKA,0.4046,Unlikely to churn,0.5954,2026-09-13
9199-PWQVC,0.0457,Unlikely to churn,0.9543,2026-09-13
4824-GUCBY,0.2386,Unlikely to churn,0.7614,2026-09-13
5393-HJZSM,0.1291,Unlikely to churn,0.8709,2026-09-13
7074-IEVOJ,0.5283,Likely to churn,0.5283,2026-09-13
9625-QSTYE,0.3769,Unlikely to churn,0.6231,2026-09-13
0862-PRCBS,0.0572,Unlikely to churn,0.9428,2026-09-13
8812-ZRHFP,0.1672,Unlikely to churn,0.8328,2026-09-13
5146-CBVOE,0.2263,Unlikely to churn,0.7737,2026-09-13
0454-OKRCT,0.1424,Unlikely to churn,0.8576,2026-09-13
5787-KXGIY,0.0537,Unlikely to churn,0.9463,2026-09-13
4750-ZRXIU,0.5898,Likely to churn,0.5898,2026-09-13
4198-VFOEA,0.4183,Unlikely to churn,0.5817,2026-09-13
6630-UJZMY,0.5637,Likely to churn,0.5637,2026-09-13
5709-LVOEQ,0.2964,Unlikely to churn,0.7036,2026-09-13
6400-BWQKW,0.4612,Unlikely to churn,0.5388,2026-09-13
2692-AQCPF,0.1091,Unlikely to churn,0.8909,2026-09-13
0347-UBKUZ,0.2456,Unlikely to churn,0.7544,2026-09-13
0835-DUUIQ,0.1232,Unlikely to churn,0.8768,2026-09-13
0811-GSDTP,0.3159,Unlikely to churn,0.6841,2026-09-13
7567-ECMCM,0.2809,Unlikely to churn,0.7191,2026-09-13
6115-ZTBFQ,0.0664,Unlikely to churn,0.9336,2026-09-13
6353-BRMMA,0.1147,Unlikely to churn,0.8853,2026-09-13
6680-WKXRZ,0.3526,Unlikely to churn,0.6474,2026-09-13
6231-WFGFH,0.3771,Unlikely to churn,0.6229,2026-09-13
9904-EHEVJ,0.1638,Unlikely to churn,0.8362,2026-09-13
7028-DVOIQ,0.328,Unlikely to churn,0.672,2026-09-13
6169-PPETC,0.0,Unlikely to churn,1.0,2026-09-13
4208-UFFGW,0.3911,Unlikely to churn,0.6089,2026-09-13
8584-KMVXD,0.3549,Unlikely to churn,0.6451,2026-09-13
8467-WYNSR,0.2119,Unlikely to churn,0.7881,2026-09-13
0851-DFJKB,0.1959,Unlikely to churn,0.8041,2026-09-13
5382-SOYZL,0.381,Unlikely to churn,0.619,2026-09-13
9448-REEVD,0.4076,Unlikely to churn,0.5924,2026-09-13
3261-CQXOL,0.0034,Unlikely to churn,0.9966,2026-09-13
8388-FYNPZ,0.4163,Unlikely to churn,0.5837,2026-09-13
4002-BQWPQ,0.1165,Unlikely to churn,0.8835,2026-09-13
5651-YLPRD,0.2231,Unlikely to churn,0.7769,2026-09-13
2826-DXLQO,0.4297,Unlikely to churn,0.5703,2026-09-13
4378-BZYFP,0.2799,Unlikely to churn,0.7201,2026-09-13
9489-UTFKA,0.2827,Unlikely to churn,0.7173,2026-09-13
4849-PYRLQ,0.0396,Unlikely to churn,0.9604,2026-09-13
9117-SHLZX,0.5127,Likely to churn,0.5127,2026-09-13
9889-TMAHG,0.3211,Unlikely to churn,0.6789,2026-09-13
4541-RMRLG,0.277,Unlikely to churn,0.723,2026-09-13
7764-BDPEE,0.2617,Unlikely to churn,0.7383,2026-09-13
3429-IFLEM,0.0467,Unlikely to churn,0.9533,2026-09-13
3158-MOERK,0.5977,Likely to churn,0.5977,2026-09-13
7294-TMAOP,0.4866,Unlikely to churn,0.5134,2026-09-13
5002-GCQFH,0.1102,Unlikely to churn,0.8898,2026-09-13
0556-FJEGU,0.0393,Unlikely to churn,0.9607,2026-09-13
8919-FYFQZ,0.2182,Unlikely to churn,0.7818,2026-09-13
0604-THJFP,0.0281,Unlikely to churn,0.9719,2026-09-13
2834-JRTUA,0.0467,Unlikely to churn,0.9533,2026-09-13
5875-YPQFJ,0.5581,Likely to churn,0.5581,2026-09-13
5879-SESNB,0.3367,Unlikely to churn,0.6633,2026-09-13
6646-QVXLR,0.0938,Unlikely to churn,0.9062,2026-09-13
6461-PPAXN,0.1442,Unlikely to churn,0.8558,2026-09-13
3318-ISQFQ,0.2182,Unlikely to churn,0.7818,2026-09-13
1106-HRLKZ,0.0321,Unlikely to churn,0.9679,2026-09-13
2483-XSSMZ,0.174,Unlikely to churn,0.826,2026-09-13
8603-IJWDN,0.5597,Likely to churn,0.5597,2026-09-13
8165-ZJRNM,0.0278,Unlikely to churn,0.9722,2026-09-13
9369-XFEHK,0.2548,Unlikely to churn,0.7452,2026-09-13
2604-XVDAM,0.2127,Unlikely to churn,0.7873,2026-09-13
3717-OFRTN,0.3007,Unlikely to churn,0.6993,2026-09-13
9046-JBFWA,0.117,Unlikely to churn,0.883,2026-09-13
3280-NMUVX,0.065,Unlikely to churn,0.935,2026-09-13
1206-EHBDD,0.0837,Unlikely to churn,0.9163,2026-09-13
8361-LBRDI,0.0804,Unlikely to churn,0.9196,2026-09-13
4883-KCPZJ,0.1817,Unlikely to churn,0.8183,2026-09-13
9108-EQPNQ,0.2407,Unlikely to churn,0.7593,2026-09-13
7277-KAMWT,0.1904,Unlikely to churn,0.8096,2026-09-13
3842-IYKUE,0.1378,Unlikely to churn,0.8622,2026-09-13
6641-XRPSU,0.2187,Unlikely to churn,0.7813,2026-09-13
1374-DMZUI,0.6144,Likely to churn,0.6144,2026-09-13
2545-LXYVJ,0.0231,Unlikely to churn,0.9769,2026-09-13
3234-VKACU,0.4125,Unlikely to churn,0.5875,2026-09-13
8357-EQXFO,0.5078,Likely to churn,0.5078,2026-09-13
1989-PRJHP,0.3282,Unlikely to churn,0.6718,2026-09-13
8120-JDCAM,0.4407,Unlikely to churn,0.5593,2026-09-13
8917-FAEMR,0.1216,Unlikely to churn,0.8784,2026-09-13
7047-YXDMZ,0.177,Unlikely to churn,0.823,2026-09-13
2858-EIMXH,0.1819,Unlikely to churn,0.8181,2026-09-13
9524-EGPJC,0.3676,Unlikely to churn,0.6324,2026-09-13
6993-OHLXR,0.4046,Unlikely to churn,0.5954,2026-09-13
8818-XYFCQ,0.254,Unlikely to churn,0.746,2026-09-13
6419-ZTTLE,0.2737,Unlikely to churn,0.7263,2026-09-13
0929-HYQEW,0.4315,Unlikely to churn,0.5685,2026-09-13
6614-YOLAC,0.0857,Unlikely to churn,0.9143,2026-09-13
7426-RHZGU,0.4147,Unlikely to churn,0.5853,2026-09-13
4065-JJAVA,0.3431,Unlikely to churn,0.6569,2026-09-13
4695-VADHF,0.1715,Unlikely to churn,0.8285,2026-09-13
3863-IUBJR,0.1912,Unlikely to churn,0.8088,2026-09-13
7649-SIJJF,0.0396,Unlikely to churn,0.9604,2026-09-13
9361-YNQWJ,0.0323,Unlikely to churn,0.9677,2026-09-13
3748-FVMZZ,0.5047,Likely to churn,0.5047,2026-09-13
9391-TTOYH,0.2419,Unlikely to churn,0.7581,2026-09-13
1452-XRSJV,0.0973,Unlikely to churn,0.9027,2026-09-13
3422-WJOYD,0.185,Unlikely to churn,0.815,2026-09-13
8242-SOQUO,0.5044,Likely to churn,0.5044,2026-09-13
7460-ITWWP,0.2042,Unlikely to churn,0.7958,2026-09-13
7147-AYBAA,0.1526,Unlikely to churn,0.8474,2026-09-13
7868-TMWMZ,0.0883,Unlikely to churn,0.9117,2026-09-13
4822-RVYBB,0.4894,Unlikely to churn,0.5106,2026-09-13
6732-FZUGP,0.0851,Unlikely to churn,0.9149,2026-09-13
8436-BJUMM,0.2752,Unlikely to churn,0.7248,2026-09-13
4184-TJFAN,0.4774,Unlikely to churn,0.5226,2026-09-13
8329-GWVPJ,0.1325,Unlikely to churn,0.8675,2026-09-13
1352-VHKAJ,0.1497,Unlikely to churn,0.8503,2026-09-13
4145-UQXUQ,0.5128,Likely to churn,0.5128,2026-09-13
2632-TACXW,0.0457,Unlikely to churn,0.9543,2026-09-13
8146-QQKZH,0.0136,Unlikely to churn,0.9864,2026-09-13
1767-CJKBA,0.0329,Unlikely to churn,0.9671,2026-09-13
6445-TNRXS,0.0875,Unlikely to churn,0.9125,2026-09-13
4581-LNWUM,0.3775,Unlikely to churn,0.6225,2026-09-13
4869-EPIUS,0.1434,Unlikely to churn,0.8566,2026-09-13
9948-YPTDG,0.2101,Unlikely to churn,0.7899,2026-09-13
1236-WFCDV,0.3193,Unlikely to churn,0.6807,2026-09-13
1915-OAKWD,0.2295,Unlikely to churn,0.7705,2026-09-13
7296-PIXQY,0.2955,Unlikely to churn,0.7045,2026-09-13
4883-QICIH,0.187,Unlikely to churn,0.813,2026-09-13
3354-OADJP,0.2323,Unlikely to churn,0.7677,2026-09-13
3524-WQDSG,0.137,Unlikely to churn,0.863,2026-09-13
0810-DHDBD,0.0279,Unlikely to churn,0.9721,2026-09-13
4026-SKKHW,0.4849,Unlikely to churn,0.5151,2026-09-13
2829-HYVZP,0.1646,Unlikely to churn,0.8354,2026-09-13
8329-IBCTI,0.3571,Unlikely to churn,0.6429,2026-09-13
1271-SJBGZ,0.4035,Unlikely to churn,0.5965,2026-09-13
3845-JHAMY,0.3083,Unlikely to churn,0.6917,2026-09-13
7013-PSXHK,0.1799,Unlikely to churn,0.8201,2026-09-13
5669-SRAIP,0.4805,Unlikely to churn,0.5195,2026-09-13
5981-ITEMU,0.1887,Unlikely to churn,0.8113,2026-09-13
3486-NPGST,0.1496,Unlikely to churn,0.8504,2026-09-13
6941-PMGEP,0.4822,Unlikely to churn,0.5178,2026-09-13
1624-WOIWJ,0.4176,Unlikely to churn,0.5824,2026-09-13
2074-GKOWZ,0.4802,Unlikely to churn,0.5198,2026-09-13
0376-YMCJC,0.3167,Unlikely to churn,0.6833,2026-09-13
6100-FJZDG,0.1498,Unlikely to churn,0.8502,2026-09-13
4829-ZLJTK,0.1406,Unlikely to churn,0.8594,2026-09-13
1730-VFMWO,0.1117,Unlikely to churn,0.8883,2026-09-13
7143-BQIBA,0.2644,Unlikely to churn,0.7356,2026-09-13
3800-LYTRK,0.2384,Unlikely to churn,0.7616,2026-09-13
0634-SZPQA,0.254,Unlikely to churn,0.746,2026-09-13
9646-NMHXE,0.0384,Unlikely to churn,0.9616,2026-09-13
7030-NJVDP,0.3035,Unlikely to churn,0.6965,2026-09-13
5536-RTPWK,0.2023,Unlikely to churn,0.7977,2026-09-13
8883-GRDWQ,0.2321,Unlikely to churn,0.7679,2026-09-13
6166-ILMNY,0.3539,Unlikely to churn,0.6461,2026-09-13
3097-NNSPB,0.381,Unlikely to churn,0.619,2026-09-13
7771-ZONAT,0.242,Unlikely to churn,0.758,2026-09-13
0655-RBDUG,0.409,Unlikely to churn,0.591,2026-09-13
2111-DWYHN,0.3206,Unlikely to churn,0.6794,2026-09-13
4194-WHFCB,0.0743,Unlikely to churn,0.9257,2026-09-13
4121-AGSIN,0.0846,Unlikely to churn,0.9154,2026-09-13
4361-BKAXE,0.2481,Unlikely to churn,0.7519,2026-09-13
9845-PEEKO,0.074,Unlikely to churn,0.926,2026-09-13
0455-XFASS,0.5061,Likely to churn,0.5061,2026-09-13
0301-KOBTQ,0.1481,Unlikely to churn,0.8519,2026-09-13
1751-NCDLI,0.2359,Unlikely to churn,0.7641,2026-09-13
4367-NUYAO,0.3478,Unlikely to churn,0.6522,2026-09-13
9878-TNQGW,0.5127,Likely to churn,0.5127,2026-09-13
9170-ARBTB,0.0403,Unlikely to churn,0.9597,2026-09-13
4441-NIHPT,0.4048,Unlikely to churn,0.5952,2026-09-13
8999-BOHSE,0.3321,Unlikely to churn,0.6679,2026-09-13
7241-AJHFS,0.0993,Unlikely to churn,0.9007,2026-09-13
7029-RPUAV,0.4348,Unlikely to churn,0.5652,2026-09-13
4546-FOKWR,0.3225,Unlikely to churn,0.6775,2026-09-13
9036-CSKBW,0.0711,Unlikely to churn,0.9289,2026-09-13
5832-TRLPB,0.1957,Unlikely to churn,0.8043,2026-09-13
8590-YFFQO,0.0431,Unlikely to churn,0.9569,2026-09-13
8659-IOOPU,0.0408,Unlikely to churn,0.9592,2026-09-13
1338-CECEE,0.0419,Unlikely to churn,0.9581,2026-09-13
7439-DKZTW,0.5562,Likely to churn,0.5562,2026-09-13
4646-QZXTF,0.3106,Unlikely to churn,0.6894,2026-09-13
4607-CHPCA,0.3542,Unlikely to churn,0.6458,2026-09-13
9742-XOKTS,0.0689,Unlikely to churn,0.9311,2026-09-13
6921-OZMFH,0.4614,Unlikely to churn,0.5386,2026-09-13
9578-FOMUK,0.2975,Unlikely to churn,0.7025,2026-09-13
4712-UYOOI,0.1792,Unlikely to churn,0.8208,2026-09-13
8824-RWFXJ,0.4276,Unlikely to churn,0.5724,2026-09-13
7722-CVFXN,0.1489,Unlikely to churn,0.8511,2026-09-13
8717-VCTXJ,0.0849,Unlikely to churn,0.9151,2026-09-13
7363-QTBIW,0.4693,Unlikely to churn,0.5307,2026-09-13
4159-NAAIX,0.0249,Unlikely to churn,0.9751,2026-09-13
0971-QIFJK,0.0,Unlikely to churn,1.0,2026-09-13
9397-TZSHA,0.0615,Unlikely to churn,0.9385,2026-09-13
3391-JSQEW,0.1975,Unlikely to churn,0.8025,2026-09-13
0343-QLUZP,0.089,Unlikely to churn,0.911,2026-09-13
9763-PDTKK,0.3526,Unlikely to churn,0.6474,2026-09-13
2176-LVPNX,0.0058,Unlikely to churn,0.9942,2026-09-13
7627-JKIAZ,0.1722,Unlikely to churn,0.8278,2026-09-13
3312-UUMZW,0.2701,Unlikely to churn,0.7299,2026-09-13
1271-UODNO,0.1494,Unlikely to churn,0.8506,2026-09-13
8461-EFQYM,0.18,Unlikely to churn,0.82,2026-09-13
6900-RBKER,0.0933,Unlikely to churn,0.9067,2026-09-13
6891-JPYFF,0.1419,Unlikely to churn,0.8581,2026-09-13
1459-QNFQT,0.0056,Unlikely to churn,0.9944,2026-09-13
1047-NNCBF,0.2279,Unlikely to churn,0.7721,2026-09-13
3696-XRIEN,0.0907,Unlikely to churn,0.9093,2026-09-13
4081-DYXAV,0.3664,Unlikely to churn,0.6336,2026-09-13
0074-HDKDG,0.1718,Unlikely to churn,0.8282,2026-09-13
8791-GFXLZ,0.3107,Unlikely to churn,0.6893,2026-09-13
8111-SLLHI,0.2776,Unlikely to churn,0.7224,2026-09-13
0927-LCSMG,0.4025,Unlikely to churn,0.5975,2026-09-13
9330-DHBFL,0.1626,Unlikely to churn,0.8374,2026-09-13
0098-BOWSO,0.1996,Unlikely to churn,0.8004,2026-09-13
3452-ABWRL,0.0901,Unlikely to churn,0.9099,2026-09-13
5859-HZYLF,0.1263,Unlikely to churn,0.8737,2026-09-13
8257-RZAHR,0.3113,Unlikely to churn,0.6887,2026-09-13
5293-WXJAK,0.4273,Unlikely to churn,0.5727,2026-09-13
3156-QLHBO,0.3309,Unlikely to churn,0.6691,2026-09-13
2208-NQBCT,0.1736,Unlikely to churn,0.8264,2026-09-13
1779-PWPMG,0.1091,Unlikely to churn,0.8909,2026-09-13
6621-NRZAK,0.0249,Unlikely to churn,0.9751,2026-09-13
0831-JNISG,0.0217,Unlikely to churn,0.9783,2026-09-13
0774-IFUVM,0.2506,Unlikely to churn,0.7494,2026-09-13
3082-WQRVY,0.2621,Unlikely to churn,0.7379,2026-09-13
9553-DLCLU,0.224,Unlikely to churn,0.776,2026-09-13
1641-BYBTK,0.2661,Unlikely to churn,0.7339,2026-09-13
2460-NGXBJ,0.3171,Unlikely to churn,0.6829,2026-09-13
2446-ZKVAF,0.2042,Unlikely to churn,0.7958,2026-09-13
0841-NULXI,0.5713,Likely to churn,0.5713,2026-09-13
3522-CDKHF,0.2234,Unlikely to churn,0.7766,2026-09-13
1430-SFQSA,0.2144,Unlikely to churn,0.7856,2026-09-13
0411-EZJZE,0.4874,Unlikely to churn,0.5126,2026-09-13
7851-WZEKY,0.6252,Likely to churn,0.6252,2026-09-13
8844-TONUD,0.445,Unlikely to churn,0.555,2026-09-13
8807-ARQET,0.1952,Unlikely to churn,0.8048,2026-09-13
8992-CEUEN,0.3708,Unlikely to churn,0.6292,2026-09-13
4320-QMLLA,0.3568,Unlikely to churn,0.6432,2026-09-13
8777-PVYGU,0.0871,Unlikely to churn,0.9129,2026-09-13
8292-ITGYJ,0.0983,Unlikely to churn,0.9017,2026-09-13
6870-ZWMNX,0.0265,Unlikely to churn,0.9735,2026-09-13
0621-CXBKL,0.0518,Unlikely to churn,0.9482,2026-09-13
5268-DSMNQ,0.1301,Unlikely to churn,0.8699,2026-09-13
5334-JLAXU,0.0019,Unlikely to churn,0.9981,2026-09-13
4086-YQSNZ,0.505,Likely to churn,0.505,2026-09-13
6242-MBHPK,0.3696,Unlikely to churn,0.6304,2026-09-13
5868-CZJDR,0.4968,Unlikely to churn,0.5032,2026-09-13
9359-UGBTK,0.0272,Unlikely to churn,0.9728,2026-09-13
0135-NMXAP,0.2986,Unlikely to churn,0.7014,2026-09-13
4782-OSFXZ,0.0068,Unlikely to churn,0.9932,2026-09-13
6479-OAUSD,0.1066,Unlikely to churn,0.8934,2026-09-13
7129-ACFOG,0.5324,Likely to churn,0.5324,2026-09-13
4189-NAKJS,0.3036,Unlikely to churn,0.6964,2026-09-13
5562-BETPV,0.2963,Unlikely to churn,0.7037,2026-09-13
1282-IHQAC,0.0415,Unlikely to churn,0.9585,2026-09-13
9127-FHJBZ,0.0275,Unlikely to churn,0.9725,2026-09-13
6270-OMFIW,0.0699,Unlikely to churn,0.9301,2026-09-13
1641-RQDAY,0.3089,Unlikely to churn,0.6911,2026-09-13
0107-WESLM,0.4062,Unlikely to churn,0.5938,2026-09-13
6994-ORCWG,0.3656,Unlikely to churn,0.6344,2026-09-13
1346-UFHAX,0.2926,Unlikely to churn,0.7074,2026-09-13
3992-YWPKO,0.4052,Unlikely to churn,0.5948,2026-09-13
2933-XEUJM,0.1049,Unlikely to churn,0.8951,2026-09-13
0125-LZQXK,0.4259,Unlikely to churn,0.5741,2026-09-13
5461-QKNTN,0.2054,Unlikely to churn,0.7946,2026-09-13
4835-YSJMR,0.0993,Unlikely to churn,0.9007,2026-09-13
8399-YNDCH,0.2935,Unlikely to churn,0.7065,2026-09-13
3164-YAXFY,0.106,Unlikely to churn,0.894,2026-09-13
0887-WBJVH,0.1775,Unlikely to churn,0.8225,2026-09-13
4660-IRIBM,0.2732,Unlikely to churn,0.7268,2026-09-13
5673-FSSMF,0.4784,Unlikely to churn,0.5216,2026-09-13
7670-ZBPOQ,0.062,Unlikely to churn,0.938,2026-09-13
8089-UZWLX,0.0735,Unlikely to churn,0.9265,2026-09-13
0080-OROZO,0.2755,Unlikely to churn,0.7245,2026-09-13
3916-NRPAP,0.3223,Unlikely to churn,0.6777,2026-09-13
6807-SIWJI,0.2946,Unlikely to churn,0.7054,2026-09-13
8221-HVAYI,0.1274,Unlikely to churn,0.8726,2026-09-13
1579-KLYDT,0.4441,Unlikely to churn,0.5559,2026-09-13
5232-NXPAY,0.1134,Unlikely to churn,0.8866,2026-09-13
8967-SZQAS,0.3324,Unlikely to churn,0.6676,2026-09-13
4468-KAZHE,0.3979,Unlikely to churn,0.6021,2026-09-13
0455-ENTCR,0.0103,Unlikely to churn,0.9897,2026-09-13
8944-AILEF,0.2236,Unlikely to churn,0.7764,2026-09-13
5542-NKVRU,0.1401,Unlikely to churn,0.8599,2026-09-13
7126-RBHSD,0.2512,Unlikely to churn,0.7488,2026-09-13
5370-IIVVL,0.1711,Unlikely to churn,0.8289,2026-09-13
6789-HJBWG,0.3587,Unlikely to churn,0.6413,2026-09-13
3927-NLNRY,0.1418,Unlikely to churn,0.8582,2026-09-13
9087-EYCPR,0.0393,Unlikely to churn,0.9607,2026-09-13
6791-YBNAK,0.2061,Unlikely to churn,0.7939,2026-09-13
6358-LYNGM,0.5198,Likely to churn,0.5198,2026-09-13
6077-BDPXA,0.4835,Unlikely to churn,0.5165,2026-09-13
0013-MHZWF,0.2784,Unlikely to churn,0.7216,2026-09-13
5494-HECPR,0.5869,Likely to churn,0.5869,2026-09-13
8268-YDIXR,0.1178,Unlikely to churn,0.8822,2026-09-13
9824-BEMCV,0.3514,Unlikely to churn,0.6486,2026-09-13
1373-ORVIZ,0.2915,Unlikely to churn,0.7085,2026-09-13
4291-SHSBH,0.4574,Unlikely to churn,0.5426,2026-09-13
6980-IMXXE,0.0,Unlikely to churn,1.0,2026-09-13
9866-QEVEE,0.2243,Unlikely to churn,0.7757,2026-09-13
9897-KXHCM,0.4173,Unlikely to churn,0.5827,2026-09-13
0040-HALCW,0.0,Unlikely to churn,1.0,2026-09-13
0784-GTUUK,0.0,Unlikely to churn,1.0,2026-09-13
7979-CORPM,0.2301,Unlikely to churn,0.7699,2026-09-13
2294-DMMUS,0.1023,Unlikely to churn,0.8977,2026-09-13
0872-JCPIB,0.1741,Unlikely to churn,0.8259,2026-09-13
3055-MJDSB,0.5252,Likely to churn,0.5252,2026-09-13
9091-WTUUY,0.0399,Unlikely to churn,0.9601,2026-09-13
1618-CFHME,0.5562,Likely to churn,0.5562,2026-09-13
3165-HDOEW,0.447,Unlikely to churn,0.553,2026-09-13
6581-NQCBA,0.4862,Unlikely to churn,0.5138,2026-09-13
7115-IRDHS,0.0426,Unlikely to churn,0.9574,2026-09-13
8496-DMZUK,0.1257,Unlikely to churn,0.8743,2026-09-13
2040-VZIKE,0.215,Unlikely to churn,0.785,2026-09-13
9068-VPWQQ,0.0502,Unlikely to churn,0.9498,2026-09-13
0178-SZBHO,0.0755,Unlikely to churn,0.9245,2026-09-13
0384-RVBPI,0.1365,Unlikely to churn,0.8635,2026-09-13
1689-MRZQR,0.1122,Unlikely to churn,0.8878,2026-09-13
1299-AURJA,0.0209,Unlikely to churn,0.9791,2026-09-13
4525-VZCZG,0.1245,Unlikely to churn,0.8755,2026-09-13
1543-LLLFT,0.0752,Unlikely to churn,0.9248,2026-09-13
5835-BEQEU,0.5267,Likely to churn,0.5267,2026-09-13
2788-CJQAQ,0.2513,Unlikely to churn,0.7487,2026-09-13
5565-FILXA,0.5187,Likely to churn,0.5187,2026-09-13
0319-QZTCO,0.405,Unlikely to churn,0.595,2026-09-13
2120-SMPEX,0.2624,Unlikely to churn,0.7376,2026-09-13
0096-FCPUF,0.2122,Unlikely to churn,0.7878,2026-09-13
0668-OGMHD,0.3148,Unlikely to churn,0.6852,2026-09-13
5552-ZNFSJ,0.401,Unlikely to churn,0.599,2026-09-13
2223-KAGMX,0.2101,Unlikely to churn,0.7899,2026-09-13
6507-ZJSUR,0.4264,Unlikely to churn,0.5736,2026-09-13
9408-HRXRK,0.1665,Unlikely to churn,0.8335,2026-09-13
5593-SUAOO,0.1043,Unlikely to churn,0.8957,2026-09-13
7321-PKUYW,0.3182,Unlikely to churn,0.6818,2026-09-13
2833-SLKDQ,0.3694,Unlikely to churn,0.6306,2026-09-13
6766-HFKLA,0.1114,Unlikely to churn,0.8886,2026-09-13
7595-EUIVN,0.4551,Unlikely to churn,0.5449,2026-09-13
7617-EYGLW,0.3196,Unlikely to churn,0.6804,2026-09-13
2026-TGDHM,0.4638,Unlikely to churn,0.5362,2026-09-13
9220-ZNKJI,0.0459,Unlikely to churn,0.9541,2026-09-13
4030-VPZBD,0.5273,Likely to churn,0.5273,2026-09-13
2226-ICFDO,0.0588,Unlikely to churn,0.9412,2026-09-13
0723-VSOBE,0.1408,Unlikely to churn,0.8592,2026-09-13
5529-GIBVH,0.1208,Unlikely to churn,0.8792,2026-09-13
4187-CINZD,0.1178,Unlikely to churn,0.8822,2026-09-13
9992-UJOEL,0.5092,Likely to churn,0.5092,2026-09-13
4741-WWJQZ,0.4848,Unlikely to churn,0.5152,2026-09-13
6625-UTXEW,0.4126,Unlikely to churn,0.5874,2026-09-13
6818-WOBHJ,0.0572,Unlikely to churn,0.9428,2026-09-13
6244-BESBM,0.0611,Unlikely to churn,0.9389,2026-09-13
1004-NOZNR,0.0731,Unlikely to churn,0.9269,2026-09-13
1251-STYSZ,0.5012,Likely to churn,0.5012,2026-09-13
2612-PHGOX,0.0626,Unlikely to churn,0.9374,2026-09-13
2408-TZMJL,0.1463,Unlikely to churn,0.8537,2026-09-13
8480-PPONV,0.0681,Unlikely to churn,0.9319,2026-09-13
8780-IHCRN,0.0711,Unlikely to churn,0.9289,2026-09-13
4598-ZADCK,0.1423,Unlikely to churn,0.8577,2026-09-13
1257-SXUXQ,0.2599,Unlikely to churn,0.7401,2026-09-13
9681-KYGYB,0.1572,Unlikely to churn,0.8428,2026-09-13
7182-OVLBJ,0.0714,Unlikely to churn,0.9286,2026-09-13
5095-ETBRJ,0.0584,Unlikely to churn,0.9416,2026-09-13
7005-CYUIL,0.0435,Unlikely to churn,0.9565,2026-09-13
4821-WQOYN,0.0712,Unlikely to churn,0.9288,2026-09-13
4730-AWNAU,0.1453,Unlikely to churn,0.8547,2026-09-13
3452-FLHYD,0.1851,Unlikely to churn,0.8149,2026-09-13
2388-LAESQ,0.1063,Unlikely to churn,0.8937,2026-09-13
9531-NSBMR,0.0542,Unlikely to churn,0.9458,2026-09-13
6260-ONULR,0.5088,Likely to churn,0.5088,2026-09-13
4389-UEFCZ,0.1106,Unlikely to churn,0.8894,2026-09-13
8711-LOBKY,0.0367,Unlikely to churn,0.9633,2026-09-13
9134-CEQMF,0.5859,Likely to churn,0.5859,2026-09-13
8985-OOPOS,0.2772,Unlikely to churn,0.7228,2026-09-13
8800-ZKRFW,0.2558,Unlikely to churn,0.7442,2026-09-13
2616-FLVQC,0.0928,Unlikely to churn,0.9072,2026-09-13
9968-FFVVH,0.0505,Unlikely to churn,0.9495,2026-09-13
3108-PCCGG,0.0386,Unlikely to churn,0.9614,2026-09-13
7993-PYKOF,0.3379,Unlikely to churn,0.6621,2026-09-13
8390-FESFV,0.0294,Unlikely to churn,0.9706,2026-09-13
3022-BEXHZ,0.0016,Unlikely to churn,0.9984,2026-09-13
5027-XWQHA,0.372,Unlikely to churn,0.628,2026-09-13
6248-TKCQV,0.0657,Unlikely to churn,0.9343,2026-09-13
6729-GDNGC,0.1905,Unlikely to churn,0.8095,2026-09-13
6198-ZFIOJ,0.3869,Unlikely to churn,0.6131,2026-09-13
5989-OMNJE,0.2037,Unlikely to churn,0.7963,2026-09-13
4566-QVRRW,0.3839,Unlikely to churn,0.6161,2026-09-13
1291-CUOCY,0.067,Unlikely to churn,0.933,2026-09-13
9795-SHUHB,0.0,Unlikely to churn,1.0,2026-09-13
3230-IUALN,0.1319,Unlikely to churn,0.8681,2026-09-13
0042-RLHYP,0.0403,Unlikely to churn,0.9597,2026-09-13
8519-IMDHU,0.3781,Unlikely to churn,0.6219,2026-09-13
4945-RVMTE,0.1277,Unlikely to churn,0.8723,2026-09-13
0201-OAMXR,0.0143,Unlikely to churn,0.9857,2026-09-13
1866-NXPSP,0.1642,Unlikely to churn,0.8358,2026-09-13
3372-KWFBM,0.3421,Unlikely to churn,0.6579,2026-09-13
7831-QGOXH,0.3572,Unlikely to churn,0.6428,2026-09-13
6393-WRYZE,0.2933,Unlikely to churn,0.7067,2026-09-13
3941-XTSKM,0.1462,Unlikely to churn,0.8538,2026-09-13
1661-CZBAU,0.062,Unlikely to churn,0.938,2026-09-13
6599-RCLCJ,0.1974,Unlikely to churn,0.8026,2026-09-13
9831-BPFRI,0.172,Unlikely to churn,0.828,2026-09-13
5158-RIVOP,0.2392,Unlikely to churn,0.7608,2026-09-13
9788-YTFGE,0.3658,Unlikely to churn,0.6342,2026-09-13
9277-JOOMO,0.349,Unlikely to churn,0.651,2026-09-13
1907-YLNYW,0.2924,Unlikely to churn,0.7076,2026-09-13
1725-MIMXW,0.4213,Unlikely to churn,0.5787,2026-09-13
8947-YRTDV,0.1106,Unlikely to churn,0.8894,2026-09-13
3161-ONRWK,0.0182,Unlikely to churn,0.9818,2026-09-13
0114-RSRRW,0.2956,Unlikely to churn,0.7044,2026-09-13
4565-NLZBV,0.0,Unlikely to churn,1.0,2026-09-13
0031-PVLZI,0.2893,Unlikely to churn,0.7107,2026-09-13
7206-GZCDC,0.59,Likely to churn,0.59,2026-09-13
6682-VCIXC,0.119,Unlikely to churn,0.881,2026-09-13
4791-QRGMF,0.0673,Unlikely to churn,0.9327,2026-09-13
6475-VHUIZ,0.1914,Unlikely to churn,0.8086,2026-09-13
3910-MRQOY,0.0413,Unlikely to churn,0.9587,2026-09-13
0661-WCQNQ,0.1746,Unlikely to churn,0.8254,2026-09-13
7537-RBWEA,0.5449,Likely to churn,0.5449,2026-09-13
4656-CAURT,0.0486,Unlikely to churn,0.9514,2026-09-13
0121-SNYRK,0.1356,Unlikely to churn,0.8644,2026-09-13
1768-ZAIFU,0.6265,Likely to churn,0.6265,2026-09-13
4671-LXRDQ,0.5569,Likely to churn,0.5569,2026-09-13
3733-LSYCE,0.2554,Unlikely to churn,0.7446,2026-09-13
6265-FRMTQ,0.1245,Unlikely to churn,0.8755,2026-09-13
1934-SJVJK,0.4267,Unlikely to churn,0.5733,2026-09-13
3838-OZURD,0.0798,Unlikely to churn,0.9202,2026-09-13
1371-DWPAZ,0.2822,Unlikely to churn,0.7178,2026-09-13
9269-CQOOL,0.3851,Unlikely to churn,0.6149,2026-09-13
2017-CCBLH,0.2908,Unlikely to churn,0.7092,2026-09-13
7690-KPNCU,0.0298,Unlikely to churn,0.9702,2026-09-13
0536-BGFMZ,0.1212,Unlikely to churn,0.8788,2026-09-13
2293-IJWPS,0.196,Unlikely to churn,0.804,2026-09-13
2845-HSJCY,0.349,Unlikely to churn,0.651,2026-09-13
5469-NUJUR,0.2347,Unlikely to churn,0.7653,2026-09-13
1184-PJVDB,0.4666,Unlikely to churn,0.5334,2026-09-13
2625-TRCZQ,0.1752,Unlikely to churn,0.8248,2026-09-13
4102-HLENU,0.0248,Unlikely to churn,0.9752,2026-09-13
7266-GSSJX,0.3149,Unlikely to churn,0.6851,2026-09-13
7722-VJRQD,0.0,Unlikely to churn,1.0,2026-09-13
7073-QETQY,0.0484,Unlikely to churn,0.9516,2026-09-13
9415-DPEWS,0.4006,Unlikely to churn,0.5994,2026-09-13
5624-RYAMH,0.3638,Unlikely to churn,0.6362,2026-09-13
0196-JTUQI,0.3871,Unlikely to churn,0.6129,2026-09-13
7130-YXBRO,0.1344,Unlikely to churn,0.8656,2026-09-13
9272-LSVYH,0.3308,Unlikely to churn,0.6692,2026-09-13
7943-RQCHR,0.519,Likely to churn,0.519,2026-09-13
3793-MMFUH,0.5158,Likely to churn,0.5158,2026-09-13
3249-ZPQRG,0.416,Unlikely to churn,0.584,2026-09-13
2568-BRGYX,0.4423,Unlikely to churn,0.5577,2026-09-13
3084-DOWLE,0.0543,Unlikely to churn,0.9457,2026-09-13
1084-MNSMJ,0.0362,Unlikely to churn,0.9638,2026-09-13
7721-JXEAW,0.0927,Unlikely to churn,0.9073,2026-09-13
7249-WBIYX,0.4213,Unlikely to churn,0.5787,2026-09-13
4238-HFHSN,0.1553,Unlikely to churn,0.8447,2026-09-13
6250-CGGUN,0.1064,Unlikely to churn,0.8936,2026-09-13
5478-JJVZK,0.241,Unlikely to churn,0.759,2026-09-13
7596-IIWYC,0.1253,Unlikely to churn,0.8747,2026-09-13
6567-HOOPW,0.5784,Likely to churn,0.5784,2026-09-13
9793-WECQC,0.2862,Unlikely to churn,0.7138,2026-09-13
4291-HPAXL,0.2519,Unlikely to churn,0.7481,2026-09-13
8999-YPYBV,0.1044,Unlikely to churn,0.8956,2026-09-13
1839-FBNFR,0.1038,Unlikely to churn,0.8962,2026-09-13
3164-AALRN,0.4676,Unlikely to churn,0.5324,2026-09-13
3071-MVJCD,0.0221,Unlikely to churn,0.9779,2026-09-13
1697-BCSHV,0.0604,Unlikely to churn,0.9396,2026-09-13
0562-KBDVM,0.0838,Unlikely to churn,0.9162,2026-09-13
1131-SUEKT,0.1136,Unlikely to churn,0.8864,2026-09-13
3717-OEAUQ,0.3351,Unlikely to churn,0.6649,2026-09-13
4538-WNTMJ,0.0561,Unlikely to churn,0.9439,2026-09-13
3334-CTHOL,0.4599,Unlikely to churn,0.5401,2026-09-13
4704-ERYFC,0.2735,Unlikely to churn,0.7265,2026-09-13
9432-RUVSL,0.1307,Unlikely to churn,0.8693,2026-09-13
8060-HIWJJ,0.0773,Unlikely to churn,0.9227,2026-09-13
7684-XSZIY,0.0,Unlikely to churn,1.0,2026-09-13
9089-UOWJG,0.2869,Unlikely to churn,0.7131,2026-09-13
8621-MNIHH,0.2279,Unlikely to churn,0.7721,2026-09-13
8039-ACLPL,0.0,Unlikely to churn,1.0,2026-09-13
9885-AIBVB,0.313,Unlikely to churn,0.687,2026-09-13
1934-MKPXS,0.0668,Unlikely to churn,0.9332,2026-09-13
2592-YKDIF,0.3599,Unlikely to churn,0.6401,2026-09-13
2272-JKMSI,0.0405,Unlikely to churn,0.9595,2026-09-13
0471-LVHGK,0.2382,Unlikely to churn,0.7618,2026-09-13
9518-RWHZL,0.1104,Unlikely to churn,0.8896,2026-09-13
8714-CTZJW,0.3924,Unlikely to churn,0.6076,2026-09-13
3569-EDBPQ,0.313,Unlikely to churn,0.687,2026-09-13
3131-NWVFJ,0.1572,Unlikely to churn,0.8428,2026-09-13
7521-YXVZY,0.3173,Unlikely to churn,0.6827,2026-09-13
5419-CONWX,0.4825,Unlikely to churn,0.5175,2026-09-13
6240-EURKS,0.3316,Unlikely to churn,0.6684,2026-09-13
2373-NTKOD,0.4317,Unlikely to churn,0.5683,2026-09-13
1970-KKFWL,0.0753,Unlikely to churn,0.9247,2026-09-13
6960-HVYXR,0.4679,Unlikely to churn,0.5321,2026-09-13
9337-SRRNI,0.0386,Unlikely to churn,0.9614,2026-09-13
0895-UADGO,0.4178,Unlikely to churn,0.5822,2026-09-13
5678-VFNEQ,0.07,Unlikely to churn,0.93,2026-09-13
5977-CKHON,0.1456,Unlikely to churn,0.8544,2026-09-13
7024-OHCCK,0.6143,Likely to churn,0.6143,2026-09-13
2692-BUCFV,0.3569,Unlikely to churn,0.6431,2026-09-13
7861-UVUFT,0.321,Unlikely to churn,0.679,2026-09-13
1830-GGFNM,0.0692,Unlikely to churn,0.9308,2026-09-13
5302-BDJNT,0.1996,Unlikely to churn,0.8004,2026-09-13
5223-UZAVK,0.057,Unlikely to churn,0.943,2026-09-13
4859-ZSRDZ,0.155,Unlikely to churn,0.845,2026-09-13
5651-WYIPH,0.326,Unlikely to churn,0.674,2026-09-13
9350-VLHMB,0.0827,Unlikely to churn,0.9173,2026-09-13
3498-LZGQZ,0.0428,Unlikely to churn,0.9572,2026-09-13
8785-CJSHH,0.1313,Unlikely to churn,0.8687,2026-09-13
5357-TZHPP,0.4213,Unlikely to churn,0.5787,2026-09-13
3870-SPZSI,0.0639,Unlikely to churn,0.9361,2026-09-13
0680-DFNNY,0.5029,Likely to churn,0.5029,2026-09-13
7560-QRBXH,0.0591,Unlikely to churn,0.9409,2026-09-13
7077-XJMET,0.3386,Unlikely to churn,0.6614,2026-09-13
8752-GHJFU,0.0872,Unlikely to churn,0.9128,2026-09-13
6896-SRVYQ,0.1563,Unlikely to churn,0.8437,2026-09-13
7767-UXAGJ,0.5477,Likely to churn,0.5477,2026-09-13
4652-ODEVH,0.0901,Unlikely to churn,0.9099,2026-09-13
6510-UPNKS,0.1331,Unlikely to churn,0.8669,2026-09-13
6718-BDGHG,0.0799,Unlikely to churn,0.9201,2026-09-13
9046-DQMTP,0.0638,Unlikely to churn,0.9362,2026-09-13
6439-LAJXL,0.2603,Unlikely to churn,0.7397,2026-09-13
1571-SAVHK,0.4815,Unlikely to churn,0.5185,2026-09-13
9052-VKDUW,0.0927,Unlikely to churn,0.9073,2026-09-13
9546-CQJSU,0.4916,Unlikely to churn,0.5084,2026-09-13
1666-JZPZT,0.1226,Unlikely to churn,0.8774,2026-09-13
5777-KJIRB,0.1287,Unlikely to churn,0.8713,2026-09-13
0506-LVNGN,0.4735,Unlikely to churn,0.5265,2026-09-13
7677-SJJJK,0.1835,Unlikely to churn,0.8165,2026-09-13
2480-EJWYP,0.141,Unlikely to churn,0.859,2026-09-13
3253-HKOKL,0.0533,Unlikely to churn,0.9467,2026-09-13
7055-HNEOJ,0.5016,Likely to churn,0.5016,2026-09-13
5514-YQENT,0.1598,Unlikely to churn,0.8402,2026-09-13
3211-AAPKX,0.4047,Unlikely to churn,0.5953,2026-09-13
8445-DNBAE,0.5457,Likely to churn,0.5457,2026-09-13
2951-QOQTK,0.3394,Unlikely to churn,0.6606,2026-09-13
2958-NHPPS,0.1566,Unlikely to churn,0.8434,2026-09-13
6806-YDEUL,0.2578,Unlikely to churn,0.7422,2026-09-13
1735-XMJVH,0.3136,Unlikely to churn,0.6864,2026-09-13
6890-PFRQX,0.206,Unlikely to churn,0.794,2026-09-13
0222-CNVPT,0.1486,Unlikely to churn,0.8514,2026-09-13
5899-OUVKV,0.293,Unlikely to churn,0.707,2026-09-13
8681-ICONS,0.2158,Unlikely to churn,0.7842,2026-09-13
1621-YNCJH,0.1541,Unlikely to churn,0.8459,2026-09-13
3473-XIIIT,0.5157,Likely to churn,0.5157,2026-09-13
6362-QHAFM,0.2424,Unlikely to churn,0.7576,2026-09-13
7893-IXHRQ,0.4001,Unlikely to churn,0.5999,2026-09-13
3070-BDOQC,0.1265,Unlikely to churn,0.8735,2026-09-13
2952-QAYZF,0.4852,Unlikely to churn,0.5148,2026-09-13
6234-PFPXL,0.1698,Unlikely to churn,0.8302,2026-09-13
9824-QCJPK,0.0848,Unlikely to churn,0.9152,2026-09-13
4763-PGDPO,0.4144,Unlikely to churn,0.5856,2026-09-13
4283-IVYCI,0.2734,Unlikely to churn,0.7266,2026-09-13
1866-OBPNR,0.3137,Unlikely to churn,0.6863,2026-09-13
8205-MQUGY,0.2966,Unlikely to churn,0.7034,2026-09-13
8970-ANWXO,0.2525,Unlikely to churn,0.7475,2026-09-13
9480-BQJEI,0.0235,Unlikely to churn,0.9765,2026-09-13
5394-SVGJV,0.1086,Unlikely to churn,0.8914,2026-09-13
6979-TNDEU,0.2792,Unlikely to churn,0.7208,2026-09-13
9777-WJJPR,0.1916,Unlikely to churn,0.8084,2026-09-13
9283-LZQOH,0.3208,Unlikely to churn,0.6792,2026-09-13
7079-QRCBC,0.3117,Unlikely to churn,0.6883,2026-09-13
9495-SKLKD,0.1063,Unlikely to churn,0.8937,2026-09-13
6048-UWKAL,0.0559,Unlikely to churn,0.9441,2026-09-13
5067-DGXLL,0.3985,Unlikely to churn,0.6015,2026-09-13
5469-CTCWN,0.0637,Unlikely to churn,0.9363,2026-09-13
9851-QXEEQ,0.2176,Unlikely to churn,0.7824,2026-09-13
6281-FKEWS,0.2697,Unlikely to churn,0.7303,2026-09-13
8898-KASCD,0.1516,Unlikely to churn,0.8484,2026-09-13
9242-TKFSV,0.0525,Unlikely to churn,0.9475,2026-09-13
9290-SHCMB,0.4971,Unlikely to churn,0.5029,2026-09-13
0743-HNPFG,0.063,Unlikely to churn,0.937,2026-09-13
2277-BKJKN,0.1182,Unlikely to churn,0.8818,2026-09-13
9809-IMGCQ,0.4187,Unlikely to churn,0.5813,2026-09-13
5208-HFSBT,0.4219,Unlikely to churn,0.5781,2026-09-13
5035-PGZXH,0.1052,Unlikely to churn,0.8948,2026-09-13
8695-WDYEA,0.4077,Unlikely to churn,0.5923,2026-09-13
6543-JXSOO,0.213,Unlikely to churn,0.787,2026-09-13
8016-ZMGMO,0.0305,Unlikely to churn,0.9695,2026-09-13
8605-ITULD,0.3431,Unlikely to churn,0.6569,2026-09-13
3254-YRILK,0.3509,Unlikely to churn,0.6491,2026-09-13
6416-YJTTB,0.2902,Unlikely to churn,0.7098,2026-09-13
2667-WYLWJ,0.3137,Unlikely to churn,0.6863,2026-09-13
4472-VESGY,0.0208,Unlikely to churn,0.9792,2026-09-13
3195-TQDZX,0.4251,Unlikely to churn,0.5749,2026-09-13
3128-YOVTD,0.0462,Unlikely to churn,0.9538,2026-09-13
0529-ONKER,0.3687,Unlikely to churn,0.6313,2026-09-13
1728-CXQBE,0.0605,Unlikely to churn,0.9395,2026-09-13
7041-TXQJH,0.1608,Unlikely to churn,0.8392,2026-09-13
5014-GSOUQ,0.2162,Unlikely to churn,0.7838,2026-09-13
5724-BIDBU,0.1721,Unlikely to churn,0.8279,2026-09-13
0481-SUMCB,0.217,Unlikely to churn,0.783,2026-09-13
1769-GRUIK,0.3516,Unlikely to churn,0.6484,2026-09-13
5240-IJOQT,0.5922,Likely to churn,0.5922,2026-09-13
8819-WFGGJ,0.0082,Unlikely to churn,0.9918,2026-09-13
7427-AUFPY,0.0383,Unlikely to churn,0.9617,2026-09-13
2811-POVEX,0.2828,Unlikely to churn,0.7172,2026-09-13
1092-GANHU,0.3544,Unlikely to churn,0.6456,2026-09-13
7898-PDWQE,0.0228,Unlikely to churn,0.9772,2026-09-13
9972-EWRJS,0.0445,Unlikely to churn,0.9555,2026-09-13
9314-IJWSQ,0.3928,Unlikely to churn,0.6072,2026-09-13
0661-XEYAN,0.556,Likely to churn,0.556,2026-09-13
5799-JRCZO,0.0,Unlikely to churn,1.0,2026-09-13
1921-KYSAY,0.1337,Unlikely to churn,0.8663,2026-09-13
6198-RTPMF,0.3374,Unlikely to churn,0.6626,2026-09-13
2924-KHUVI,0.1972,Unlikely to churn,0.8028,2026-09-13
1925-GMVBW,0.2475,Unlikely to churn,0.7525,2026-09-13
7881-EVUAD,0.4483,Unlikely to churn,0.5517,2026-09-13
6184-DYUOB,0.3858,Unlikely to churn,0.6142,2026-09-13
9207-ZPANB,0.0068,Unlikely to churn,0.9932,2026-09-13
5766-XQXMQ,0.1309,Unlikely to churn,0.8691,2026-09-13
9327-QSDED,0.3353,Unlikely to churn,0.6647,2026-09-13
1656-DRSMG,0.073,Unlikely to churn,0.927,2026-09-13
3012-VFFMN,0.2894,Unlikely to churn,0.7106,2026-09-13
2984-AFWNC,0.4888,Unlikely to churn,0.5112,2026-09-13
0640-YJTPY,0.0107,Unlikely to churn,0.9893,2026-09-13
8096-LOIST,0.2624,Unlikely to churn,0.7376,2026-09-13
9764-REAFF,0.0511,Unlikely to churn,0.9489,2026-09-13
3703-VAVCL,0.297,Unlikely to churn,0.703,2026-09-13
7107-UBYKY,0.1545,Unlikely to churn,0.8455,2026-09-13
4881-GQJTW,0.2156,Unlikely to churn,0.7844,2026-09-13
8519-QJGJD,0.2539,Unlikely to churn,0.7461,2026-09-13
7876-DNYAP,0.0781,Unlikely to churn,0.9219,2026-09-13
7905-NJMXS,0.3232,Unlikely to churn,0.6768,2026-09-13
2882-WDTBA,0.0477,Unlikely to churn,0.9523,2026-09-13
2091-GPPIQ,0.0,Unlikely to churn,1.0,2026-09-13
6326-MTTXK,0.3938,Unlikely to churn,0.6062,2026-09-13
5071-FBJFS,0.3744,Unlikely to churn,0.6256,2026-09-13
2796-UUZZO,0.0439,Unlikely to churn,0.9561,2026-09-13
2429-AYKKO,0.0434,Unlikely to churn,0.9566,2026-09-13
9798-OPFEM,0.1093,Unlikely to churn,0.8907,2026-09-13
0330-IVZHA,0.3963,Unlikely to churn,0.6037,2026-09-13
3794-NFNCH,0.281,Unlikely to churn,0.719,2026-09-13
5193-QLVZB,0.083,Unlikely to churn,0.917,2026-09-13
7114-AEOZE,0.0,Unlikely to churn,1.0,2026-09-13
2886-KEFUM,0.099,Unlikely to churn,0.901,2026-09-13
5522-NYKPB,0.2107,Unlikely to churn,0.7893,2026-09-13
4237-RLAQD,0.5261,Likely to churn,0.5261,2026-09-13
9957-YODKZ,0.4715,Unlikely to churn,0.5285,2026-09-13
6518-KZXCB,0.1593,Unlikely to churn,0.8407,2026-09-13
2245-ADZFJ,0.1043,Unlikely to churn,0.8957,2026-09-13
7776-QGYJC,0.1172,Unlikely to churn,0.8828,2026-09-13
9313-QOLTZ,0.1176,Unlikely to churn,0.8824,2026-09-13
9651-GTSAQ,0.1004,Unlikely to churn,0.8996,2026-09-13
3186-BAXNB,0.3615,Unlikely to churn,0.6385,2026-09-13
4672-FOTSD,0.3254,Unlikely to churn,0.6746,2026-09-13
0637-YLETY,0.3187,Unlikely to churn,0.6813,2026-09-13
9818-XQCUV,0.3316,Unlikely to churn,0.6684,2026-09-13
7338-ERIVA,0.0808,Unlikely to churn,0.9192,2026-09-13
1157-BQCUW,0.5443,Likely to churn,0.5443,2026-09-13
8259-NFJTV,0.3107,Unlikely to churn,0.6893,2026-09-13
3223-DWFIO,0.4,Unlikely to churn,0.6,2026-09-13
2660-EMUBI,0.5269,Likely to churn,0.5269,2026-09-13
6968-GMKPR,0.0859,Unlikely to churn,0.9141,2026-09-13
4751-ERMAN,0.0,Unlikely to churn,1.0,2026-09-13
1436-ZMJAN,0.3509,Unlikely to churn,0.6491,2026-09-13
3292-PBZEJ,0.5061,Likely to churn,0.5061,2026-09-13
0799-DDIHE,0.2043,Unlikely to churn,0.7957,2026-09-13
3070-FNFZQ,0.1169,Unlikely to churn,0.8831,2026-09-13
2812-SFXMJ,0.294,Unlikely to churn,0.706,2026-09-13
7675-OZCZG,0.4425,Unlikely to churn,0.5575,2026-09-13
5014-WUQMG,0.1117,Unlikely to churn,0.8883,2026-09-13
5312-TSZVC,0.142,Unlikely to churn,0.858,2026-09-13
2003-CKLOR,0.0287,Unlikely to churn,0.9713,2026-09-13
0993-OSGPT,0.0487,Unlikely to churn,0.9513,2026-09-13
9254-RBFON,0.2532,Unlikely to churn,0.7468,2026-09-13
1205-WNWPJ,0.3516,Unlikely to churn,0.6484,2026-09-13
9391-EOYLI,0.4677,Unlikely to churn,0.5323,2026-09-13
7108-DGVUU,0.2055,Unlikely to churn,0.7945,2026-09-13
2782-JEEBU,0.3205,Unlikely to churn,0.6795,2026-09-13
5127-BZENZ,0.0536,Unlikely to churn,0.9464,2026-09-13
2720-FVBQP,0.3497,Unlikely to churn,0.6503,2026-09-13
9906-NHHVC,0.0839,Unlikely to churn,0.9161,2026-09-13
4522-XRWWI,0.0499,Unlikely to churn,0.9501,2026-09-13
3766-EJLFL,0.0,Unlikely to churn,1.0,2026-09-13
5939-SXWHM,0.0769,Unlikely to churn,0.9231,2026-09-13
8152-UOBNY,0.1723,Unlikely to churn,0.8277,2026-09-13
7351-KYHQH,0.3628,Unlikely to churn,0.6372,2026-09-13
7643-RCHXS,0.0,Unlikely to churn,1.0,2026-09-13
8246-SHFGA,0.1272,Unlikely to churn,0.8728,2026-09-13
8387-MOJJT,0.1219,Unlikely to churn,0.8781,2026-09-13
0620-XEFWH,0.257,Unlikely to churn,0.743,2026-09-13
6485-QXWWE,0.0369,Unlikely to churn,0.9631,2026-09-13
2761-OCIAX,0.5438,Likely to churn,0.5438,2026-09-13
7321-VGNKU,0.536,Likely to churn,0.536,2026-09-13
5327-CNLUQ,0.1121,Unlikely to churn,0.8879,2026-09-13
7552-KEYGT,0.1737,Unlikely to churn,0.8263,2026-09-13
5816-JMLGY,0.0035,Unlikely to churn,0.9965,2026-09-13
3068-OMWZA,0.5432,Likely to churn,0.5432,2026-09-13
2927-QRRQV,0.1895,Unlikely to churn,0.8105,2026-09-13
6032-KRXXO,0.3709,Unlikely to churn,0.6291,2026-09-13
7459-RRWQZ,0.2581,Unlikely to churn,0.7419,2026-09-13
6265-SXWBU,0.0224,Unlikely to churn,0.9776,2026-09-13
7941-RCJOW,0.0763,Unlikely to churn,0.9237,2026-09-13
6374-NTQLP,0.0711,Unlikely to churn,0.9289,2026-09-13
4154-AQUGT,0.3496,Unlikely to churn,0.6504,2026-09-13
2387-KDZQY,0.2672,Unlikely to churn,0.7328,2026-09-13
3584-WKTTW,0.1569,Unlikely to churn,0.8431,2026-09-13
3399-BMLVW,0.0554,Unlikely to churn,0.9446,2026-09-13
1971-DTCZB,0.0331,Unlikely to churn,0.9669,2026-09-13
3092-IGHWF,0.0431,Unlikely to churn,0.9569,2026-09-13
3374-PZLXD,0.1175,Unlikely to churn,0.8825,2026-09-13
3813-DHBBB,0.032,Unlikely to churn,0.968,2026-09-13
2812-REYAT,0.0898,Unlikely to churn,0.9102,2026-09-13
6518-PPLMZ,0.1524,Unlikely to churn,0.8476,2026-09-13
4939-KYYPY,0.1338,Unlikely to churn,0.8662,2026-09-13
8017-LXHFA,0.403,Unlikely to churn,0.597,2026-09-13
5930-GBIWP,0.0091,Unlikely to churn,0.9909,2026-09-13
6022-KOUQO,0.3642,Unlikely to churn,0.6358,2026-09-13
6352-TWCAU,0.2476,Unlikely to churn,0.7524,2026-09-13
2361-UPSND,0.0921,Unlikely to churn,0.9079,2026-09-13
6035-RIIOM,0.1607,Unlikely to churn,0.8393,2026-09-13
2929-QNSRW,0.1599,Unlikely to churn,0.8401,2026-09-13
1262-OPMFY,0.4088,Unlikely to churn,0.5912,2026-09-13
9504-DSHWM,0.1104,Unlikely to churn,0.8896,2026-09-13
5035-BVCXS,0.4533,Unlikely to churn,0.5467,2026-09-13
6267-DCFFZ,0.3151,Unlikely to churn,0.6849,2026-09-13
3533-UVMOM,0.0553,Unlikely to churn,0.9447,2026-09-13
2439-LYPMQ,0.2468,Unlikely to churn,0.7532,2026-09-13
4248-QPAVC,0.3061,Unlikely to churn,0.6939,2026-09-13
1899-VXWXM,0.1573,Unlikely to churn,0.8427,2026-09-13
1478-VPOAD,0.412,Unlikely to churn,0.588,2026-09-13
9995-HOTOH,0.0672,Unlikely to churn,0.9328,2026-09-13
2988-PLAHS,0.5039,Likely to churn,0.5039,2026-09-13
1371-OJCEK,0.0019,Unlikely to churn,0.9981,2026-09-13
4999-IEZLT,0.0683,Unlikely to churn,0.9317,2026-09-13
8883-ANODQ,0.0464,Unlikely to churn,0.9536,2026-09-13
4690-LLKUA,0.3748,Unlikely to churn,0.6252,2026-09-13
2351-RRBUE,0.2125,Unlikely to churn,0.7875,2026-09-13
5980-BDHPY,0.0534,Unlikely to churn,0.9466,2026-09-13
1498-DQNRX,0.073,Unlikely to churn,0.927,2026-09-13
9469-WEJBT,0.2183,Unlikely to churn,0.7817,2026-09-13
3331-HQDTW,0.2173,Unlikely to churn,0.7827,2026-09-13
9490-DFPMD,0.2204,Unlikely to churn,0.7796,2026-09-13
2581-VKIRT,0.0329,Unlikely to churn,0.9671,2026-09-13
5442-XSDCW,0.3565,Unlikely to churn,0.6435,2026-09-13
7426-WEIJX,0.0932,Unlikely to churn,0.9068,2026-09-13
2851-MMUTZ,0.2223,Unlikely to churn,0.7777,2026-09-13
3049-NDXFL,0.4239,Unlikely to churn,0.5761,2026-09-13
8580-AECUZ,0.5914,Likely to churn,0.5914,2026-09-13
3307-TLCUD,0.3008,Unlikely to churn,0.6992,2026-09-13
6625-FLENO,0.0333,Unlikely to churn,0.9667,2026-09-13
2967-MXRAV,0.2994,Unlikely to churn,0.7006,2026-09-13
7963-GQRMY,0.3086,Unlikely to churn,0.6914,2026-09-13
8189-HBVRW,0.0915,Unlikely to churn,0.9085,2026-09-13
4163-KIUHY,0.1135,Unlikely to churn,0.8865,2026-09-13
1228-FZFRV,0.111,Unlikely to churn,0.889,2026-09-13
3500-NSDOA,0.0259,Unlikely to churn,0.9741,2026-09-13
1171-TYKUR,0.1478,Unlikely to churn,0.8522,2026-09-13
3761-FLYZI,0.0742,Unlikely to churn,0.9258,2026-09-13
2058-DCJBE,0.4799,Unlikely to churn,0.5201,2026-09-13
5364-XYIRR,0.2491,Unlikely to churn,0.7509,2026-09-13
4829-AUOAX,0.1686,Unlikely to churn,0.8314,2026-09-13
1219-NNDDO,0.4436,Unlikely to churn,0.5564,2026-09-13
8388-DMKAE,0.2854,Unlikely to churn,0.7146,2026-09-13
4403-BWPAY,0.2642,Unlikely to churn,0.7358,2026-09-13
9659-QEQSY,0.1896,Unlikely to churn,0.8104,2026-09-13
5405-ZMYXQ,0.3853,Unlikely to churn,0.6147,2026-09-13
5047-LHVLY,0.4742,Unlikely to churn,0.5258,2026-09-13
1442-OKRJE,0.0124,Unlikely to churn,0.9876,2026-09-13
4737-AQCPU,0.0204,Unlikely to churn,0.9796,2026-09-13
9158-VCTQB,0.1825,Unlikely to churn,0.8175,2026-09-13
2808-CHTDM,0.1456,Unlikely to churn,0.8544,2026-09-13
6311-UEUME,0.2243,Unlikely to churn,0.7757,2026-09-13
0793-TWELN,0.5177,Likely to churn,0.5177,2026-09-13
3283-WCWXT,0.288,Unlikely to churn,0.712,2026-09-13
1060-ENTOF,0.0397,Unlikely to churn,0.9603,2026-09-13
0999-QXNSA,0.4293,Unlikely to churn,0.5707,2026-09-13
5451-MHQOF,0.0168,Unlikely to churn,0.9832,2026-09-13
4836-WNFNO,0.0,Unlikely to churn,1.0,2026-09-13
9225-BZLNZ,0.0381,Unlikely to churn,0.9619,2026-09-13
0354-VXMJC,0.1516,Unlikely to churn,0.8484,2026-09-13
4422-QVIJA,0.1166,Unlikely to churn,0.8834,2026-09-13
9365-SRSZE,0.3568,Unlikely to churn,0.6432,2026-09-13
6839-ITVZJ,0.2171,Unlikely to churn,0.7829,2026-09-13
8332-OSJDW,0.2366,Unlikely to churn,0.7634,2026-09-13
4735-BJKOU,0.0867,Unlikely to churn,0.9133,2026-09-13
0274-JKUJR,0.401,Unlikely to churn,0.599,2026-09-13
5740-YHGTW,0.0295,Unlikely to churn,0.9705,2026-09-13
8917-SZTTJ,0.0,Unlikely to churn,1.0,2026-09-13
1696-MZVAU,0.1126,Unlikely to churn,0.8874,2026-09-13
7359-WWYJV,0.0263,Unlikely to churn,0.9737,2026-09-13
0375-HVGXO,0.5309,Likely to churn,0.5309,2026-09-13
4906-ZHGPK,0.0818,Unlikely to churn,0.9182,2026-09-13
8593-WHYHV,0.5,Likely to churn,0.5,2026-09-13
3795-GWTRD,0.0927,Unlikely to churn,0.9073,2026-09-13
1298-PHBTI,0.0009,Unlikely to churn,0.9991,2026-09-13
6223-DHJGV,0.1262,Unlikely to churn,0.8738,2026-09-13
6961-MJKBO,0.0204,Unlikely to churn,0.9796,2026-09-13
6097-EQISJ,0.0521,Unlikely to churn,0.9479,2026-09-13
4423-YLHDV,0.327,Unlikely to churn,0.673,2026-09-13
8158-WPEZG,0.3563,Unlikely to churn,0.6437,2026-09-13
0107-YHINA,0.5377,Likely to churn,0.5377,2026-09-13
4918-FYJNT,0.1452,Unlikely to churn,0.8548,2026-09-13
0727-BNRLG,0.0348,Unlikely to churn,0.9652,2026-09-13
4854-CIDCF,0.4287,Unlikely to churn,0.5713,2026-09-13
8640-SDGKB,0.4679,Unlikely to churn,0.5321,2026-09-13
3280-MRDOF,0.1684,Unlikely to churn,0.8316,2026-09-13
6435-SRWBJ,0.4312,Unlikely to churn,0.5688,2026-09-13
9964-WBQDJ,0.0,Unlikely to churn,1.0,2026-09-13
6303-KFWSL,0.2737,Unlikely to churn,0.7263,2026-09-13
1702-CCFNJ,0.0601,Unlikely to churn,0.9399,2026-09-13
8932-CZHRQ,0.0,Unlikely to churn,1.0,2026-09-13
0386-CWRGM,0.0646,Unlikely to churn,0.9354,2026-09-13
5515-RUGKN,0.3532,Unlikely to churn,0.6468,2026-09-13
0404-AHASP,0.003,Unlikely to churn,0.997,2026-09-13
7279-NMVJC,0.185,Unlikely to churn,0.815,2026-09-13
2081-VEYEH,0.4716,Unlikely to churn,0.5284,2026-09-13
6407-UTSLV,0.4894,Unlikely to churn,0.5106,2026-09-13
4116-TZAQJ,0.3184,Unlikely to churn,0.6816,2026-09-13
9060-HJJRW,0.1149,Unlikely to churn,0.8851,2026-09-13
2587-YNLES,0.3215,Unlikely to churn,0.6785,2026-09-13
7398-SKNQZ,0.533,Likely to churn,0.533,2026-09-13
5935-FCCNB,0.4871,Unlikely to churn,0.5129,2026-09-13
1958-RNRKS,0.1711,Unlikely to churn,0.8289,2026-09-13
5136-RGMZO,0.1687,Unlikely to churn,0.8313,2026-09-13
8345-MVDYC,0.0771,Unlikely to churn,0.9229,2026-09-13
8226-BXGES,0.0435,Unlikely to churn,0.9565,2026-09-13
3877-JRJIP,0.5161,Likely to churn,0.5161,2026-09-13
8375-DKEBR,0.5612,Likely to churn,0.5612,2026-09-13
9705-IOVQQ,0.0825,Unlikely to churn,0.9175,2026-09-13
1015-OWJKI,0.2991,Unlikely to churn,0.7009,2026-09-13
7511-YMXVQ,0.5417,Likely to churn,0.5417,2026-09-13
2040-XBAVJ,0.0615,Unlikely to churn,0.9385,2026-09-13
7551-JOHTI,0.3025,Unlikely to churn,0.6975,2026-09-13
8887-IPQNC,0.4502,Unlikely to churn,0.5498,2026-09-13
8646-JCOMS,0.0339,Unlikely to churn,0.9661,2026-09-13
9804-ICWBG,0.5283,Likely to churn,0.5283,2026-09-13
1222-KJNZD,0.0772,Unlikely to churn,0.9228,2026-09-13
0106-GHRQR,0.2774,Unlikely to churn,0.7226,2026-09-13
5318-IXUZF,0.4456,Unlikely to churn,0.5544,2026-09-13
3768-VHXQO,0.0,Unlikely to churn,1.0,2026-09-13
8952-WCVCD,0.1902,Unlikely to churn,0.8098,2026-09-13
2418-TPEUN,0.0222,Unlikely to churn,0.9778,2026-09-13
3963-RYFNS,0.0411,Unlikely to churn,0.9589,2026-09-13
3198-VELRD,0.4205,Unlikely to churn,0.5795,2026-09-13
8540-ZQGEA,0.0269,Unlikely to churn,0.9731,2026-09-13
1320-REHCS,0.2041,Unlikely to churn,0.7959,2026-09-13
4137-JOPHL,0.0741,Unlikely to churn,0.9259,2026-09-13
9436-ZBZCT,0.3638,Unlikely to churn,0.6362,2026-09-13
7801-CEDNV,0.1393,Unlikely to churn,0.8607,2026-09-13
2057-BOYKM,0.0338,Unlikely to churn,0.9662,2026-09-13
3658-QQJYD,0.0919,Unlikely to churn,0.9081,2026-09-13
1803-BGNBD,0.3717,Unlikely to churn,0.6283,2026-09-13
0134-XWXCE,0.1448,Unlikely to churn,0.8552,2026-09-13
6950-TWMYB,0.1414,Unlikely to churn,0.8586,2026-09-13
5848-FHRFC,0.0,Unlikely to churn,1.0,2026-09-13
2243-FNMMI,0.1847,Unlikely to churn,0.8153,2026-09-13
2511-MORQY,0.0236,Unlikely to churn,0.9764,2026-09-13
5356-KZCKT,0.0292,Unlikely to churn,0.9708,2026-09-13
9470-XCCEM,0.1449,Unlikely to churn,0.8551,2026-09-13
6519-CFDBX,0.4703,Unlikely to churn,0.5297,2026-09-13
3902-MIVLE,0.0001,Unlikely to churn,0.9999,2026-09-13
0409-WTMPL,0.103,Unlikely to churn,0.897,2026-09-13
8763-KIAFH,0.1479,Unlikely to churn,0.8521,2026-09-13
3669-WHAFY,0.0882,Unlikely to churn,0.9118,2026-09-13
3055-VTCGS,0.0097,Unlikely to churn,0.9903,2026-09-13
3144-KMTWZ,0.1347,Unlikely to churn,0.8653,2026-09-13
7279-BUYWN,0.2397,Unlikely to churn,0.7603,2026-09-13
7156-MHUGY,0.5139,Likely to churn,0.5139,2026-09-13
7198-GLXTC,0.3701,Unlikely to churn,0.6299,2026-09-13
2007-QVGAW,0.0779,Unlikely to churn,0.9221,2026-09-13
5207-PLSTK,0.4789,Unlikely to churn,0.5211,2026-09-13
2307-FYNNL,0.1219,Unlikely to churn,0.8781,2026-09-13
5605-XNWEN,0.0,Unlikely to churn,1.0,2026-09-13
2155-AMQRX,0.2224,Unlikely to churn,0.7776,2026-09-13
6181-AXXYF,0.0,Unlikely to churn,1.0,2026-09-13
5091-HFAZW,0.5099,Likely to churn,0.5099,2026-09-13
0516-VRYBW,0.1601,Unlikely to churn,0.8399,2026-09-13
2519-LBNQL,0.151,Unlikely to churn,0.849,2026-09-13
8623-ULFNQ,0.1864,Unlikely to churn,0.8136,2026-09-13
8380-PEFPE,0.4498,Unlikely to churn,0.5502,2026-09-13
5687-DKDTV,0.3367,Unlikely to churn,0.6633,2026-09-13
1568-LJSZU,0.0768,Unlikely to churn,0.9232,2026-09-13
7530-HDYDS,0.1732,Unlikely to churn,0.8268,2026-09-13
7789-HKSBS,0.1689,Unlikely to churn,0.8311,2026-09-13
7416-CKTEP,0.0616,Unlikely to churn,0.9384,2026-09-13
2586-CWXVV,0.116,Unlikely to churn,0.884,2026-09-13
3096-IZETN,0.2134,Unlikely to churn,0.7866,2026-09-13
2348-KCJLT,0.1334,Unlikely to churn,0.8666,2026-09-13
8401-EMUWF,0.0948,Unlikely to churn,0.9052,2026-09-13
4193-IBKSW,0.0079,Unlikely to churn,0.9921,2026-09-13
5377-NDTOU,0.0,Unlikely to churn,1.0,2026-09-13
5922-ABDVO,0.2565,Unlikely to churn,0.7435,2026-09-13
2474-LCNUE,0.2411,Unlikely to churn,0.7589,2026-09-13
0839-QNXME,0.1035,Unlikely to churn,0.8965,2026-09-13
3506-OVLKD,0.0798,Unlikely to churn,0.9202,2026-09-13
9172-ANCRX,0.4775,Unlikely to churn,0.5225,2026-09-13
6650-VJONK,0.4453,Unlikely to churn,0.5547,2026-09-13
2178-PMGCJ,0.3302,Unlikely to churn,0.6698,2026-09-13
7492-TAFJD,0.3038,Unlikely to churn,0.6962,2026-09-13
2773-MADBQ,0.1697,Unlikely to churn,0.8303,2026-09-13
6016-LVTJQ,0.1038,Unlikely to churn,0.8962,2026-09-13
7860-KSUGX,0.0,Unlikely to churn,1.0,2026-09-13
8966-KZXXA,0.0933,Unlikely to churn,0.9067,2026-09-13
6910-HADCM,0.4112,Unlikely to churn,0.5888,2026-09-13
4816-LXZYW,0.3032,Unlikely to churn,0.6968,2026-09-13
9606-PBKBQ,0.3324,Unlikely to churn,0.6676,2026-09-13
5149-QYTTU,0.0,Unlikely to churn,1.0,2026-09-13
2070-XYMFH,0.2793,Unlikely to churn,0.7207,2026-09-13
2085-BOJKI,0.3755,Unlikely to churn,0.6245,2026-09-13
0817-HSUSE,0.4705,Unlikely to churn,0.5295,2026-09-13
5442-PPTJY,0.2197,Unlikely to churn,0.7803,2026-09-13
1927-QEWMY,0.0053,Unlikely to churn,0.9947,2026-09-13
1663-MHLHE,0.3627,Unlikely to churn,0.6373,2026-09-13
5663-QBGIS,0.0845,Unlikely to churn,0.9155,2026-09-13
4450-MDZFX,0.0638,Unlikely to churn,0.9362,2026-09-13
6701-DHKWQ,0.0305,Unlikely to churn,0.9695,2026-09-13
7554-AKDQF,0.3146,Unlikely to churn,0.6854,2026-09-13
3536-IQCTX,0.2526,Unlikely to churn,0.7474,2026-09-13
4911-BANWH,0.2331,Unlikely to churn,0.7669,2026-09-13
8496-EJAUI,0.2917,Unlikely to churn,0.7083,2026-09-13
0794-YVSGE,0.0,Unlikely to churn,1.0,2026-09-13
5423-BHIXO,0.2486,Unlikely to churn,0.7514,2026-09-13
6908-VVYHM,0.1131,Unlikely to churn,0.8869,2026-09-13
2959-EEXWB,0.201,Unlikely to churn,0.799,2026-09-13
1839-UMACK,0.0628,Unlikely to churn,0.9372,2026-09-13
3030-YDNRM,0.4615,Unlikely to churn,0.5385,2026-09-13
7321-KKSDU,0.1277,Unlikely to churn,0.8723,2026-09-13
3402-XRIUO,0.2993,Unlikely to churn,0.7007,2026-09-13
3132-TVFDZ,0.1406,Unlikely to churn,0.8594,2026-09-13
8286-AFUYI,0.4007,Unlikely to churn,0.5993,2026-09-13
8080-DDEMJ,0.4714,Unlikely to churn,0.5286,2026-09-13
8356-WUAOJ,0.525,Likely to churn,0.525,2026-09-13
6365-MTGZX,0.3733,Unlikely to churn,0.6267,2026-09-13
1349-WXNGG,0.2837,Unlikely to churn,0.7163,2026-09-13
8058-DMYRU,0.185,Unlikely to churn,0.815,2026-09-13
9350-ZXYJC,0.334,Unlikely to churn,0.666,2026-09-13
6990-YNRIO,0.0287,Unlikely to churn,0.9713,2026-09-13
8958-JPTRR,0.0517,Unlikely to churn,0.9483,2026-09-13
6959-GQEGV,0.1654,Unlikely to churn,0.8346,2026-09-13
3173-WSSUE,0.0,Unlikely to churn,1.0,2026-09-13
1265-HVPZB,0.0,Unlikely to churn,1.0,2026-09-13
4115-UMJFQ,0.0,Unlikely to churn,1.0,2026-09-13
7369-TRPFD,0.1879,Unlikely to churn,0.8121,2026-09-13
1098-KFQEC,0.0,Unlikely to churn,1.0,2026-09-13
7190-XHTWJ,0.0862,Unlikely to churn,0.9138,2026-09-13
0621-TWIEM,0.4364,Unlikely to churn,0.5636,2026-09-13
3537-RYBHH,0.0771,Unlikely to churn,0.9229,2026-09-13
2485-ITVKB,0.5763,Likely to churn,0.5763,2026-09-13
3669-OYSJI,0.3517,Unlikely to churn,0.6483,2026-09-13
1612-EOHDH,0.4367,Unlikely to churn,0.5633,2026-09-13
6702-OHFWR,0.5718,Likely to churn,0.5718,2026-09-13
5296-BFCYD,0.0666,Unlikely to churn,0.9334,2026-09-13
4510-PYUSH,0.1538,Unlikely to churn,0.8462,2026-09-13
9359-JANWS,0.0629,Unlikely to churn,0.9371,2026-09-13
7517-SAWMO,0.3439,Unlikely to churn,0.6561,2026-09-13
4143-HHPMK,0.0803,Unlikely to churn,0.9197,2026-09-13
3279-DYZQM,0.0402,Unlikely to churn,0.9598,2026-09-13
7054-LGEQW,0.3863,Unlikely to churn,0.6137,2026-09-13
0523-VNGTF,0.1701,Unlikely to churn,0.8299,2026-09-13
9575-IWCAZ,0.35,Unlikely to churn,0.65,2026-09-13
7105-MXJLL,0.238,Unlikely to churn,0.762,2026-09-13
7064-FRRSW,0.2238,Unlikely to churn,0.7762,2026-09-13
7940-UQQUG,0.0688,Unlikely to churn,0.9312,2026-09-13
0923-PNFUB,0.3978,Unlikely to churn,0.6022,2026-09-13
3961-SXAXY,0.436,Unlikely to churn,0.564,2026-09-13
7010-BRBUU,0.0238,Unlikely to churn,0.9762,2026-09-13
3566-HJGPK,0.5395,Likely to churn,0.5395,2026-09-13
3062-ICYZQ,0.0902,Unlikely to churn,0.9098,2026-09-13
9938-PRCVK,0.0409,Unlikely to churn,0.9591,2026-09-13
0973-KYVNF,0.0,Unlikely to churn,1.0,2026-09-13
5129-HHMZC,0.0573,Unlikely to churn,0.9427,2026-09-13
9637-CDTKZ,0.0047,Unlikely to churn,0.9953,2026-09-13
3946-JEWRQ,0.2057,Unlikely to churn,0.7943,2026-09-13
7873-CVMAW,0.0803,Unlikely to churn,0.9197,2026-09-13
0463-WZZKO,0.4011,Unlikely to churn,0.5989,2026-09-13
3494-JCHRQ,0.4766,Unlikely to churn,0.5234,2026-09-13
6474-FVJLC,0.5475,Likely to churn,0.5475,2026-09-13
4524-QCSSM,0.2844,Unlikely to churn,0.7156,2026-09-13
5832-EXGTT,0.1986,Unlikely to churn,0.8014,2026-09-13
8840-DQLGN,0.1997,Unlikely to churn,0.8003,2026-09-13
2039-JONDJ,0.0848,Unlikely to churn,0.9152,2026-09-13
7217-JYHOQ,0.1542,Unlikely to churn,0.8458,2026-09-13
6695-FRVEC,0.0034,Unlikely to churn,0.9966,2026-09-13
4547-LYTDD,0.3027,Unlikely to churn,0.6973,2026-09-13
9894-QMIMJ,0.1101,Unlikely to churn,0.8899,2026-09-13
8069-YQQAJ,0.4318,Unlikely to churn,0.5682,2026-09-13
6770-XUAGN,0.431,Unlikely to churn,0.569,2026-09-13
4193-ORFCL,0.4305,Unlikely to churn,0.5695,2026-09-13
1636-NTNCO,0.5323,Likely to churn,0.5323,2026-09-13
3466-WAESX,0.1695,Unlikely to churn,0.8305,2026-09-13
9281-PKKZE,0.214,Unlikely to churn,0.786,2026-09-13
3638-VBZTA,0.023,Unlikely to churn,0.977,2026-09-13
7459-IMVYU,0.0428,Unlikely to churn,0.9572,2026-09-13
7776-QWNFX,0.2385,Unlikely to churn,0.7615,2026-09-13
6689-TCZHQ,0.4031,Unlikely to churn,0.5969,2026-09-13
8563-OYMQY,0.2421,Unlikely to churn,0.7579,2026-09-13
0754-EEBDC,0.2647,Unlikely to churn,0.7353,2026-09-13
5777-ZPQNC,0.2761,Unlikely to churn,0.7239,2026-09-13
1951-IEYXM,0.0514,Unlikely to churn,0.9486,2026-09-13
3318-NMQXL,0.5716,Likely to churn,0.5716,2026-09-13
3143-ILDAL,0.1239,Unlikely to churn,0.8761,2026-09-13
1022-RKXDR,0.0959,Unlikely to churn,0.9041,2026-09-13
2361-FJWNO,0.1088,Unlikely to churn,0.8912,2026-09-13
2272-UOINI,0.3884,Unlikely to churn,0.6116,2026-09-13
8232-UTFOZ,0.0067,Unlikely to churn,0.9933,2026-09-13
3750-YHRYO,0.2699,Unlikely to churn,0.7301,2026-09-13
6637-KYRCV,0.4488,Unlikely to churn,0.5512,2026-09-13
5668-MEISB,0.0407,Unlikely to churn,0.9593,2026-09-13
0129-QMPDR,0.0923,Unlikely to churn,0.9077,2026-09-13
7188-CBBBA,0.0,Unlikely to churn,1.0,2026-09-13
5356-CSVSQ,0.416,Unlikely to churn,0.584,2026-09-13
3221-CJMSG,0.146,Unlikely to churn,0.854,2026-09-13
4720-VSTSI,0.1126,Unlikely to churn,0.8874,2026-09-13
3219-JQRSL,0.0624,Unlikely to churn,0.9376,2026-09-13
2801-NISEI,0.1877,Unlikely to churn,0.8123,2026-09-13
3946-MHCZW,0.3528,Unlikely to churn,0.6472,2026-09-13
4623-ZKHLY,0.1661,Unlikely to churn,0.8339,2026-09-13
6732-VAILE,0.0692,Unlikely to churn,0.9308,2026-09-13
8201-AAXCB,0.1416,Unlikely to churn,0.8584,2026-09-13
7696-CFTAT,0.1042,Unlikely to churn,0.8958,2026-09-13
1845-CSBRZ,0.2064,Unlikely to churn,0.7936,2026-09-13
2123-VSCOT,0.0105,Unlikely to churn,0.9895,2026-09-13
6651-AZVTJ,0.1488,Unlikely to churn,0.8512,2026-09-13
4566-GOLUK,0.1103,Unlikely to churn,0.8897,2026-09-13
2484-DGXPZ,0.1833,Unlikely to churn,0.8167,2026-09-13
2018-QKYGT,0.5027,Likely to churn,0.5027,2026-09-13
2792-VPPET,0.3648,Unlikely to churn,0.6352,2026-09-13
7409-JURKQ,0.1149,Unlikely to churn,0.8851,2026-09-13
3247-MHJKM,0.3196,Unlikely to churn,0.6804,2026-09-13
1964-SVLEA,0.2868,Unlikely to churn,0.7132,2026-09-13
4587-NUKOX,0.4169,Unlikely to churn,0.5831,2026-09-13
7297-DVYGA,0.1133,Unlikely to churn,0.8867,2026-09-13
2239-CGBUZ,0.0805,Unlikely to churn,0.9195,2026-09-13
0854-UYHZD,0.1718,Unlikely to churn,0.8282,2026-09-13
7243-LCGGZ,0.3272,Unlikely to churn,0.6728,2026-09-13
8267-KFGYD,0.3662,Unlikely to churn,0.6338,2026-09-13
4890-VMUAV,0.0,Unlikely to churn,1.0,2026-09-13
9261-WDCAF,0.3908,Unlikely to churn,0.6092,2026-09-13
3764-MNMOI,0.0188,Unlikely to churn,0.9812,2026-09-13
7442-YGZFK,0.3989,Unlikely to churn,0.6011,2026-09-13
0420-BWTPW,0.3464,Unlikely to churn,0.6536,2026-09-13
8229-BUJHX,0.0,Unlikely to churn,1.0,2026-09-13
7449-HVPIV,0.0605,Unlikely to churn,0.9395,2026-09-13
5504-WSIUR,0.0206,Unlikely to churn,0.9794,2026-09-13
8183-ONMXC,0.3882,Unlikely to churn,0.6118,2026-09-13
8466-PZBLH,0.1065,Unlikely to churn,0.8935,2026-09-13
9614-RMGHA,0.0722,Unlikely to churn,0.9278,2026-09-13
8735-IJJEG,0.2411,Unlikely to churn,0.7589,2026-09-13
0564-MUUQK,0.1791,Unlikely to churn,0.8209,2026-09-13
5054-IEXZT,0.4333,Unlikely to churn,0.5667,2026-09-13
5834-ASPWA,0.5481,Likely to churn,0.5481,2026-09-13
0701-RFGFI,0.1134,Unlikely to churn,0.8866,2026-09-13
0019-EFAEP,0.0731,Unlikely to churn,0.9269,2026-09-13
5619-PTMIK,0.0666,Unlikely to churn,0.9334,2026-09-13
3737-XBQDD,0.2409,Unlikely to churn,0.7591,2026-09-13
5882-CMAZQ,0.336,Unlikely to churn,0.664,2026-09-13
5846-QFDFI,0.1133,Unlikely to churn,0.8867,2026-09-13
4445-KWOKW,0.1047,Unlikely to churn,0.8953,2026-09-13
3511-APPBJ,0.2763,Unlikely to churn,0.7237,2026-09-13
7967-HYCDE,0.3004,Unlikely to churn,0.6996,2026-09-13
2430-RRYUW,0.035,Unlikely to churn,0.965,2026-09-13
3948-XHGNA,0.2479,Unlikely to churn,0.7521,2026-09-13
3723-BFBGR,0.2125,Unlikely to churn,0.7875,2026-09-13
0565-IYCGT,0.0277,Unlikely to churn,0.9723,2026-09-13
5447-WZAFP,0.1343,Unlikely to churn,0.8657,2026-09-13
5110-CHOPY,0.1052,Unlikely to churn,0.8948,2026-09-13
5445-UTODQ,0.4646,Unlikely to churn,0.5354,2026-09-13
4425-OWHWB,0.1951,Unlikely to churn,0.8049,2026-09-13
7892-QVYKW,0.2185,Unlikely to churn,0.7815,2026-09-13
9675-ICXCT,0.0923,Unlikely to churn,0.9077,2026-09-13
1024-VRZHF,0.4093,Unlikely to churn,0.5907,2026-09-13
4703-MQYKT,0.199,Unlikely to churn,0.801,2026-09-13
9497-QCMMS,0.5787,Likely to churn,0.5787,2026-09-13
5692-ICXLW,0.2968,Unlikely to churn,0.7032,2026-09-13
0602-DDUML,0.0899,Unlikely to churn,0.9101,2026-09-13
2208-MPXIO,0.087,Unlikely to churn,0.913,2026-09-13
1960-UYCNN,0.408,Unlikely to churn,0.592,2026-09-13
0348-SDKOL,0.0904,Unlikely to churn,0.9096,2026-09-13
3190-FZATL,0.1941,Unlikely to churn,0.8059,2026-09-13
7336-RLLRH,0.1975,Unlikely to churn,0.8025,2026-09-13
4373-MAVJG,0.2715,Unlikely to churn,0.7285,2026-09-13
8901-HJXTF,0.2957,Unlikely to churn,0.7043,2026-09-13
7710-JSYOA,0.0505,Unlikely to churn,0.9495,2026-09-13
5419-KLXBN,0.1761,Unlikely to churn,0.8239,2026-09-13
3424-NMNBO,0.1229,Unlikely to churn,0.8771,2026-09-13
9885-MFVSU,0.1186,Unlikely to churn,0.8814,2026-09-13
4514-GFCFI,0.433,Unlikely to churn,0.567,2026-09-13
0607-MVMGC,0.0882,Unlikely to churn,0.9118,2026-09-13
3365-SAIGS,0.3423,Unlikely to churn,0.6577,2026-09-13
9828-AOQLM,0.5026,Likely to churn,0.5026,2026-09-13
8022-BECSI,0.1722,Unlikely to churn,0.8278,2026-09-13
8000-REIQB,0.5749,Likely to churn,0.5749,2026-09-13
9993-LHIEB,0.0331,Unlikely to churn,0.9669,2026-09-13
0266-CLZKZ,0.0642,Unlikely to churn,0.9358,2026-09-13
7615-ESMYF,0.5283,Likely to churn,0.5283,2026-09-13
3858-VOBET,0.3906,Unlikely to churn,0.6094,2026-09-13
7020-OZKXZ,0.2982,Unlikely to churn,0.7018,2026-09-13
3977-QCRSL,0.2864,Unlikely to churn,0.7136,2026-09-13
0017-DINOC,0.0747,Unlikely to churn,0.9253,2026-09-13
1447-PJGGA,0.1456,Unlikely to churn,0.8544,2026-09-13
8565-CLBZW,0.2712,Unlikely to churn,0.7288,2026-09-13
9139-WQQDY,0.1545,Unlikely to churn,0.8455,2026-09-13
0224-HJAPT,0.3782,Unlikely to churn,0.6218,2026-09-13
8086-OVPWV,0.4754,Unlikely to churn,0.5246,2026-09-13
9430-FRQOC,0.4569,Unlikely to churn,0.5431,2026-09-13
7639-OPLNG,0.0445,Unlikely to churn,0.9555,2026-09-13
3074-GQWYX,0.4026,Unlikely to churn,0.5974,2026-09-13
1492-QGCLU,0.1178,Unlikely to churn,0.8822,2026-09-13
6845-RGTYS,0.1589,Unlikely to churn,0.8411,2026-09-13
7328-OWMOM,0.0865,Unlikely to churn,0.9135,2026-09-13
4418-LZMSV,0.2299,Unlikely to churn,0.7701,2026-09-13
5155-AZQPB,0.1866,Unlikely to churn,0.8134,2026-09-13
8861-HGGKB,0.3541,Unlikely to churn,0.6459,2026-09-13
1087-GRUYI,0.0622,Unlikely to churn,0.9378,2026-09-13
7065-YUNRY,0.5301,Likely to churn,0.5301,2026-09-13
7694-VLBWQ,0.0858,Unlikely to churn,0.9142,2026-09-13
2546-KZAAT,0.1127,Unlikely to churn,0.8873,2026-09-13
0181-RITDD,0.0334,Unlikely to churn,0.9666,2026-09-13
5989-PGKJB,0.3572,Unlikely to churn,0.6428,2026-09-13
4795-KTRTH,0.5269,Likely to churn,0.5269,2026-09-13
8272-ONJLV,0.3292,Unlikely to churn,0.6708,2026-09-13
1488-PBLJN,0.0079,Unlikely to churn,0.9921,2026-09-13
0308-GIQJT,0.0722,Unlikely to churn,0.9278,2026-09-13
3778-FOAQW,0.0978,Unlikely to churn,0.9022,2026-09-13
4452-ROHMO,0.2253,Unlikely to churn,0.7747,2026-09-13
6481-OGDOO,0.0415,Unlikely to churn,0.9585,2026-09-13
3090-LETTY,0.32,Unlikely to churn,0.68,2026-09-13
5349-AZPEW,0.3829,Unlikely to churn,0.6171,2026-09-13
3753-TSEMP,0.3843,Unlikely to churn,0.6157,2026-09-13
8305-VHZBZ,0.4252,Unlikely to churn,0.5748,2026-09-13
9720-JJJOR,0.102,Unlikely to churn,0.898,2026-09-13
8100-HZZLJ,0.1372,Unlikely to churn,0.8628,2026-09-13
8775-ERLNB,0.477,Unlikely to churn,0.523,2026-09-13
8309-IEYJD,0.595,Likely to churn,0.595,2026-09-13
9172-JITSM,0.3034,Unlikely to churn,0.6966,2026-09-13
6298-QDFNH,0.3221,Unlikely to churn,0.6779,2026-09-13
7398-HPYZQ,0.0568,Unlikely to churn,0.9432,2026-09-13
3546-GHEAE,0.3058,Unlikely to churn,0.6942,2026-09-13
7361-YPXFS,0.2145,Unlikely to churn,0.7855,2026-09-13
6557-BZXLQ,0.2964,Unlikely to churn,0.7036,2026-09-13
2550-QHZGP,0.2442,Unlikely to churn,0.7558,2026-09-13
7519-JTWQH,0.0391,Unlikely to churn,0.9609,2026-09-13
2538-OIMXF,0.4492,Unlikely to churn,0.5508,2026-09-13
8543-MSDMF,0.4707,Unlikely to churn,0.5293,2026-09-13
9961-JBNMK,0.3612,Unlikely to churn,0.6388,2026-09-13
1170-SASML,0.0211,Unlikely to churn,0.9789,2026-09-13
4872-JCVCA,0.0648,Unlikely to churn,0.9352,2026-09-13
5346-BZCHP,0.0,Unlikely to churn,1.0,2026-09-13
2038-LLMLM,0.217,Unlikely to churn,0.783,2026-09-13
6173-ITPWD,0.206,Unlikely to churn,0.794,2026-09-13
9734-UYXQI,0.5255,Likely to churn,0.5255,2026-09-13
1216-BGTSP,0.1714,Unlikely to churn,0.8286,2026-09-13
4138-NAXED,0.0625,Unlikely to churn,0.9375,2026-09-13
2189-UXTKY,0.2396,Unlikely to churn,0.7604,2026-09-13
0744-BIKKF,0.007,Unlikely to churn,0.993,2026-09-13
7483-IQWIB,0.1398,Unlikely to churn,0.8602,2026-09-13
5248-KWLAR,0.0,Unlikely to churn,1.0,2026-09-13
4958-GZWIY,0.3486,Unlikely to churn,0.6514,2026-09-13
7996-MHXLW,0.0458,Unlikely to churn,0.9542,2026-09-13
7833-PKIHD,0.0906,Unlikely to churn,0.9094,2026-09-13
7061-OVMIM,0.0844,Unlikely to churn,0.9156,2026-09-13
5153-RTHKF,0.18,Unlikely to churn,0.82,2026-09-13
1852-QSWCD,0.0728,Unlikely to churn,0.9272,2026-09-13
4832-VRBMR,0.0979,Unlikely to churn,0.9021,2026-09-13
9079-LWTFD,0.1141,Unlikely to churn,0.8859,2026-09-13
6356-ELRKD,0.5628,Likely to churn,0.5628,2026-09-13
8624-GIOUT,0.0854,Unlikely to churn,0.9146,2026-09-13
3392-EHMNK,0.0,Unlikely to churn,1.0,2026-09-13
5986-WWXDV,0.0026,Unlikely to churn,0.9974,2026-09-13
3061-BCKYI,0.2193,Unlikely to churn,0.7807,2026-09-13
6179-GJPSO,0.1857,Unlikely to churn,0.8143,2026-09-13
7901-TBKJX,0.1361,Unlikely to churn,0.8639,2026-09-13
7228-PAQPD,0.2189,Unlikely to churn,0.7811,2026-09-13
3177-LASXD,0.4349,Unlikely to churn,0.5651,2026-09-13
7746-QYVCO,0.2204,Unlikely to churn,0.7796,2026-09-13
5804-HYIEZ,0.0513,Unlikely to churn,0.9487,2026-09-13
9919-FZDED,0.0608,Unlikely to churn,0.9392,2026-09-13
5934-TSSAU,0.2274,Unlikely to churn,0.7726,2026-09-13
3486-KHMLI,0.1223,Unlikely to churn,0.8777,2026-09-13
4897-QSUYC,0.4418,Unlikely to churn,0.5582,2026-09-13
1084-UQCHV,0.3538,Unlikely to churn,0.6462,2026-09-13
8290-YWKHZ,0.3909,Unlikely to churn,0.6091,2026-09-13
2955-BJZHG,0.2455,Unlikely to churn,0.7545,2026-09-13
3806-DXQOM,0.4812,Unlikely to churn,0.5188,2026-09-13
6784-XYJAE,0.1287,Unlikely to churn,0.8713,2026-09-13
3933-DQPWX,0.0805,Unlikely to churn,0.9195,2026-09-13
6661-EIPZC,0.1071,Unlikely to churn,0.8929,2026-09-13
8957-THMOA,0.0579,Unlikely to churn,0.9421,2026-09-13
2251-PYLPB,0.0238,Unlikely to churn,0.9762,2026-09-13
5555-RNPGT,0.2167,Unlikely to churn,0.7833,2026-09-13
1057-FOGLZ,0.1998,Unlikely to churn,0.8002,2026-09-13
9300-RENDD,0.5411,Likely to churn,0.5411,2026-09-13
0761-AETCS,0.3692,Unlikely to churn,0.6308,2026-09-13
8087-LGYHQ,0.4612,Unlikely to churn,0.5388,2026-09-13
4137-BTIKL,0.353,Unlikely to churn,0.647,2026-09-13
2190-BCXEC,0.2089,Unlikely to churn,0.7911,2026-09-13
6227-FBDXH,0.0638,Unlikely to churn,0.9362,2026-09-13
2153-MREFK,0.1443,Unlikely to churn,0.8557,2026-09-13
2911-WDXMV,0.2357,Unlikely to churn,0.7643,2026-09-13
7206-PQBBZ,0.4968,Unlikely to churn,0.5032,2026-09-13
3106-ULWFW,0.404,Unlikely to churn,0.596,2026-09-13
0925-VYDLG,0.4098,Unlikely to churn,0.5902,2026-09-13
4547-FZJWE,0.0869,Unlikely to churn,0.9131,2026-09-13
7422-WNBTY,0.2005,Unlikely to churn,0.7995,2026-09-13
0842-IWYCP,0.0572,Unlikely to churn,0.9428,2026-09-13
3521-HTQTV,0.1072,Unlikely to churn,0.8928,2026-09-13
3744-ZBHON,0.3374,Unlikely to churn,0.6626,2026-09-13
3373-DIUUN,0.1348,Unlikely to churn,0.8652,2026-09-13
8383-SGHJU,0.179,Unlikely to churn,0.821,2026-09-13
7607-QKKTJ,0.1162,Unlikely to churn,0.8838,2026-09-13
7707-PYBBH,0.1655,Unlikely to churn,0.8345,2026-09-13
8984-HPEMB,0.0736,Unlikely to churn,0.9264,2026-09-13
4349-GFQHK,0.4087,Unlikely to churn,0.5913,2026-09-13
4139-DETXS,0.0336,Unlikely to churn,0.9664,2026-09-13
9779-DPNEJ,0.2891,Unlikely to churn,0.7109,2026-09-13
9805-FILKB,0.0924,Unlikely to churn,0.9076,2026-09-13
5793-YOLJN,0.0591,Unlikely to churn,0.9409,2026-09-13
0673-IGUQO,0.3475,Unlikely to churn,0.6525,2026-09-13
4123-FCVCB,0.3739,Unlikely to churn,0.6261,2026-09-13
8819-IMISP,0.261,Unlikely to churn,0.739,2026-09-13
7802-EFKNY,0.542,Likely to churn,0.542,2026-09-13
8311-UEUAB,0.0681,Unlikely to churn,0.9319,2026-09-13
5858-EAFCZ,0.4806,Unlikely to churn,0.5194,2026-09-13
8035-BUYVG,0.1687,Unlikely to churn,0.8313,2026-09-13
1163-ONYEY,0.0958,Unlikely to churn,0.9042,2026-09-13
9787-XVQIU,0.5733,Likely to churn,0.5733,2026-09-13
8945-MUQUF,0.1302,Unlikely to churn,0.8698,2026-09-13
5656-MJEFC,0.1478,Unlikely to churn,0.8522,2026-09-13
6082-OQFBA,0.1313,Unlikely to churn,0.8687,2026-09-13
8051-HJRLT,0.5746,Likely to churn,0.5746,2026-09-13
8974-OVACP,0.3214,Unlikely to churn,0.6786,2026-09-13
4010-YLMVT,0.1071,Unlikely to churn,0.8929,2026-09-13
1379-FRVEB,0.3397,Unlikely to churn,0.6603,2026-09-13
8612-GXIDD,0.2777,Unlikely to churn,0.7223,2026-09-13
6288-CHQJB,0.0425,Unlikely to churn,0.9575,2026-09-13
8160-HOWOX,0.4958,Unlikely to churn,0.5042,2026-09-13
3023-GFLBR,0.1335,Unlikely to churn,0.8665,2026-09-13
6648-INWPS,0.1768,Unlikely to churn,0.8232,2026-09-13
4223-BKEOR,0.2189,Unlikely to churn,0.7811,2026-09-13
4079-VTGLK,0.2322,Unlikely to churn,0.7678,2026-09-13
1763-WQFUK,0.4477,Unlikely to churn,0.5523,2026-09-13
1391-UBDAR,0.2876,Unlikely to churn,0.7124,2026-09-13
8894-JVDCV,0.0549,Unlikely to churn,0.9451,2026-09-13
2023-VQFDL,0.2234,Unlikely to churn,0.7766,2026-09-13
1345-GKDZZ,0.2437,Unlikely to churn,0.7563,2026-09-13
2014-MKGMH,0.216,Unlikely to churn,0.784,2026-09-13
5628-FCGYG,0.3341,Unlikely to churn,0.6659,2026-09-13
2560-WBWXF,0.0554,Unlikely to churn,0.9446,2026-09-13
0248-IPDFW,0.5017,Likely to churn,0.5017,2026-09-13
7978-DKUQH,0.2675,Unlikely to churn,0.7325,2026-09-13
4335-UPJSI,0.1494,Unlikely to churn,0.8506,2026-09-13
0524-IAVZO,0.3086,Unlikely to churn,0.6914,2026-09-13
2737-YNGYW,0.4242,Unlikely to churn,0.5758,2026-09-13
1784-EZDKJ,0.1215,Unlikely to churn,0.8785,2026-09-13
9297-FVVDH,0.0983,Unlikely to churn,0.9017,2026-09-13
8007-YYPWD,0.1676,Unlikely to churn,0.8324,2026-09-13
7101-HRBLJ,0.0143,Unlikely to churn,0.9857,2026-09-13
5159-YFPKQ,0.4668,Unlikely to churn,0.5332,2026-09-13
6635-CPNUN,0.2082,Unlikely to churn,0.7918,2026-09-13
4021-RQSNY,0.4001,Unlikely to churn,0.5999,2026-09-13
5453-YBTWV,0.0545,Unlikely to churn,0.9455,2026-09-13
5039-LZRQT,0.2732,Unlikely to churn,0.7268,2026-09-13
2931-VUVJN,0.1832,Unlikely to churn,0.8168,2026-09-13
9061-TIHDA,0.486,Unlikely to churn,0.514,2026-09-13
8699-ASUFO,0.5045,Likely to churn,0.5045,2026-09-13
6418-PIQSP,0.0329,Unlikely to churn,0.9671,2026-09-13
8220-OCUFY,0.2323,Unlikely to churn,0.7677,2026-09-13
3995-WFCSM,0.3472,Unlikely to churn,0.6528,2026-09-13
1895-QTKDO,0.3455,Unlikely to churn,0.6545,2026-09-13
2038-OEQZH,0.3376,Unlikely to churn,0.6624,2026-09-13
1178-PZGAB,0.1656,Unlikely to churn,0.8344,2026-09-13
7927-AUXBZ,0.1877,Unlikely to churn,0.8123,2026-09-13
2626-VEEWG,0.0424,Unlikely to churn,0.9576,2026-09-13
2878-RMWXY,0.0725,Unlikely to churn,0.9275,2026-09-13
1657-DYMBM,0.0617,Unlikely to churn,0.9383,2026-09-13
7311-MQJCH,0.2933,Unlikely to churn,0.7067,2026-09-13
7375-WMVMT,0.1156,Unlikely to churn,0.8844,2026-09-13
1136-XGEQU,0.0865,Unlikely to churn,0.9135,2026-09-13
2530-FMFXO,0.0664,Unlikely to churn,0.9336,2026-09-13
6844-DZKRF,0.388,Unlikely to churn,0.612,2026-09-13
4695-WJZUE,0.4821,Unlikely to churn,0.5179,2026-09-13
7619-ODSGN,0.1956,Unlikely to churn,0.8044,2026-09-13
5970-GHJAW,0.0443,Unlikely to churn,0.9557,2026-09-13
8879-XUAHX,0.0688,Unlikely to churn,0.9312,2026-09-13
3689-MOZGR,0.3469,Unlikely to churn,0.6531,2026-09-13
4195-PNGZS,0.0357,Unlikely to churn,0.9643,2026-09-13
5003-XZWWO,0.052,Unlikely to churn,0.948,2026-09-13
3988-RQIXO,0.6013,Likely to churn,0.6013,2026-09-13
7622-FWGEW,0.0492,Unlikely to churn,0.9508,2026-09-13
6922-NCEDI,0.0575,Unlikely to churn,0.9425,2026-09-13
2514-GINMM,0.5215,Likely to churn,0.5215,2026-09-13
9891-NQDBD,0.1056,Unlikely to churn,0.8944,2026-09-13
6131-IUNXN,0.1617,Unlikely to churn,0.8383,2026-09-13
8548-AWOFC,0.0488,Unlikely to churn,0.9512,2026-09-13
9798-DRYDS,0.2874,Unlikely to churn,0.7126,2026-09-13
8532-UEFWH,0.0272,Unlikely to churn,0.9728,2026-09-13
6296-DDOOR,0.2081,Unlikely to churn,0.7919,2026-09-13
7951-VRDVK,0.0906,Unlikely to churn,0.9094,2026-09-13
5931-FLJJF,0.5154,Likely to churn,0.5154,2026-09-13
4815-YOSUK,0.0543,Unlikely to churn,0.9457,2026-09-13
2659-VXMWZ,0.1146,Unlikely to churn,0.8854,2026-09-13
0380-NEAVX,0.2867,Unlikely to churn,0.7133,2026-09-13
3207-OYBWH,0.0857,Unlikely to churn,0.9143,2026-09-13
4285-GYRQC,0.4629,Unlikely to churn,0.5371,2026-09-13
7216-EWTRS,0.6491,Likely to churn,0.6491,2026-09-13
4365-MSDYN,0.3015,Unlikely to churn,0.6985,2026-09-13
7036-TYDEC,0.0866,Unlikely to churn,0.9134,2026-09-13
5802-ADBRC,0.2084,Unlikely to churn,0.7916,2026-09-13
8076-FEZKJ,0.2983,Unlikely to churn,0.7017,2026-09-13
5197-YPYBZ,0.2392,Unlikely to churn,0.7608,2026-09-13
8337-MSSXB,0.3461,Unlikely to churn,0.6539,2026-09-13
4312-GVYNH,0.0452,Unlikely to churn,0.9548,2026-09-13
8495-LJDFO,0.0945,Unlikely to churn,0.9055,2026-09-13
0839-JTCUD,0.0258,Unlikely to churn,0.9742,2026-09-13
5494-WOZRZ,0.0158,Unlikely to churn,0.9842,2026-09-13
1302-UHBDD,0.3016,Unlikely to churn,0.6984,2026-09-13
2234-EOFPT,0.0419,Unlikely to churn,0.9581,2026-09-13
8619-IJNDK,0.0,Unlikely to churn,1.0,2026-09-13
8378-LKJAF,0.1999,Unlikely to churn,0.8001,2026-09-13
8182-BJDSI,0.2583,Unlikely to churn,0.7417,2026-09-13
2528-HFYZX,0.3613,Unlikely to churn,0.6387,2026-09-13
1153-GNOLC,0.2522,Unlikely to churn,0.7478,2026-09-13
3298-QEICA,0.2049,Unlikely to churn,0.7951,2026-09-13
0788-DXBFY,0.0698,Unlikely to churn,0.9302,2026-09-13
3597-YASZG,0.1501,Unlikely to churn,0.8499,2026-09-13
3496-LFSZU,0.4198,Unlikely to churn,0.5802,2026-09-13
5242-UOWHD,0.0786,Unlikely to churn,0.9214,2026-09-13
2482-CZGBB,0.4018,Unlikely to churn,0.5982,2026-09-13
6479-SZPLM,0.0346,Unlikely to churn,0.9654,2026-09-13
8097-VBQTZ,0.1175,Unlikely to churn,0.8825,2026-09-13
4500-HKANN,0.1487,Unlikely to churn,0.8513,2026-09-13
9917-KWRBE,0.0564,Unlikely to churn,0.9436,2026-09-13
3420-ZDBMA,0.5261,Likely to churn,0.5261,2026-09-13
2212-LYASK,0.2065,Unlikely to churn,0.7935,2026-09-13
1393-IMKZG,0.5423,Likely to churn,0.5423,2026-09-13
8069-RHUXK,0.0219,Unlikely to churn,0.9781,2026-09-13
3398-GCPMU,0.075,Unlikely to churn,0.925,2026-09-13
2908-WGAXL,0.0251,Unlikely to churn,0.9749,2026-09-13
3378-AJRAO,0.0289,Unlikely to churn,0.9711,2026-09-13
1013-QCWAM,0.1592,Unlikely to churn,0.8408,2026-09-13
0866-QLSIR,0.2029,Unlikely to churn,0.7971,2026-09-13
6050-FFXES,0.0349,Unlikely to churn,0.9651,2026-09-13
7181-BQYBV,0.4643,Unlikely to churn,0.5357,2026-09-13
0362-RAOQO,0.0499,Unlikely to churn,0.9501,2026-09-13
9554-DFKIC,0.1747,Unlikely to churn,0.8253,2026-09-13
5527-ACHSO,0.3411,Unlikely to churn,0.6589,2026-09-13
0829-DDVLK,0.1491,Unlikely to churn,0.8509,2026-09-13
1399-UBQIU,0.3856,Unlikely to churn,0.6144,2026-09-13
1813-JLKWR,0.0425,Unlikely to churn,0.9575,2026-09-13
0336-PIKEI,0.0,Unlikely to churn,1.0,2026-09-13
7322-OCWHC,0.0794,Unlikely to churn,0.9206,2026-09-13
9537-VHDTA,0.3145,Unlikely to churn,0.6855,2026-09-13
4957-TIALW,0.1324,Unlikely to churn,0.8676,2026-09-13
2054-PJOCK,0.0558,Unlikely to churn,0.9442,2026-09-13
9150-HEPMB,0.0905,Unlikely to churn,0.9095,2026-09-13
9030-QGZNL,0.2965,Unlikely to churn,0.7035,2026-09-13
6204-IEUXJ,0.2399,Unlikely to churn,0.7601,2026-09-13
3126-WQMGH,0.0937,Unlikely to churn,0.9063,2026-09-13
4529-CKBCL,0.5121,Likely to churn,0.5121,2026-09-13
2506-CLAKW,0.3135,Unlikely to churn,0.6865,2026-09-13
7176-WRTNX,0.0757,Unlikely to churn,0.9243,2026-09-13
1583-IHQZE,0.4667,Unlikely to churn,0.5333,2026-09-13
5732-IKGQH,0.1552,Unlikely to churn,0.8448,2026-09-13
9239-GZHZE,0.053,Unlikely to churn,0.947,2026-09-13
7205-BAIAD,0.0483,Unlikely to churn,0.9517,2026-09-13
0151-ONTOV,0.4183,Unlikely to churn,0.5817,2026-09-13
4140-MUHUG,0.5309,Likely to churn,0.5309,2026-09-13
0093-EXYQL,0.2523,Unlikely to churn,0.7477,2026-09-13
8064-RAVOH,0.4568,Unlikely to churn,0.5432,2026-09-13
0219-QAERP,0.1398,Unlikely to churn,0.8602,2026-09-13
0320-JDNQG,0.3065,Unlikely to churn,0.6935,2026-09-13
7180-PISOG,0.4067,Unlikely to churn,0.5933,2026-09-13
9168-INPSZ,0.1388,Unlikely to churn,0.8612,2026-09-13
3571-RFHAR,0.1541,Unlikely to churn,0.8459,2026-09-13
0015-UOCOJ,0.4417,Unlikely to churn,0.5583,2026-09-13
5334-AFQJB,0.0,Unlikely to churn,1.0,2026-09-13
2754-SDJRD,0.5306,Likely to churn,0.5306,2026-09-13
9578-VRMNM,0.2451,Unlikely to churn,0.7549,2026-09-13
1587-FKLZB,0.1201,Unlikely to churn,0.8799,2026-09-13
6140-QNRQQ,0.5382,Likely to churn,0.5382,2026-09-13
8963-JLGJT,0.3242,Unlikely to churn,0.6758,2026-09-13
4307-KTUMW,0.0974,Unlikely to churn,0.9026,2026-09-13
1465-LNTLJ,0.3966,Unlikely to churn,0.6034,2026-09-13
5440-FLBQG,0.1483,Unlikely to churn,0.8517,2026-09-13
2135-DQWAQ,0.4853,Unlikely to churn,0.5147,2026-09-13
4056-QHXHZ,0.0,Unlikely to churn,1.0,2026-09-13
7470-MCQTK,0.4501,Unlikely to churn,0.5499,2026-09-13
7488-MXJIV,0.5387,Likely to churn,0.5387,2026-09-13
7401-JIXNM,0.0824,Unlikely to churn,0.9176,2026-09-13
9339-FIIJL,0.0171,Unlikely to churn,0.9829,2026-09-13
2027-FECZV,0.4942,Unlikely to churn,0.5058,2026-09-13
2672-DZUOY,0.6049,Likely to churn,0.6049,2026-09-13
4706-DGAHW,0.5315,Likely to churn,0.5315,2026-09-13
3870-MQAMG,0.0843,Unlikely to churn,0.9157,2026-09-13
6670-MFRPK,0.0318,Unlikely to churn,0.9682,2026-09-13
6177-PEVRA,0.0562,Unlikely to churn,0.9438,2026-09-13
4800-CZMPC,0.1142,Unlikely to churn,0.8858,2026-09-13
4813-HQMGZ,0.4265,Unlikely to churn,0.5735,2026-09-13
7579-KKLOE,0.0,Unlikely to churn,1.0,2026-09-13
7377-DMMRI,0.4587,Unlikely to churn,0.5413,2026-09-13
8402-EIVQS,0.0879,Unlikely to churn,0.9121,2026-09-13
4947-DSMXK,0.1993,Unlikely to churn,0.8007,2026-09-13
7245-NIIWQ,0.5622,Likely to churn,0.5622,2026-09-13
0002-ORFBO,0.2902,Unlikely to churn,0.7098,2026-09-13
3324-OIRTO,0.0889,Unlikely to churn,0.9111,2026-09-13
5414-OFQCB,0.0971,Unlikely to churn,0.9029,2026-09-13
4967-WPNCF,0.0755,Unlikely to churn,0.9245,2026-09-13
8552-OBVRU,0.1705,Unlikely to churn,0.8295,2026-09-13
8499-BRXTD,0.2391,Unlikely to churn,0.7609,2026-09-13
9154-QDGTH,0.1548,Unlikely to churn,0.8452,2026-09-13
8197-BFWVU,0.0498,Unlikely to churn,0.9502,2026-09-13
2577-GVSIL,0.1662,Unlikely to churn,0.8338,2026-09-13
9367-OIUXP,0.3084,Unlikely to churn,0.6916,2026-09-13
6770-UAYGJ,0.0701,Unlikely to churn,0.9299,2026-09-13
6463-HHXJR,0.0946,Unlikely to churn,0.9054,2026-09-13
7928-VJYAB,0.3524,Unlikely to churn,0.6476,2026-09-13
1187-WILMM,0.0586,Unlikely to churn,0.9414,2026-09-13
9776-OJUZI,0.1098,Unlikely to churn,0.8902,2026-09-13
1306-RPWXZ,0.0753,Unlikely to churn,0.9247,2026-09-13
8949-JTMAY,0.2827,Unlikely to churn,0.7173,2026-09-13
2774-LVQUS,0.3283,Unlikely to churn,0.6717,2026-09-13
3097-PYWXL,0.3811,Unlikely to churn,0.6189,2026-09-13
2266-SJNAT,0.0,Unlikely to churn,1.0,2026-09-13
0869-PAPRP,0.3158,Unlikely to churn,0.6842,2026-09-13
4238-JSSWH,0.2159,Unlikely to churn,0.7841,2026-09-13
2972-YDYUW,0.1029,Unlikely to churn,0.8971,2026-09-13
1104-FEJAM,0.1405,Unlikely to churn,0.8595,2026-09-13
2809-ILCYT,0.2024,Unlikely to churn,0.7976,2026-09-13
5499-ECUTN,0.0889,Unlikely to churn,0.9111,2026-09-13
4981-FLTMF,0.0301,Unlikely to churn,0.9699,2026-09-13
9121-PHQSR,0.3592,Unlikely to churn,0.6408,2026-09-13
3113-IWHLC,0.4297,Unlikely to churn,0.5703,2026-09-13
3211-ILJTT,0.4031,Unlikely to churn,0.5969,2026-09-13
4612-THJBS,0.1537,Unlikely to churn,0.8463,2026-09-13
4277-BWBML,0.0469,Unlikely to churn,0.9531,2026-09-13
4094-NSEDU,0.4705,Unlikely to churn,0.5295,2026-09-13
0234-TEVTT,0.1118,Unlikely to churn,0.8882,2026-09-13
4304-TSPVK,0.0432,Unlikely to churn,0.9568,2026-09-13
1552-AAGRX,0.136,Unlikely to churn,0.864,2026-09-13
2637-FKFSY,0.4985,Unlikely to churn,0.5015,2026-09-13
9796-MVYXX,0.3449,Unlikely to churn,0.6551,2026-09-13
7874-ECPQJ,0.2724,Unlikely to churn,0.7276,2026-09-13
0020-INWCK,0.0379,Unlikely to churn,0.9621,2026-09-13
7089-RKVSZ,0.2366,Unlikely to churn,0.7634,2026-09-13
2683-JXWQQ,0.0835,Unlikely to churn,0.9165,2026-09-13
9548-ZMVTX,0.0487,Unlikely to churn,0.9513,2026-09-13
8739-XNIKG,0.5095,Likely to churn,0.5095,2026-09-13
9755-JHNMN,0.0633,Unlikely to churn,0.9367,2026-09-13
3981-QSVQI,0.3048,Unlikely to churn,0.6952,2026-09-13
2789-HQBOU,0.5048,Likely to churn,0.5048,2026-09-13
9424-CMPOG,0.2023,Unlikely to churn,0.7977,2026-09-13
5067-WJEUN,0.0,Unlikely to churn,1.0,2026-09-13
3450-WXOAT,0.119,Unlikely to churn,0.881,2026-09-13
9251-WNSOD,0.0426,Unlikely to churn,0.9574,2026-09-13
6974-DAFLI,0.0868,Unlikely to churn,0.9132,2026-09-13
2616-UUTFK,0.1781,Unlikely to churn,0.8219,2026-09-13
7064-JHXCE,0.0713,Unlikely to churn,0.9287,2026-09-13
5103-MHMHY,0.3402,Unlikely to churn,0.6598,2026-09-13
7989-AWGEH,0.1101,Unlikely to churn,0.8899,2026-09-13
4373-VVHQL,0.5253,Likely to churn,0.5253,2026-09-13
4559-UWIHT,0.448,Unlikely to churn,0.552,2026-09-13
7268-IGMFD,0.2749,Unlikely to churn,0.7251,2026-09-13
1846-XWOQN,0.5973,Likely to churn,0.5973,2026-09-13
0235-KGSLC,0.4237,Unlikely to churn,0.5763,2026-09-13
6650-BWFRT,0.0371,Unlikely to churn,0.9629,2026-09-13
9570-KYEUA,0.0656,Unlikely to churn,0.9344,2026-09-13
6993-YGFJV,0.0324,Unlikely to churn,0.9676,2026-09-13
2712-SYWAY,0.4463,Unlikely to churn,0.5537,2026-09-13
0730-BGQGF,0.0202,Unlikely to churn,0.9798,2026-09-13
5498-IBWPI,0.0891,Unlikely to churn,0.9109,2026-09-13
9101-NTIXF,0.3229,Unlikely to churn,0.6771,2026-09-13
0013-SMEOE,0.0,Unlikely to churn,1.0,2026-09-13
9314-QDMDW,0.3994,Unlikely to churn,0.6006,2026-09-13
9308-ANMVE,0.0801,Unlikely to churn,0.9199,2026-09-13
2884-GBPFB,0.239,Unlikely to churn,0.761,2026-09-13
3757-NJYBX,0.2158,Unlikely to churn,0.7842,2026-09-13
3413-DHLPB,0.0758,Unlikely to churn,0.9242,2026-09-13
7649-PHJVR,0.2744,Unlikely to churn,0.7256,2026-09-13
6114-TCFID,0.1039,Unlikely to churn,0.8961,2026-09-13
3787-TRIAL,0.3107,Unlikely to churn,0.6893,2026-09-13
2573-GYRUU,0.1664,Unlikely to churn,0.8336,2026-09-13
5156-UMKOW,0.3677,Unlikely to churn,0.6323,2026-09-13
1247-QBVSH,0.0437,Unlikely to churn,0.9563,2026-09-13
6734-GMPVK,0.4469,Unlikely to churn,0.5531,2026-09-13
9822-OAOVB,0.5392,Likely to churn,0.5392,2026-09-13
6161-ERDGD,0.0315,Unlikely to churn,0.9685,2026-09-13
1226-JZNKR,0.1875,Unlikely to churn,0.8125,2026-09-13
7318-EIVKO,0.4645,Unlikely to churn,0.5355,2026-09-13
3771-PZOBW,0.229,Unlikely to churn,0.771,2026-09-13
5136-KCKGI,0.2626,Unlikely to churn,0.7374,2026-09-13
8231-BSWXX,0.024,Unlikely to churn,0.976,2026-09-13
6486-LHTMA,0.2642,Unlikely to churn,0.7358,2026-09-13
4083-BFNYK,0.1224,Unlikely to churn,0.8776,2026-09-13
3722-WPXTK,0.5786,Likely to churn,0.5786,2026-09-13
7389-KBFIT,0.4849,Unlikely to churn,0.5151,2026-09-13
7176-WIONM,0.4688,Unlikely to churn,0.5312,2026-09-13
5141-ZUVBH,0.1886,Unlikely to churn,0.8114,2026-09-13
1089-HDMKP,0.3809,Unlikely to churn,0.6191,2026-09-13
7623-HKYRK,0.2631,Unlikely to churn,0.7369,2026-09-13
0310-SUCIN,0.0176,Unlikely to churn,0.9824,2026-09-13
5197-PYEPU,0.0943,Unlikely to churn,0.9057,2026-09-13
2929-ERCFZ,0.4072,Unlikely to churn,0.5928,2026-09-13
7548-SEPYI,0.5413,Likely to churn,0.5413,2026-09-13
8835-VSDSE,0.5173,Likely to churn,0.5173,2026-09-13
6619-RPLQZ,0.0,Unlikely to churn,1.0,2026-09-13
3275-RHRNE,0.2233,Unlikely to churn,0.7767,2026-09-13
3503-TYDAY,0.1058,Unlikely to churn,0.8942,2026-09-13
6901-GOGZG,0.1141,Unlikely to churn,0.8859,2026-09-13
1623-NLDOT,0.0745,Unlikely to churn,0.9255,2026-09-13
7021-XSNYE,0.2161,Unlikely to churn,0.7839,2026-09-13
9621-OUPYD,0.2236,Unlikely to churn,0.7764,2026-09-13
9898-KZQDZ,0.2557,Unlikely to churn,0.7443,2026-09-13
8982-NHAVY,0.2798,Unlikely to churn,0.7202,2026-09-13
4307-KWMXE,0.3265,Unlikely to churn,0.6735,2026-09-13
0141-YEAYS,0.2794,Unlikely to churn,0.7206,2026-09-13
2450-ZKEED,0.1616,Unlikely to churn,0.8384,2026-09-13
3694-DELSO,0.2642,Unlikely to churn,0.7358,2026-09-13
3893-JRNFS,0.0452,Unlikely to churn,0.9548,2026-09-13
9603-OAIHC,0.6099,Likely to churn,0.6099,2026-09-13
1133-KXCGE,0.185,Unlikely to churn,0.815,2026-09-13
5236-PERKL,0.1128,Unlikely to churn,0.8872,2026-09-13
0142-GVYSN,0.2502,Unlikely to churn,0.7498,2026-09-13
1049-FYSYG,0.381,Unlikely to churn,0.619,2026-09-13
7854-FOKSF,0.4587,Unlikely to churn,0.5413,2026-09-13
2519-FAKOD,0.1845,Unlikely to churn,0.8155,2026-09-13
8406-LNMHF,0.1317,Unlikely to churn,0.8683,2026-09-13
1821-BUCWY,0.1745,Unlikely to churn,0.8255,2026-09-13
8263-JQAIK,0.6321,Likely to churn,0.6321,2026-09-13
0023-UYUPN,0.0474,Unlikely to churn,0.9526,2026-09-13
8314-DPQHL,0.3331,Unlikely to churn,0.6669,2026-09-13
1465-WCZVT,0.2826,Unlikely to churn,0.7174,2026-09-13
9481-SFCQY,0.2263,Unlikely to churn,0.7737,2026-09-13
6360-SVNWV,0.1926,Unlikely to churn,0.8074,2026-09-13
0567-GGCAC,0.3092,Unlikely to churn,0.6908,2026-09-13
7089-IVVAZ,0.4563,Unlikely to churn,0.5437,2026-09-13
8884-MRNSU,0.1418,Unlikely to churn,0.8582,2026-09-13
2171-UDMFD,0.1242,Unlikely to churn,0.8758,2026-09-13
9050-IKDZA,0.4713,Unlikely to churn,0.5287,2026-09-13
2205-YMZZJ,0.4807,Unlikely to churn,0.5193,2026-09-13
9802-CAQUT,0.0589,Unlikely to churn,0.9411,2026-09-13
1254-IZEYF,0.3813,Unlikely to churn,0.6187,2026-09-13
0187-WZNAB,0.2576,Unlikely to churn,0.7424,2026-09-13
9492-TOKRI,0.2807,Unlikely to churn,0.7193,2026-09-13
1475-VWVDO,0.4273,Unlikely to churn,0.5727,2026-09-13
9221-OTIVJ,0.4972,Unlikely to churn,0.5028,2026-09-13
1357-MVDOZ,0.3131,Unlikely to churn,0.6869,2026-09-13
7602-MVRMB,0.0382,Unlikely to churn,0.9618,2026-09-13
3325-FUYCG,0.21,Unlikely to churn,0.79,2026-09-13
5908-QMGOE,0.3912,Unlikely to churn,0.6088,2026-09-13
1197-BVMVG,0.5215,Likely to churn,0.5215,2026-09-13
5406-KGRMX,0.0139,Unlikely to churn,0.9861,2026-09-13
8481-YYXWG,0.4344,Unlikely to churn,0.5656,2026-09-13
5968-HYJRZ,0.0924,Unlikely to churn,0.9076,2026-09-13
5198-EFNBM,0.0981,Unlikely to churn,0.9019,2026-09-13
7516-GMHUV,0.1107,Unlikely to churn,0.8893,2026-09-13
7140-ADSMJ,0.2502,Unlikely to churn,0.7498,2026-09-13
2230-XTUWL,0.0176,Unlikely to churn,0.9824,2026-09-13
7706-YLMQA,0.0,Unlikely to churn,1.0,2026-09-13
2585-KTFRE,0.2746,Unlikely to churn,0.7254,2026-09-13
7994-UYIVZ,0.3786,Unlikely to churn,0.6214,2026-09-13
2609-IAICY,0.5256,Likely to churn,0.5256,2026-09-13
1740-CSDJP,0.4854,Unlikely to churn,0.5146,2026-09-13
7717-BICXI,0.0205,Unlikely to churn,0.9795,2026-09-13
6559-RAKOZ,0.2034,Unlikely to churn,0.7966,2026-09-13
2636-OHFMN,0.6126,Likely to churn,0.6126,2026-09-13
4716-MRVEN,0.1411,Unlikely to churn,0.8589,2026-09-13
2143-LJULT,0.0239,Unlikely to churn,0.9761,2026-09-13
1323-OOEPC,0.1244,Unlikely to churn,0.8756,2026-09-13
3200-MNQTF,0.0338,Unlikely to churn,0.9662,2026-09-13
6164-HXUGH,0.281,Unlikely to churn,0.719,2026-09-13
5630-IXDXV,0.1655,Unlikely to churn,0.8345,2026-09-13
0320-DWVTU,0.07,Unlikely to churn,0.93,2026-09-13
9135-MGVPY,0.0,Unlikely to churn,1.0,2026-09-13
1212-GLHMD,0.4846,Unlikely to churn,0.5154,2026-09-13
7878-JGDKK,0.4075,Unlikely to churn,0.5925,2026-09-13
1088-AUUZZ,0.0396,Unlikely to churn,0.9604,2026-09-13
0397-GZBBC,0.1924,Unlikely to churn,0.8076,2026-09-13
6614-YWYSC,0.0122,Unlikely to churn,0.9878,2026-09-13
9588-OZDMQ,0.5182,Likely to churn,0.5182,2026-09-13
7641-EUYET,0.1403,Unlikely to churn,0.8597,2026-09-13
6476-EPYZR,0.2132,Unlikely to churn,0.7868,2026-09-13
9921-ZVRHG,0.3858,Unlikely to churn,0.6142,2026-09-13
1174-FGIFN,0.2533,Unlikely to churn,0.7467,2026-09-13
6620-HVDUJ,0.1761,Unlikely to churn,0.8239,2026-09-13
4701-MLJPN,0.2536,Unlikely to churn,0.7464,2026-09-13
1032-MAELW,0.0343,Unlikely to churn,0.9657,2026-09-13
7641-TQFHN,0.1866,Unlikely to churn,0.8134,2026-09-13
1552-TKMXS,0.0485,Unlikely to churn,0.9515,2026-09-13
9206-GVPEQ,0.5021,Likely to churn,0.5021,2026-09-13
8622-ZLFKO,0.4505,Unlikely to churn,0.5495,2026-09-13
1596-BBVTG,0.1789,Unlikely to churn,0.8211,2026-09-13
6188-UXBBR,0.1828,Unlikely to churn,0.8172,2026-09-13
2333-KWEWW,0.1577,Unlikely to churn,0.8423,2026-09-13
5702-SKUOB,0.258,Unlikely to churn,0.742,2026-09-13
1134-YWTYF,0.2288,Unlikely to churn,0.7712,2026-09-13
6061-GWWAV,0.1033,Unlikely to churn,0.8967,2026-09-13
0679-TDGAK,0.089,Unlikely to churn,0.911,2026-09-13
6585-WCEWR,0.0273,Unlikely to churn,0.9727,2026-09-13
9067-YGSCA,0.0524,Unlikely to churn,0.9476,2026-09-13
9067-SQTNS,0.0676,Unlikely to churn,0.9324,2026-09-13
8433-WXGNA,0.5319,Likely to churn,0.5319,2026-09-13
1776-SPBWV,0.1409,Unlikely to churn,0.8591,2026-09-13
8735-SDUFN,0.0695,Unlikely to churn,0.9305,2026-09-13
9668-PUGNU,0.0507,Unlikely to churn,0.9493,2026-09-13
9405-GPBBG,0.1103,Unlikely to churn,0.8897,2026-09-13
1926-QUZNN,0.0211,Unlikely to churn,0.9789,2026-09-13
3707-GNWHM,0.52,Likely to churn,0.52,2026-09-13
7016-NVRIC,0.2242,Unlikely to churn,0.7758,2026-09-13
5829-NVSQN,0.1719,Unlikely to churn,0.8281,2026-09-13
9565-AXSMR,0.071,Unlikely to churn,0.929,2026-09-13
8922-LIEGH,0.3404,Unlikely to churn,0.6596,2026-09-13
8869-LIHMK,0.0599,Unlikely to churn,0.9401,2026-09-13
8245-UMPYT,0.5022,Likely to churn,0.5022,2026-09-13
5186-SAMNZ,0.5433,Likely to churn,0.5433,2026-09-13
0447-RXSGD,0.3421,Unlikely to churn,0.6579,2026-09-13
4927-WWOOZ,0.464,Unlikely to churn,0.536,2026-09-13
5788-YPOEG,0.1036,Unlikely to churn,0.8964,2026-09-13
5373-SFODM,0.2809,Unlikely to churn,0.7191,2026-09-13
0661-KBKPA,0.0871,Unlikely to churn,0.9129,2026-09-13
9081-WWXKP,0.0,Unlikely to churn,1.0,2026-09-13
0784-ZQJZX,0.0718,Unlikely to churn,0.9282,2026-09-13
3133-PZNSR,0.0575,Unlikely to churn,0.9425,2026-09-13
5766-ZJYBB,0.3413,Unlikely to churn,0.6587,2026-09-13
8931-GJJIQ,0.4378,Unlikely to churn,0.5622,2026-09-13
4277-PVRAN,0.4208,Unlikely to churn,0.5792,2026-09-13
0022-TCJCI,0.0654,Unlikely to churn,0.9346,2026-09-13
0722-SVSFK,0.5224,Likely to churn,0.5224,2026-09-13
3612-YVGSJ,0.0474,Unlikely to churn,0.9526,2026-09-13
9825-YCXWZ,0.2092,Unlikely to churn,0.7908,2026-09-13
5397-NSKQG,0.0502,Unlikely to churn,0.9498,2026-09-13
8565-HBFNN,0.0455,Unlikely to churn,0.9545,2026-09-13
2000-DHJUY,0.0837,Unlikely to churn,0.9163,2026-09-13
0203-HHYIJ,0.1155,Unlikely to churn,0.8845,2026-09-13
8670-ERCJH,0.0,Unlikely to churn,1.0,2026-09-13
7758-UJWYS,0.2304,Unlikely to churn,0.7696,2026-09-13
2050-ONYDQ,0.0422,Unlikely to churn,0.9578,2026-09-13
7055-JCGNI,0.0741,Unlikely to churn,0.9259,2026-09-13
0739-UUAJR,0.0621,Unlikely to churn,0.9379,2026-09-13
4826-DXMUP,0.17,Unlikely to churn,0.83,2026-09-13
0952-KMEEH,0.3897,Unlikely to churn,0.6103,2026-09-13
7285-KLOTR,0.2941,Unlikely to churn,0.7059,2026-09-13
0654-PQKDW,0.0201,Unlikely to churn,0.9799,2026-09-13
7175-NTIXE,0.2152,Unlikely to churn,0.7848,2026-09-13
7963-SHNDT,0.1371,Unlikely to churn,0.8629,2026-09-13
9796-BPKIW,0.3782,Unlikely to churn,0.6218,2026-09-13
0188-GWFLE,0.35,Unlikely to churn,0.65,2026-09-13
8129-GMVGI,0.0,Unlikely to churn,1.0,2026-09-13
2882-DDZPG,0.1963,Unlikely to churn,0.8037,2026-09-13
3547-LQRIK,0.0651,Unlikely to churn,0.9349,2026-09-13
9137-NOQKA,0.305,Unlikely to churn,0.695,2026-09-13
5843-TTHGI,0.3287,Unlikely to churn,0.6713,2026-09-13
1849-RJYIG,0.3982,Unlikely to churn,0.6018,2026-09-13
8868-GAGIO,0.0966,Unlikely to churn,0.9034,2026-09-13
4061-UKJWL,0.4219,Unlikely to churn,0.5781,2026-09-13
5380-XPJNZ,0.141,Unlikely to churn,0.859,2026-09-13
8263-QMNTJ,0.1228,Unlikely to churn,0.8772,2026-09-13
8178-EYZUO,0.1578,Unlikely to churn,0.8422,2026-09-13
3230-JCNZS,0.0408,Unlikely to churn,0.9592,2026-09-13
0277-ORXQS,0.0878,Unlikely to churn,0.9122,2026-09-13
5130-IEKQT,0.357,Unlikely to churn,0.643,2026-09-13
3230-WYKIR,0.3084,Unlikely to churn,0.6916,2026-09-13
7996-BPXHY,0.2148,Unlikely to churn,0.7852,2026-09-13
3227-WLKLI,0.0366,Unlikely to churn,0.9634,2026-09-13
0407-BDJKB,0.1112,Unlikely to churn,0.8888,2026-09-13
2266-FUBDZ,0.1374,Unlikely to churn,0.8626,2026-09-13
8237-ULIXL,0.0349,Unlikely to churn,0.9651,2026-09-13
9600-UDOPK,0.3686,Unlikely to churn,0.6314,2026-09-13
8216-AZUUZ,0.2055,Unlikely to churn,0.7945,2026-09-13
9153-BTBVV,0.0658,Unlikely to churn,0.9342,2026-09-13
4074-SJFFA,0.5089,Likely to churn,0.5089,2026-09-13
3269-ATYWD,0.2541,Unlikely to churn,0.7459,2026-09-13
5186-PEIZU,0.099,Unlikely to churn,0.901,2026-09-13
1074-AMIOH,0.0784,Unlikely to churn,0.9216,2026-09-13
4910-GMJOT,0.5734,Likely to churn,0.5734,2026-09-13
0354-WYROK,0.32,Unlikely to churn,0.68,2026-09-13
4361-FEBGN,0.093,Unlikely to churn,0.907,2026-09-13
7748-UMTRK,0.2918,Unlikely to churn,0.7082,2026-09-13
0380-ZCSBI,0.2445,Unlikely to churn,0.7555,2026-09-13
7145-FEJWU,0.403,Unlikely to churn,0.597,2026-09-13
6463-MVYRY,0.0495,Unlikely to churn,0.9505,2026-09-13
3969-JQABI,0.0666,Unlikely to churn,0.9334,2026-09-13
9624-EGDEQ,0.1326,Unlikely to churn,0.8674,2026-09-13
1051-EQPZR,0.068,Unlikely to churn,0.932,2026-09-13
5849-ASHZJ,0.1446,Unlikely to churn,0.8554,2026-09-13
5780-INQIK,0.3336,Unlikely to churn,0.6664,2026-09-13
7576-OYWBN,0.58,Likely to churn,0.58,2026-09-13
4526-ZJJTM,0.1674,Unlikely to churn,0.8326,2026-09-13
8384-FZBJK,0.193,Unlikely to churn,0.807,2026-09-13
3750-RNQKR,0.2564,Unlikely to churn,0.7436,2026-09-13
0962-CQPWQ,0.0457,Unlikely to churn,0.9543,2026-09-13
3096-YXENJ,0.0322,Unlikely to churn,0.9678,2026-09-13
1265-BCFEO,0.0228,Unlikely to churn,0.9772,2026-09-13
5837-LXSDN,0.2454,Unlikely to churn,0.7546,2026-09-13
5945-AZYHT,0.0929,Unlikely to churn,0.9071,2026-09-13
8325-QRPZR,0.385,Unlikely to churn,0.615,2026-09-13
6384-VMJHP,0.0558,Unlikely to churn,0.9442,2026-09-13
2262-SLNVK,0.4133,Unlikely to churn,0.5867,2026-09-13
7730-CLDSV,0.0801,Unlikely to churn,0.9199,2026-09-13
1135-HIORI,0.0895,Unlikely to churn,0.9105,2026-09-13
0164-APGRB,0.081,Unlikely to churn,0.919,2026-09-13
6481-ESCNL,0.2496,Unlikely to churn,0.7504,2026-09-13
1790-NESIO,0.2857,Unlikely to churn,0.7143,2026-09-13
1550-EENBN,0.1972,Unlikely to churn,0.8028,2026-09-13
5539-TMZLF,0.5566,Likely to churn,0.5566,2026-09-13
4323-SADQS,0.4507,Unlikely to churn,0.5493,2026-09-13
4446-BZKHU,0.0858,Unlikely to churn,0.9142,2026-09-13
5202-IVJNU,0.0488,Unlikely to churn,0.9512,2026-09-13
5976-JCJRH,0.4702,Unlikely to churn,0.5298,2026-09-13
8198-RKSZG,0.1838,Unlikely to churn,0.8162,2026-09-13
0137-OCGAB,0.5066,Likely to churn,0.5066,2026-09-13
3351-NQLDI,0.0,Unlikely to churn,1.0,2026-09-13
9297-EONCV,0.0195,Unlikely to churn,0.9805,2026-09-13
7593-JNWRU,0.3583,Unlikely to churn,0.6417,2026-09-13
4588-YBNIB,0.4632,Unlikely to churn,0.5368,2026-09-13
1069-QJOEE,0.1195,Unlikely to churn,0.8805,2026-09-13
3336-JORSO,0.355,Unlikely to churn,0.645,2026-09-13
7799-DSEWS,0.208,Unlikely to churn,0.792,2026-09-13
8766-PAFNE,0.0197,Unlikely to churn,0.9803,2026-09-13
5315-CKEQK,0.3241,Unlikely to churn,0.6759,2026-09-13
3130-ICDUP,0.3168,Unlikely to churn,0.6832,2026-09-13
0820-FNRNX,0.2118,Unlikely to churn,0.7882,2026-09-13
0880-FVFWF,0.1044,Unlikely to churn,0.8956,2026-09-13
4611-ANLQC,0.0997,Unlikely to churn,0.9003,2026-09-13
4213-HKBJO,0.1476,Unlikely to churn,0.8524,2026-09-13
2792-LSHWX,0.4283,Unlikely to churn,0.5717,2026-09-13
5028-GZLDO,0.3611,Unlikely to churn,0.6389,2026-09-13
0014-BMAQU,0.0708,Unlikely to churn,0.9292,2026-09-13
6861-XWTWQ,0.5404,Likely to churn,0.5404,2026-09-13
9018-PCIOK,0.0881,Unlikely to churn,0.9119,2026-09-13
4837-QUSFT,0.0615,Unlikely to churn,0.9385,2026-09-13
6877-TJMBR,0.5395,Likely to churn,0.5395,2026-09-13
9953-ZMKSM,0.0735,Unlikely to churn,0.9265,2026-09-13
0907-HQNTS,0.0636,Unlikely to churn,0.9364,2026-09-13
7665-NKLAV,0.0959,Unlikely to churn,0.9041,2026-09-13
6769-DCQLI,0.1355,Unlikely to churn,0.8645,2026-09-13
2433-KMEAS,0.2752,Unlikely to churn,0.7248,2026-09-13
4391-LNRXK,0.2375,Unlikely to churn,0.7625,2026-09-13
8250-ZNGGW,0.2918,Unlikely to churn,0.7082,2026-09-13
2195-ZRVAX,0.1228,Unlikely to churn,0.8772,2026-09-13
3550-SAHFP,0.224,Unlikely to churn,0.776,2026-09-13
2011-TRQYE,0.3361,Unlikely to churn,0.6639,2026-09-13
8562-GHPPI,0.2862,Unlikely to churn,0.7138,2026-09-13
5893-PYOLZ,0.1205,Unlikely to churn,0.8795,2026-09-13
4986-MXSFP,0.4102,Unlikely to churn,0.5898,2026-09-13
6131-FOYAS,0.2041,Unlikely to churn,0.7959,2026-09-13
3027-YNWZU,0.1011,Unlikely to churn,0.8989,2026-09-13
5609-IMCGG,0.2717,Unlikely to churn,0.7283,2026-09-13
4873-ILOLJ,0.3314,Unlikely to churn,0.6686,2026-09-13
4727-MCYZG,0.4489,Unlikely to churn,0.5511,2026-09-13
9481-WHGWY,0.0013,Unlikely to churn,0.9987,2026-09-13
2725-KXXWT,0.6009,Likely to churn,0.6009,2026-09-13
9565-DJPIB,0.3205,Unlikely to churn,0.6795,2026-09-13
4328-VUFWD,0.1292,Unlikely to churn,0.8708,2026-09-13
3301-LSLWQ,0.1822,Unlikely to churn,0.8178,2026-09-13
7473-ZBDSN,0.1922,Unlikely to churn,0.8078,2026-09-13
3166-PNEOF,0.0575,Unlikely to churn,0.9425,2026-09-13
5639-NTUPK,0.2428,Unlikely to churn,0.7572,2026-09-13
8780-YRMTT,0.0411,Unlikely to churn,0.9589,2026-09-13
8348-HFYIV,0.5942,Likely to churn,0.5942,2026-09-13
5140-FOMCQ,0.0586,Unlikely to churn,0.9414,2026-09-13
6242-SGYTS,0.0463,Unlikely to churn,0.9537,2026-09-13
8166-ORCHU,0.2359,Unlikely to churn,0.7641,2026-09-13
8414-OOEEL,0.0267,Unlikely to churn,0.9733,2026-09-13
8454-AATJP,0.0329,Unlikely to churn,0.9671,2026-09-13
6849-WLEYG,0.2992,Unlikely to churn,0.7008,2026-09-13
4659-NZRUF,0.3004,Unlikely to churn,0.6996,2026-09-13
4531-AUZNK,0.1328,Unlikely to churn,0.8672,2026-09-13
4191-XOVOM,0.124,Unlikely to churn,0.876,2026-09-13
2150-OEGBV,0.1089,Unlikely to churn,0.8911,2026-09-13
8429-XIBUM,0.3448,Unlikely to churn,0.6552,2026-09-13
1855-CFULU,0.3424,Unlikely to churn,0.6576,2026-09-13
4878-BUNFV,0.0836,Unlikely to churn,0.9164,2026-09-13
1872-EBWSC,0.1883,Unlikely to churn,0.8117,2026-09-13
2608-BHKFN,0.4482,Unlikely to churn,0.5518,2026-09-13
7026-YMSBE,0.0817,Unlikely to churn,0.9183,2026-09-13
7341-LXCAF,0.5332,Likely to churn,0.5332,2026-09-13
6997-UVGOX,0.0588,Unlikely to churn,0.9412,2026-09-13
9674-EHPPG,0.0757,Unlikely to churn,0.9243,2026-09-13
9462-MJUAW,0.4309,Unlikely to churn,0.5691,2026-09-13
8128-YVJRG,0.4365,Unlikely to churn,0.5635,2026-09-13
5440-VHLUL,0.0298,Unlikely to churn,0.9702,2026-09-13
5781-BKHOP,0.0371,Unlikely to churn,0.9629,2026-09-13
4283-FUTGF,0.3234,Unlikely to churn,0.6766,2026-09-13
5213-TWWJU,0.1816,Unlikely to churn,0.8184,2026-09-13
1569-TTNYJ,0.5233,Likely to churn,0.5233,2026-09-13
8628-MFKAX,0.0145,Unlikely to churn,0.9855,2026-09-13
2397-BRLOM,0.3474,Unlikely to churn,0.6526,2026-09-13
7629-WIXZF,0.385,Unlikely to churn,0.615,2026-09-13
5445-GLVOT,0.2783,Unlikely to churn,0.7217,2026-09-13
3976-HXHCE,0.007,Unlikely to churn,0.993,2026-09-13
2466-NEJOJ,0.2451,Unlikely to churn,0.7549,2026-09-13
0254-KCJGT,0.0931,Unlikely to churn,0.9069,2026-09-13
5472-CVMDX,0.0549,Unlikely to churn,0.9451,2026-09-13
6461-SZMCV,0.0325,Unlikely to churn,0.9675,2026-09-13
8150-QUDFX,0.3465,Unlikely to churn,0.6535,2026-09-13
9508-ILZDG,0.2257,Unlikely to churn,0.7743,2026-09-13
2346-DJQTB,0.2054,Unlikely to churn,0.7946,2026-09-13
1697-LYYYX,0.0,Unlikely to churn,1.0,2026-09-13
1942-OQFRW,0.4382,Unlikely to churn,0.5618,2026-09-13
4749-VFKVB,0.5627,Likely to churn,0.5627,2026-09-13
9640-ZSLDC,0.0565,Unlikely to churn,0.9435,2026-09-13
4231-LZUYM,0.0157,Unlikely to churn,0.9843,2026-09-13
7598-UAASY,0.424,Unlikely to churn,0.576,2026-09-13
7938-OUHIO,0.4355,Unlikely to churn,0.5645,2026-09-13
8510-AWCXC,0.5161,Likely to churn,0.5161,2026-09-13
6128-AQBMT,0.2587,Unlikely to churn,0.7413,2026-09-13
3594-BDSOA,0.1419,Unlikely to churn,0.8581,2026-09-13
0431-APWVY,0.2854,Unlikely to churn,0.7146,2026-09-13
5133-VRSAB,0.3788,Unlikely to churn,0.6212,2026-09-13
5996-DAOQL,0.4037,Unlikely to churn,0.5963,2026-09-13
6838-YAUVY,0.0877,Unlikely to churn,0.9123,2026-09-13
0484-JPBRU,0.1078,Unlikely to churn,0.8922,2026-09-13
7883-ROJOC,0.2586,Unlikely to churn,0.7414,2026-09-13
0244-LGNFY,0.0288,Unlikely to churn,0.9712,2026-09-13
7274-CGTOD,0.0852,Unlikely to churn,0.9148,2026-09-13
4295-YURET,0.0386,Unlikely to churn,0.9614,2026-09-13
3426-NIYYL,0.3037,Unlikely to churn,0.6963,2026-09-13
8225-BTJAU,0.5019,Likely to churn,0.5019,2026-09-13
4635-EJYPD,0.055,Unlikely to churn,0.945,2026-09-13
1866-ZSLJM,0.1496,Unlikely to churn,0.8504,2026-09-13
4636-TVXVG,0.0065,Unlikely to churn,0.9935,2026-09-13
4236-UJPWO,0.4571,Unlikely to churn,0.5429,2026-09-13
9392-XBGTD,0.1013,Unlikely to churn,0.8987,2026-09-13
3387-VATUS,0.4982,Unlikely to churn,0.5018,2026-09-13
6402-SSEJG,0.3256,Unlikely to churn,0.6744,2026-09-13
1143-NMNQJ,0.4871,Unlikely to churn,0.5129,2026-09-13
1169-SAOCL,0.1136,Unlikely to churn,0.8864,2026-09-13
1110-KYLGQ,0.0188,Unlikely to churn,0.9812,2026-09-13
9929-PLVPA,0.2795,Unlikely to churn,0.7205,2026-09-13
3518-PZXZQ,0.5019,Likely to churn,0.5019,2026-09-13
2371-JUNGC,0.2513,Unlikely to churn,0.7487,2026-09-13
7693-QPEFS,0.1123,Unlikely to churn,0.8877,2026-09-13
0924-BJCRC,0.0541,Unlikely to churn,0.9459,2026-09-13
5074-FBGHB,0.0813,Unlikely to churn,0.9187,2026-09-13
2351-BKRZW,0.1471,Unlikely to churn,0.8529,2026-09-13
4455-BFSPD,0.12,Unlikely to churn,0.88,2026-09-13
0415-MOSGF,0.3887,Unlikely to churn,0.6113,2026-09-13
1724-BQUHA,0.6062,Likely to churn,0.6062,2026-09-13
3948-KXDUF,0.0,Unlikely to churn,1.0,2026-09-13
2323-ARSVR,0.0318,Unlikely to churn,0.9682,2026-09-13
0815-MFZGM,0.206,Unlikely to churn,0.794,2026-09-13
4826-XTSOH,0.6191,Likely to churn,0.6191,2026-09-13
5480-XTFFL,0.146,Unlikely to churn,0.854,2026-09-13
8295-FHIVV,0.3566,Unlikely to churn,0.6434,2026-09-13
2495-INZWQ,0.6016,Likely to churn,0.6016,2026-09-13
9086-YJYXS,0.1436,Unlikely to churn,0.8564,2026-09-13
1179-INLAT,0.4249,Unlikely to churn,0.5751,2026-09-13
7909-FIOIY,0.3296,Unlikely to churn,0.6704,2026-09-13
4139-SUGLD,0.0829,Unlikely to churn,0.9171,2026-09-13
6857-VWJDT,0.5139,Likely to churn,0.5139,2026-09-13
6351-SCJKT,0.429,Unlikely to churn,0.571,2026-09-13
5468-BPMMO,0.0372,Unlikely to churn,0.9628,2026-09-13
5624-BQSSA,0.3668,Unlikely to churn,0.6332,2026-09-13
0197-PNKNK,0.0407,Unlikely to churn,0.9593,2026-09-13
2439-QKJUL,0.329,Unlikely to churn,0.671,2026-09-13
1194-SPVSP,0.3167,Unlikely to churn,0.6833,2026-09-13
9534-NSXEM,0.1579,Unlikely to churn,0.8421,2026-09-13
2408-WITXK,0.46,Unlikely to churn,0.54,2026-09-13
8929-KSWIH,0.1968,Unlikely to churn,0.8032,2026-09-13
2250-IVBWA,0.0712,Unlikely to churn,0.9288,2026-09-13
1810-MVMAI,0.0843,Unlikely to churn,0.9157,2026-09-13
9506-UXUSK,0.3834,Unlikely to churn,0.6166,2026-09-13
1229-RCALF,0.0468,Unlikely to churn,0.9532,2026-09-13
3572-UOLYZ,0.1541,Unlikely to churn,0.8459,2026-09-13
1429-UYJSV,0.2678,Unlikely to churn,0.7322,2026-09-13
5577-OTWWW,0.2026,Unlikely to churn,0.7974,2026-09-13
6100-QQHEB,0.4293,Unlikely to churn,0.5707,2026-09-13
6366-XIVKZ,0.3175,Unlikely to churn,0.6825,2026-09-13
3470-OBUET,0.0134,Unlikely to churn,0.9866,2026-09-13
2770-NSVDG,0.2512,Unlikely to churn,0.7488,2026-09-13
9375-MHRRS,0.3319,Unlikely to churn,0.6681,2026-09-13
2634-HCZGT,0.2023,Unlikely to churn,0.7977,2026-09-13
7503-QQRVF,0.3573,Unlikely to churn,0.6427,2026-09-13
4860-YZGZM,0.2462,Unlikely to churn,0.7538,2026-09-13
6599-GZWCM,0.3958,Unlikely to churn,0.6042,2026-09-13
2691-NZETQ,0.4238,Unlikely to churn,0.5762,2026-09-13
4404-HIBDJ,0.1776,Unlikely to churn,0.8224,2026-09-13
5533-NHFRF,0.4759,Unlikely to churn,0.5241,2026-09-13
7037-MTYVW,0.1402,Unlikely to churn,0.8598,2026-09-13
4760-THGOT,0.2035,Unlikely to churn,0.7965,2026-09-13
7295-JOMMD,0.4099,Unlikely to churn,0.5901,2026-09-13
4016-BJKTZ,0.2575,Unlikely to churn,0.7425,2026-09-13
6584-VQMYT,0.1528,Unlikely to churn,0.8472,2026-09-13
9838-BFCQT,0.0203,Unlikely to churn,0.9797,2026-09-13
2790-XUYMV,0.0228,Unlikely to churn,0.9772,2026-09-13
0581-MDMPW,0.2457,Unlikely to churn,0.7543,2026-09-13
5013-SBUIH,0.2083,Unlikely to churn,0.7917,2026-09-13
1023-BQXZE,0.0679,Unlikely to churn,0.9321,2026-09-13
9163-GHAYE,0.2375,Unlikely to churn,0.7625,2026-09-13
3904-UKFRE,0.4727,Unlikely to churn,0.5273,2026-09-13
5353-WILCI,0.2063,Unlikely to churn,0.7937,2026-09-13
0709-TVGUR,0.5154,Likely to churn,0.5154,2026-09-13
0058-EVZWM,0.1152,Unlikely to churn,0.8848,2026-09-13
6023-YEBUP,0.5583,Likely to churn,0.5583,2026-09-13
7209-JCUDS,0.498,Unlikely to churn,0.502,2026-09-13
7009-PCARS,0.0116,Unlikely to churn,0.9884,2026-09-13
0519-DRGTI,0.1538,Unlikely to churn,0.8462,2026-09-13
1017-FBQMM,0.1123,Unlikely to churn,0.8877,2026-09-13
3001-CBHLQ,0.3643,Unlikely to churn,0.6357,2026-09-13
1985-MBRYP,0.0607,Unlikely to churn,0.9393,2026-09-13
6158-DWPZT,0.3184,Unlikely to churn,0.6816,2026-09-13
9372-TXXPS,0.0422,Unlikely to churn,0.9578,2026-09-13
3259-QMXUN,0.1438,Unlikely to churn,0.8562,2026-09-13
1015-JPFYW,0.1883,Unlikely to churn,0.8117,2026-09-13
6645-MXQJT,0.4358,Unlikely to churn,0.5642,2026-09-13
4360-QRAVE,0.1307,Unlikely to churn,0.8693,2026-09-13
8433-WPJTV,0.0637,Unlikely to churn,0.9363,2026-09-13
5804-JMYIO,0.0704,Unlikely to churn,0.9296,2026-09-13
3763-GCZHZ,0.0924,Unlikely to churn,0.9076,2026-09-13
6484-LATFU,0.0138,Unlikely to churn,0.9862,2026-09-13
7599-NTMDP,0.0351,Unlikely to churn,0.9649,2026-09-13
0772-GYEQQ,0.4318,Unlikely to churn,0.5682,2026-09-13
0536-ACXIP,0.0386,Unlikely to churn,0.9614,2026-09-13
0936-NQLJU,0.0964,Unlikely to churn,0.9036,2026-09-13
4831-EOBFE,0.1978,Unlikely to churn,0.8022,2026-09-13
1575-KRZZE,0.3696,Unlikely to churn,0.6304,2026-09-13
3251-YMVWZ,0.0,Unlikely to churn,1.0,2026-09-13
4102-OQUPX,0.5958,Likely to churn,0.5958,2026-09-13
9170-GYZJC,0.0749,Unlikely to churn,0.9251,2026-09-13
4884-LEVMQ,0.0809,Unlikely to churn,0.9191,2026-09-13
8857-CUPFQ,0.0358,Unlikely to churn,0.9642,2026-09-13
7610-TVOPG,0.3064,Unlikely to churn,0.6936,2026-09-13
3638-DIMPH,0.36,Unlikely to churn,0.64,2026-09-13
1845-ZLLIG,0.5472,Likely to churn,0.5472,2026-09-13
8559-WNQZS,0.2963,Unlikely to churn,0.7037,2026-09-13
3999-QGRJH,0.5657,Likely to churn,0.5657,2026-09-13
1699-UOTXU,0.0212,Unlikely to churn,0.9788,2026-09-13
2454-RPBRZ,0.4666,Unlikely to churn,0.5334,2026-09-13
0635-WKOLD,0.1093,Unlikely to churn,0.8907,2026-09-13
5993-JSUWV,0.0138,Unlikely to churn,0.9862,2026-09-13
4518-FZBSX,0.0872,Unlikely to churn,0.9128,2026-09-13
5387-ASZNZ,0.0495,Unlikely to churn,0.9505,2026-09-13
6988-CJEYV,0.1529,Unlikely to churn,0.8471,2026-09-13
2002-MZHWP,0.3533,Unlikely to churn,0.6467,2026-09-13
3097-FQTVJ,0.123,Unlikely to churn,0.877,2026-09-13
5465-BUBFA,0.0613,Unlikely to churn,0.9387,2026-09-13
7299-GNVPL,0.1625,Unlikely to churn,0.8375,2026-09-13
9743-DQKQW,0.4919,Unlikely to churn,0.5081,2026-09-13
1215-VFYVK,0.3887,Unlikely to churn,0.6113,2026-09-13
9371-BITHB,0.0693,Unlikely to churn,0.9307,2026-09-13
2265-CYWIV,0.579,Likely to churn,0.579,2026-09-13
9093-FPDLG,0.3219,Unlikely to churn,0.6781,2026-09-13
0541-FITGH,0.4712,Unlikely to churn,0.5288,2026-09-13
6985-HAYWX,0.1706,Unlikely to churn,0.8294,2026-09-13
7508-KBIMB,0.2209,Unlikely to churn,0.7791,2026-09-13
6838-HVLXG,0.2735,Unlikely to churn,0.7265,2026-09-13
2277-DJJDL,0.1514,Unlikely to churn,0.8486,2026-09-13
1897-OKVMW,0.1003,Unlikely to churn,0.8997,2026-09-13
5485-ITNPC,0.0882,Unlikely to churn,0.9118,2026-09-13
0233-FTHAV,0.0845,Unlikely to churn,0.9155,2026-09-13
4644-PIZRT,0.1713,Unlikely to churn,0.8287,2026-09-13
8922-NPKBJ,0.119,Unlikely to churn,0.881,2026-09-13
2740-TVLFN,0.5254,Likely to churn,0.5254,2026-09-13
7771-CFQRQ,0.0613,Unlikely to churn,0.9387,2026-09-13
9512-PHSMG,0.343,Unlikely to churn,0.657,2026-09-13
6963-EZQEE,0.0228,Unlikely to churn,0.9772,2026-09-13
2452-KDRRH,0.0546,Unlikely to churn,0.9454,2026-09-13
2004-OCQXK,0.5426,Likely to churn,0.5426,2026-09-13
5027-QPKTE,0.4483,Unlikely to churn,0.5517,2026-09-13
4146-SVFUD,0.5066,Likely to churn,0.5066,2026-09-13
1564-HJUVY,0.3324,Unlikely to churn,0.6676,2026-09-13
3617-XLSGQ,0.0073,Unlikely to churn,0.9927,2026-09-13
7517-LDMPS,0.4015,Unlikely to churn,0.5985,2026-09-13
7244-KXYZN,0.1846,Unlikely to churn,0.8154,2026-09-13
5226-NOZFC,0.2852,Unlikely to churn,0.7148,2026-09-13
2672-HUYVI,0.5593,Likely to churn,0.5593,2026-09-13
1400-WIVLL,0.0505,Unlikely to churn,0.9495,2026-09-13
7508-MYBOG,0.3985,Unlikely to churn,0.6015,2026-09-13
8148-NLEGT,0.0432,Unlikely to churn,0.9568,2026-09-13
0148-DCDOS,0.2778,Unlikely to churn,0.7222,2026-09-13
8347-GDTMP,0.0302,Unlikely to churn,0.9698,2026-09-13
9992-RRAMN,0.273,Unlikely to churn,0.727,2026-09-13
6746-WAUWT,0.1723,Unlikely to churn,0.8277,2026-09-13
0310-MVLET,0.094,Unlikely to churn,0.906,2026-09-13
0428-IKYCP,0.2364,Unlikely to churn,0.7636,2026-09-13
4550-VBOFE,0.1142,Unlikely to churn,0.8858,2026-09-13
2187-PKZAY,0.3604,Unlikely to churn,0.6396,2026-09-13
4003-OCTMP,0.2411,Unlikely to churn,0.7589,2026-09-13
6652-YFFJO,0.4341,Unlikely to churn,0.5659,2026-09-13
7225-IILWY,0.0601,Unlikely to churn,0.9399,2026-09-13
5248-RPYWW,0.039,Unlikely to churn,0.961,2026-09-13
7923-IYJWY,0.0914,Unlikely to churn,0.9086,2026-09-13
3170-GWYKC,0.1028,Unlikely to churn,0.8972,2026-09-13
5696-QURRL,0.516,Likely to churn,0.516,2026-09-13
7409-KIUTL,0.5037,Likely to churn,0.5037,2026-09-13
9830-ECLEN,0.0432,Unlikely to churn,0.9568,2026-09-13
1732-VHUBQ,0.0638,Unlikely to churn,0.9362,2026-09-13
0495-RVCBF,0.5295,Likely to churn,0.5295,2026-09-13
2668-TZSPS,0.3434,Unlikely to churn,0.6566,2026-09-13
7854-EDSSA,0.1853,Unlikely to churn,0.8147,2026-09-13
8869-TORSS,0.0674,Unlikely to churn,0.9326,2026-09-13
7446-SFAOA,0.0837,Unlikely to churn,0.9163,2026-09-13
9522-ZSINC,0.3407,Unlikely to churn,0.6593,2026-09-13
8234-GSZYK,0.0722,Unlikely to churn,0.9278,2026-09-13
6505-OZNPG,0.4682,Unlikely to churn,0.5318,2026-09-13
6164-HAQTX,0.051,Unlikely to churn,0.949,2026-09-13
0679-IDSTG,0.5043,Likely to churn,0.5043,2026-09-13
7765-LWVVH,0.0098,Unlikely to churn,0.9902,2026-09-13
1658-TJVOA,0.5181,Likely to churn,0.5181,2026-09-13
0953-LGOVU,0.2745,Unlikely to churn,0.7255,2026-09-13
2115-BFTIW,0.2241,Unlikely to churn,0.7759,2026-09-13
4692-NNQRU,0.2268,Unlikely to churn,0.7732,2026-09-13
7742-MYPGI,0.4279,Unlikely to churn,0.5721,2026-09-13
0611-DFXKO,0.4118,Unlikely to churn,0.5882,2026-09-13
7780-OTDSO,0.39,Unlikely to churn,0.61,2026-09-13
9619-GSATL,0.1165,Unlikely to churn,0.8835,2026-09-13
5622-UEJFI,0.1027,Unlikely to churn,0.8973,2026-09-13
9747-DDZOS,0.4016,Unlikely to churn,0.5984,2026-09-13
0674-DGMAQ,0.2679,Unlikely to churn,0.7321,2026-09-13
6203-HBZPA,0.0107,Unlikely to churn,0.9893,2026-09-13
0484-FFVBJ,0.2091,Unlikely to churn,0.7909,2026-09-13
0301-FIDRB,0.1025,Unlikely to churn,0.8975,2026-09-13
4139-JPIAM,0.1447,Unlikely to churn,0.8553,2026-09-13
2181-TIDSV,0.0818,Unlikely to churn,0.9182,2026-09-13
2761-XECQW,0.4631,Unlikely to churn,0.5369,2026-09-13
1936-CZAKF,0.1386,Unlikely to churn,0.8614,2026-09-13
9453-PATOS,0.0109,Unlikely to churn,0.9891,2026-09-13
0564-JJHGS,0.5344,Likely to churn,0.5344,2026-09-13
3348-CFRNX,0.2945,Unlikely to churn,0.7055,2026-09-13
4402-FTBXC,0.055,Unlikely to churn,0.945,2026-09-13
1428-GTBJJ,0.3807,Unlikely to churn,0.6193,2026-09-13
2931-XIQBR,0.1328,Unlikely to churn,0.8672,2026-09-13
0106-UGRDO,0.1117,Unlikely to churn,0.8883,2026-09-13
5542-TBBWB,0.5333,Likely to churn,0.5333,2026-09-13
1930-QPBVZ,0.0,Unlikely to churn,1.0,2026-09-13
2606-PKWJB,0.0944,Unlikely to churn,0.9056,2026-09-13
5322-ZSMZY,0.0986,Unlikely to churn,0.9014,2026-09-13
8059-UDZFY,0.2578,Unlikely to churn,0.7422,2026-09-13
7740-BTPUX,0.2087,Unlikely to churn,0.7913,2026-09-13
5220-AGAAX,0.0607,Unlikely to churn,0.9393,2026-09-13
0208-BPQEJ,0.1519,Unlikely to churn,0.8481,2026-09-13
9435-JMLSX,0.0,Unlikely to churn,1.0,2026-09-13
3352-ALMCK,0.177,Unlikely to churn,0.823,2026-09-13
5312-IRCFR,0.1101,Unlikely to churn,0.8899,2026-09-13
5294-IMHHT,0.0599,Unlikely to churn,0.9401,2026-09-13
8802-UNOJF,0.3622,Unlikely to churn,0.6378,2026-09-13
6313-GIDIT,0.2202,Unlikely to churn,0.7798,2026-09-13
6176-YJWAS,0.0835,Unlikely to churn,0.9165,2026-09-13
5310-NOOVA,0.0715,Unlikely to churn,0.9285,2026-09-13
4526-EXKKN,0.127,Unlikely to churn,0.873,2026-09-13
5311-IHLEI,0.3287,Unlikely to churn,0.6713,2026-09-13
3987-KQDDU,0.3399,Unlikely to churn,0.6601,2026-09-13
3404-JNXAX,0.1664,Unlikely to churn,0.8336,2026-09-13
5131-PONJI,0.1022,Unlikely to churn,0.8978,2026-09-13
2845-AFFTX,0.3046,Unlikely to churn,0.6954,2026-09-13
3489-VSFRD,0.0987,Unlikely to churn,0.9013,2026-09-13
3345-JHUEO,0.3688,Unlikely to churn,0.6312,2026-09-13
5815-HGGHV,0.3075,Unlikely to churn,0.6925,2026-09-13
5260-UMPWX,0.1458,Unlikely to churn,0.8542,2026-09-13
2249-YPRNG,0.2181,Unlikely to churn,0.7819,2026-09-13
7410-YTJIK,0.3217,Unlikely to churn,0.6783,2026-09-13
4626-GYCZP,0.5117,Likely to churn,0.5117,2026-09-13
5649-RXQTV,0.1715,Unlikely to churn,0.8285,2026-09-13
2674-MIAHT,0.4919,Unlikely to churn,0.5081,2026-09-13
2576-HXMPA,0.2958,Unlikely to churn,0.7042,2026-09-13
7587-AOVVU,0.2273,Unlikely to churn,0.7727,2026-09-13
5590-BYNII,0.3433,Unlikely to churn,0.6567,2026-09-13
6898-MDLZW,0.3504,Unlikely to churn,0.6496,2026-09-13
3237-AJGEH,0.5046,Likely to churn,0.5046,2026-09-13
4707-YNOQA,0.0999,Unlikely to churn,0.9001,2026-09-13
9357-UJRUN,0.2829,Unlikely to churn,0.7171,2026-09-13
1591-NFNLQ,0.0293,Unlikely to churn,0.9707,2026-09-13
8648-PFRMP,0.5877,Likely to churn,0.5877,2026-09-13
7663-CUXZB,0.0617,Unlikely to churn,0.9383,2026-09-13
0258-NOKBL,0.4221,Unlikely to churn,0.5779,2026-09-13
1163-VIPRI,0.0596,Unlikely to churn,0.9404,2026-09-13
2815-CPTUL,0.5538,Likely to churn,0.5538,2026-09-13
9348-ROUAI,0.0357,Unlikely to churn,0.9643,2026-09-13
9443-JUBUO,0.034,Unlikely to churn,0.966,2026-09-13
0596-BQCEQ,0.0775,Unlikely to churn,0.9225,2026-09-13
1481-ZUWZA,0.2219,Unlikely to churn,0.7781,2026-09-13
3043-TYBNO,0.3791,Unlikely to churn,0.6209,2026-09-13
4830-FAXFM,0.165,Unlikely to churn,0.835,2026-09-13
5906-BFOZT,0.4312,Unlikely to churn,0.5688,2026-09-13
2960-NKRSO,0.2532,Unlikely to churn,0.7468,2026-09-13
8996-ZROXE,0.1615,Unlikely to churn,0.8385,2026-09-13
5598-IKHQQ,0.0174,Unlikely to churn,0.9826,2026-09-13
0397-ZXWQF,0.0694,Unlikely to churn,0.9306,2026-09-13
5266-PFRQK,0.0486,Unlikely to churn,0.9514,2026-09-13
4674-HGNUA,0.0315,Unlikely to churn,0.9685,2026-09-13
6765-MBQNU,0.1356,Unlikely to churn,0.8644,2026-09-13
9786-IJYDL,0.2241,Unlikely to churn,0.7759,2026-09-13
1303-SRDOK,0.0857,Unlikely to churn,0.9143,2026-09-13
3769-MHZNV,0.152,Unlikely to churn,0.848,2026-09-13
6295-OSINB,0.0876,Unlikely to churn,0.9124,2026-09-13
3308-MHOOC,0.4264,Unlikely to churn,0.5736,2026-09-13
2309-OSFEU,0.4864,Unlikely to churn,0.5136,2026-09-13
2207-QPJED,0.212,Unlikely to churn,0.788,2026-09-13
4177-JPDFU,0.3193,Unlikely to churn,0.6807,2026-09-13
2239-CFOUJ,0.3823,Unlikely to churn,0.6177,2026-09-13
8046-DNVTL,0.0454,Unlikely to churn,0.9546,2026-09-13
2209-XADXF,0.3973,Unlikely to churn,0.6027,2026-09-13
6620-JDYNW,0.2799,Unlikely to churn,0.7201,2026-09-13
1891-FZYSA,0.1553,Unlikely to churn,0.8447,2026-09-13
4770-UEZOX,0.5163,Likely to churn,0.5163,2026-09-13
1038-RQOST,0.1581,Unlikely to churn,0.8419,2026-09-13
7613-LLQFO,0.4604,Unlikely to churn,0.5396,2026-09-13
4568-TTZRT,0.2906,Unlikely to churn,0.7094,2026-09-13
9513-DXHDA,0.2359,Unlikely to churn,0.7641,2026-09-13
2640-PMGFL,0.2033,Unlikely to churn,0.7967,2026-09-13
3801-HMYNL,0.4428,Unlikely to churn,0.5572,2026-09-13
0516-QREYC,0.2461,Unlikely to churn,0.7539,2026-09-13
9685-WKZGT,0.3872,Unlikely to churn,0.6128,2026-09-13
6022-UGGSO,0.2952,Unlikely to churn,0.7048,2026-09-13
8084-OIVBS,0.2435,Unlikely to churn,0.7565,2026-09-13
8896-BQTTI,0.4736,Unlikely to churn,0.5264,2026-09-13
3865-QBWSJ,0.2733,Unlikely to churn,0.7267,2026-09-13
3352-RICWQ,0.2278,Unlikely to churn,0.7722,2026-09-13
2160-GPFXD,0.0386,Unlikely to churn,0.9614,2026-09-13
2065-MMKGR,0.239,Unlikely to churn,0.761,2026-09-13
5857-TYBCJ,0.2304,Unlikely to churn,0.7696,2026-09-13
1498-NHTLT,0.0483,Unlikely to churn,0.9517,2026-09-13
4484-CGXFK,0.4657,Unlikely to churn,0.5343,2026-09-13
1402-PTHGN,0.2857,Unlikely to churn,0.7143,2026-09-13
4176-RELJR,0.0401,Unlikely to churn,0.9599,2026-09-13
6214-EDAKZ,0.1116,Unlikely to churn,0.8884,2026-09-13
5199-FPUSP,0.0786,Unlikely to churn,0.9214,2026-09-13
6377-KSLXC,0.3507,Unlikely to churn,0.6493,2026-09-13
1796-JANOW,0.3469,Unlikely to churn,0.6531,2026-09-13
0238-WHBIQ,0.0,Unlikely to churn,1.0,2026-09-13
8735-NBLWT,0.2266,Unlikely to churn,0.7734,2026-09-13
6651-RLGGM,0.0277,Unlikely to churn,0.9723,2026-09-13
6127-ISGTU,0.4178,Unlikely to churn,0.5822,2026-09-13
1614-JBEBI,0.3223,Unlikely to churn,0.6777,2026-09-13
8740-XLHDR,0.4136,Unlikely to churn,0.5864,2026-09-13
1208-DNHLN,0.2285,Unlikely to churn,0.7715,2026-09-13
1761-AEZZR,0.5134,Likely to churn,0.5134,2026-09-13
3923-CSIHK,0.1824,Unlikely to churn,0.8176,2026-09-13
5696-EXCYS,0.1296,Unlikely to churn,0.8704,2026-09-13
5795-KTGUD,0.0864,Unlikely to churn,0.9136,2026-09-13
7120-RFMVS,0.468,Unlikely to churn,0.532,2026-09-13
7924-GJZFI,0.3675,Unlikely to churn,0.6325,2026-09-13
4702-HDRKD,0.0528,Unlikely to churn,0.9472,2026-09-13
8512-WIWYV,0.0983,Unlikely to churn,0.9017,2026-09-13
5897-ZYEKH,0.0941,Unlikely to churn,0.9059,2026-09-13
5456-ITGIC,0.0601,Unlikely to churn,0.9399,2026-09-13
7317-GGVPB,0.1033,Unlikely to churn,0.8967,2026-09-13
1406-PUQVY,0.4345,Unlikely to churn,0.5655,2026-09-13
1322-AGOQM,0.0636,Unlikely to churn,0.9364,2026-09-13
3677-IYRBF,0.5679,Likely to churn,0.5679,2026-09-13
5692-FPTAH,0.5189,Likely to churn,0.5189,2026-09-13
9114-AAFQH,0.0863,Unlikely to churn,0.9137,2026-09-13
8715-KKTFG,0.1147,Unlikely to churn,0.8853,2026-09-13
1550-LOAHA,0.1597,Unlikely to churn,0.8403,2026-09-13
1728-BQDMA,0.4306,Unlikely to churn,0.5694,2026-09-13
0268-QKIWO,0.3671,Unlikely to churn,0.6329,2026-09-13
0876-WDUUZ,0.426,Unlikely to churn,0.574,2026-09-13
5117-ZSMHQ,0.0,Unlikely to churn,1.0,2026-09-13
5151-HQRDG,0.1749,Unlikely to churn,0.8251,2026-09-13
0960-HUWBM,0.0693,Unlikely to churn,0.9307,2026-09-13
6465-GSRCL,0.054,Unlikely to churn,0.946,2026-09-13
0617-FHSGK,0.039,Unlikely to churn,0.961,2026-09-13
0263-FJTQO,0.0508,Unlikely to churn,0.9492,2026-09-13
7319-ZNRTR,0.1271,Unlikely to churn,0.8729,2026-09-13
2858-MOFSQ,0.2789,Unlikely to churn,0.7211,2026-09-13
7503-EPSZW,0.0342,Unlikely to churn,0.9658,2026-09-13
7089-XXAYG,0.3052,Unlikely to churn,0.6948,2026-09-13
8118-LSUEL,0.4001,Unlikely to churn,0.5999,2026-09-13
8070-AAWZP,0.3448,Unlikely to churn,0.6552,2026-09-13
1666-JXLKU,0.2795,Unlikely to churn,0.7205,2026-09-13
7855-DIWPO,0.3156,Unlikely to churn,0.6844,2026-09-13
5133-POWUA,0.5142,Likely to churn,0.5142,2026-09-13
5652-MSDEY,0.4595,Unlikely to churn,0.5405,2026-09-13
7005-CCBKV,0.4577,Unlikely to churn,0.5423,2026-09-13
1810-BOHSY,0.1709,Unlikely to churn,0.8291,2026-09-13
1784-BXEFA,0.3169,Unlikely to churn,0.6831,2026-09-13
7351-MHQVU,0.3302,Unlikely to churn,0.6698,2026-09-13
9224-VTYID,0.1128,Unlikely to churn,0.8872,2026-09-13
9500-IWPXQ,0.0,Unlikely to churn,1.0,2026-09-13
5762-TJXGK,0.1403,Unlikely to churn,0.8597,2026-09-13
4504-YOULA,0.1771,Unlikely to churn,0.8229,2026-09-13
5569-IDSEY,0.0462,Unlikely to churn,0.9538,2026-09-13
4250-FDVOU,0.329,Unlikely to churn,0.671,2026-09-13
7284-ZZLOH,0.022,Unlikely to churn,0.978,2026-09-13
5277-ZLOOR,0.5251,Likely to churn,0.5251,2026-09-13
2141-RRYGO,0.4276,Unlikely to churn,0.5724,2026-09-13
1777-JYQPJ,0.4534,Unlikely to churn,0.5466,2026-09-13
6376-GAHQE,0.353,Unlikely to churn,0.647,2026-09-13
3401-URHDA,0.069,Unlikely to churn,0.931,2026-09-13
1599-EAHXY,0.0125,Unlikely to churn,0.9875,2026-09-13
8631-XVRZL,0.3372,Unlikely to churn,0.6628,2026-09-13
5052-PNLOS,0.5021,Likely to churn,0.5021,2026-09-13
3853-LYGAM,0.2513,Unlikely to churn,0.7487,2026-09-13
6979-ZNSFF,0.4436,Unlikely to churn,0.5564,2026-09-13
5751-USDBL,0.083,Unlikely to churn,0.917,2026-09-13
5680-LQOGP,0.069,Unlikely to churn,0.931,2026-09-13
2386-LAHRK,0.5367,Likely to churn,0.5367,2026-09-13
8189-DUKMV,0.254,Unlikely to churn,0.746,2026-09-13
6032-IGALN,0.605,Likely to churn,0.605,2026-09-13
9931-DCEZH,0.1378,Unlikely to churn,0.8622,2026-09-13
1898-JSNDC,0.1906,Unlikely to churn,0.8094,2026-09-13
0315-LVCRK,0.2739,Unlikely to churn,0.7261,2026-09-13
3911-RSNHI,0.1012,Unlikely to churn,0.8988,2026-09-13
2410-CIYFZ,0.2725,Unlikely to churn,0.7275,2026-09-13
4248-HCETZ,0.3345,Unlikely to churn,0.6655,2026-09-13
5505-OVWQW,0.2227,Unlikely to churn,0.7773,2026-09-13
7271-AJDTL,0.0605,Unlikely to churn,0.9395,2026-09-13
1867-TJHTS,0.0676,Unlikely to churn,0.9324,2026-09-13
0516-WJVXC,0.3561,Unlikely to churn,0.6439,2026-09-13
9174-FKWZE,0.5045,Likely to churn,0.5045,2026-09-13
6860-YRJZP,0.4925,Unlikely to churn,0.5075,2026-09-13
4429-WYGFR,0.1596,Unlikely to churn,0.8404,2026-09-13
2817-LVCPP,0.07,Unlikely to churn,0.93,2026-09-13
5038-ETMLM,0.0637,Unlikely to churn,0.9363,2026-09-13
5056-FIMPT,0.0939,Unlikely to churn,0.9061,2026-09-13
4521-WFJAI,0.0336,Unlikely to churn,0.9664,2026-09-13
6569-KTMDU,0.3496,Unlikely to churn,0.6504,2026-09-13
8809-RIHDD,0.1059,Unlikely to churn,0.8941,2026-09-13
8809-XKHMD,0.0961,Unlikely to churn,0.9039,2026-09-13
0396-YCHWO,0.3305,Unlikely to churn,0.6695,2026-09-13
0867-LDTTC,0.2943,Unlikely to churn,0.7057,2026-09-13
4822-NGOCH,0.3981,Unlikely to churn,0.6019,2026-09-13
9391-DXGGG,0.0786,Unlikely to churn,0.9214,2026-09-13
9844-FELAJ,0.0756,Unlikely to churn,0.9244,2026-09-13
2122-SZZZD,0.0359,Unlikely to churn,0.9641,2026-09-13
5307-DZCVC,0.2183,Unlikely to churn,0.7817,2026-09-13
3148-AOIQT,0.0443,Unlikely to churn,0.9557,2026-09-13
8679-JOEVF,0.2874,Unlikely to churn,0.7126,2026-09-13
8395-ETZKQ,0.0418,Unlikely to churn,0.9582,2026-09-13
6692-YQHXC,0.3359,Unlikely to churn,0.6641,2026-09-13
3889-VWBID,0.0349,Unlikely to churn,0.9651,2026-09-13
5222-JCXZT,0.3294,Unlikely to churn,0.6706,2026-09-13
9754-CLVZW,0.1443,Unlikely to churn,0.8557,2026-09-13
1432-FPAXX,0.2965,Unlikely to churn,0.7035,2026-09-13
2739-CCZMB,0.1981,Unlikely to churn,0.8019,2026-09-13
7080-TNUWP,0.0645,Unlikely to churn,0.9355,2026-09-13
0496-AHOOK,0.1912,Unlikely to churn,0.8088,2026-09-13
8336-TAVKX,0.0024,Unlikely to churn,0.9976,2026-09-13
2468-SJFLM,0.5022,Likely to churn,0.5022,2026-09-13
3181-VTHOE,0.0276,Unlikely to churn,0.9724,2026-09-13
7168-HDQHG,0.057,Unlikely to churn,0.943,2026-09-13
4803-AXVYP,0.2601,Unlikely to churn,0.7399,2026-09-13
3884-HCSWG,0.4018,Unlikely to churn,0.5982,2026-09-13
4567-AKPIA,0.1851,Unlikely to churn,0.8149,2026-09-13
5077-DXTCG,0.5287,Likely to churn,0.5287,2026-09-13
1142-WACZW,0.4463,Unlikely to churn,0.5537,2026-09-13
7901-HXJVA,0.2872,Unlikely to churn,0.7128,2026-09-13
5649-ANRML,0.5085,Likely to churn,0.5085,2026-09-13
4892-VLANZ,0.3377,Unlikely to churn,0.6623,2026-09-13
5924-IFQTT,0.2536,Unlikely to churn,0.7464,2026-09-13
7968-QUXNS,0.2816,Unlikely to churn,0.7184,2026-09-13
2919-HBCJO,0.4278,Unlikely to churn,0.5722,2026-09-13
4236-XPXAV,0.4876,Unlikely to churn,0.5124,2026-09-13
8903-WMRNW,0.3344,Unlikely to churn,0.6656,2026-09-13
2452-SNHFZ,0.1364,Unlikely to churn,0.8636,2026-09-13
3629-WEAAM,0.3062,Unlikely to churn,0.6938,2026-09-13
6029-CSMJE,0.4111,Unlikely to churn,0.5889,2026-09-13
7993-NQLJE,0.222,Unlikely to churn,0.778,2026-09-13
9909-DFRJA,0.2216,Unlikely to churn,0.7784,2026-09-13
9099-FTUHS,0.2093,Unlikely to churn,0.7907,2026-09-13
0581-BXBUB,0.3905,Unlikely to churn,0.6095,2026-09-13
4962-CHQPW,0.0938,Unlikely to churn,0.9062,2026-09-13
9467-ROOLM,0.2418,Unlikely to churn,0.7582,2026-09-13
3030-YZADT,0.3281,Unlikely to churn,0.6719,2026-09-13
7410-KTVFV,0.2812,Unlikely to churn,0.7188,2026-09-13
5150-ITWWB,0.6009,Likely to churn,0.6009,2026-09-13
2253-KPMNB,0.0234,Unlikely to churn,0.9766,2026-09-13
1345-ZUKID,0.2429,Unlikely to churn,0.7571,2026-09-13
6429-SHBCB,0.2843,Unlikely to churn,0.7157,2026-09-13
9281-OFDMF,0.1872,Unlikely to churn,0.8128,2026-09-13
2603-HVKCG,0.274,Unlikely to churn,0.726,2026-09-13
1834-WULEG,0.1584,Unlikely to churn,0.8416,2026-09-13
9097-ZUBYC,0.2044,Unlikely to churn,0.7956,2026-09-13
5148-ORICT,0.0272,Unlikely to churn,0.9728,2026-09-13
4893-GYUJU,0.0578,Unlikely to churn,0.9422,2026-09-13
4578-PHJYZ,0.0274,Unlikely to churn,0.9726,2026-09-13
7272-QDCKA,0.2961,Unlikely to churn,0.7039,2026-09-13
8908-SLFCJ,0.2204,Unlikely to churn,0.7796,2026-09-13
8393-DLHGA,0.3451,Unlikely to churn,0.6549,2026-09-13
9766-HGEDE,0.2111,Unlikely to churn,0.7889,2026-09-13
6968-MHOMU,0.1432,Unlikely to churn,0.8568,2026-09-13
7395-IGJOS,0.2171,Unlikely to churn,0.7829,2026-09-13
5044-XDPYX,0.0907,Unlikely to churn,0.9093,2026-09-13
1814-WFGVS,0.0348,Unlikely to churn,0.9652,2026-09-13
2834-SPCJV,0.1076,Unlikely to churn,0.8924,2026-09-13
3721-WKIIL,0.2191,Unlikely to churn,0.7809,2026-09-13
6734-CKRSM,0.2955,Unlikely to churn,0.7045,2026-09-13
1265-ZFOSD,0.006,Unlikely to churn,0.994,2026-09-13
6568-POCUI,0.1508,Unlikely to churn,0.8492,2026-09-13
7890-VYYWG,0.6167,Likely to churn,0.6167,2026-09-13
5197-LQXXH,0.0639,Unlikely to churn,0.9361,2026-09-13
9907-SWKKF,0.4783,Unlikely to churn,0.5217,2026-09-13
3457-PQBYH,0.0,Unlikely to churn,1.0,2026-09-13
7682-AZNDK,0.1622,Unlikely to churn,0.8378,2026-09-13
0587-DMGBH,0.4037,Unlikely to churn,0.5963,2026-09-13
5384-ZTTWP,0.1516,Unlikely to churn,0.8484,2026-09-13
3745-HRPHI,0.0017,Unlikely to churn,0.9983,2026-09-13
7636-OWBPG,0.3846,Unlikely to churn,0.6154,2026-09-13
1231-YNDEK,0.0504,Unlikely to churn,0.9496,2026-09-13
1407-DIGZV,0.253,Unlikely to churn,0.747,2026-09-13
6397-JNZZG,0.1468,Unlikely to churn,0.8532,2026-09-13
0570-BFQHT,0.3448,Unlikely to churn,0.6552,2026-09-13
4393-OBCRR,0.2868,Unlikely to churn,0.7132,2026-09-13
3523-QRQLL,0.2059,Unlikely to churn,0.7941,2026-09-13
8564-LDKFL,0.2337,Unlikely to churn,0.7663,2026-09-13
3696-DFHHB,0.0115,Unlikely to churn,0.9885,2026-09-13
0895-DQHEW,0.1365,Unlikely to churn,0.8635,2026-09-13
4717-GHADL,0.1589,Unlikely to churn,0.8411,2026-09-13
5501-TVMGM,0.4957,Unlikely to churn,0.5043,2026-09-13
5879-HMFFH,0.0603,Unlikely to churn,0.9397,2026-09-13
6772-WFQRD,0.0991,Unlikely to churn,0.9009,2026-09-13
3810-DVDQQ,0.0416,Unlikely to churn,0.9584,2026-09-13
6972-SNKKW,0.3105,Unlikely to churn,0.6895,2026-09-13
3694-GLTJM,0.3443,Unlikely to churn,0.6557,2026-09-13
8550-XSXUQ,0.1146,Unlikely to churn,0.8854,2026-09-13
8149-RSOUN,0.5837,Likely to churn,0.5837,2026-09-13
9055-MOJJJ,0.0311,Unlikely to churn,0.9689,2026-09-13
4359-INNWN,0.1654,Unlikely to churn,0.8346,2026-09-13
0585-EGDDA,0.1998,Unlikely to churn,0.8002,2026-09-13
4032-RMHCI,0.0582,Unlikely to churn,0.9418,2026-09-13
0549-CYCQN,0.1534,Unlikely to churn,0.8466,2026-09-13
3481-JHUZH,0.2122,Unlikely to churn,0.7878,2026-09-13
7250-EQKIY,0.3182,Unlikely to churn,0.6818,2026-09-13
3594-IVHJZ,0.4631,Unlikely to churn,0.5369,2026-09-13
6869-FGJJC,0.1015,Unlikely to churn,0.8985,2026-09-13
3896-ZVNET,0.1865,Unlikely to churn,0.8135,2026-09-13
8205-VSLRB,0.0668,Unlikely to churn,0.9332,2026-09-13
5960-MVTUK,0.5345,Likely to churn,0.5345,2026-09-13
6817-WTYHE,0.2979,Unlikely to churn,0.7021,2026-09-13
3082-VQXNH,0.3312,Unlikely to churn,0.6688,2026-09-13
4013-UBXWQ,0.4527,Unlikely to churn,0.5473,2026-09-13
4931-TRZWN,0.3596,Unlikely to churn,0.6404,2026-09-13
0750-EKNGL,0.2615,Unlikely to churn,0.7385,2026-09-13
7669-LCRSD,0.3536,Unlikely to churn,0.6464,2026-09-13
3567-PQTSO,0.1568,Unlikely to churn,0.8432,2026-09-13
5519-NPHVG,0.4496,Unlikely to churn,0.5504,2026-09-13
8043-PNYSD,0.0157,Unlikely to churn,0.9843,2026-09-13
9938-EKRGF,0.2673,Unlikely to churn,0.7327,2026-09-13
2703-AMTUL,0.0776,Unlikely to churn,0.9224,2026-09-13
0928-JMXNP,0.596,Likely to churn,0.596,2026-09-13
8173-RXAYP,0.133,Unlikely to churn,0.867,2026-09-13
4825-XJGDM,0.0557,Unlikely to churn,0.9443,2026-09-13
5402-HTOTQ,0.3021,Unlikely to churn,0.6979,2026-09-13
6734-JDTTV,0.0529,Unlikely to churn,0.9471,2026-09-13
7850-THJMU,0.1372,Unlikely to churn,0.8628,2026-09-13
3890-RTCMS,0.2998,Unlikely to churn,0.7002,2026-09-13
8849-GYOKR,0.1266,Unlikely to churn,0.8734,2026-09-13
3148-BLQJT,0.3197,Unlikely to churn,0.6803,2026-09-13
3717-FDJFU,0.2731,Unlikely to churn,0.7269,2026-09-13
3665-JATSN,0.3624,Unlikely to churn,0.6376,2026-09-13
7966-YOTQW,0.3655,Unlikely to churn,0.6345,2026-09-13
0461-CVKMU,0.1762,Unlikely to churn,0.8238,2026-09-13
8806-EAGWC,0.3635,Unlikely to churn,0.6365,2026-09-13
8853-TZDGH,0.0233,Unlikely to churn,0.9767,2026-09-13
7779-LGOVN,0.5234,Likely to churn,0.5234,2026-09-13
4324-BZCKL,0.3445,Unlikely to churn,0.6555,2026-09-13
6924-TDGMT,0.376,Unlikely to churn,0.624,2026-09-13
9710-ZUSHQ,0.245,Unlikely to churn,0.755,2026-09-13
1536-YHDOE,0.2525,Unlikely to churn,0.7475,2026-09-13
8123-QBNAZ,0.2203,Unlikely to churn,0.7797,2026-09-13
3629-ZNKXA,0.4236,Unlikely to churn,0.5764,2026-09-13
4827-LTQRJ,0.0869,Unlikely to churn,0.9131,2026-09-13
7711-YIJWC,0.0128,Unlikely to churn,0.9872,2026-09-13
5482-VXSXJ,0.4107,Unlikely to churn,0.5893,2026-09-13
7365-BVCJH,0.5486,Likely to churn,0.5486,2026-09-13
9620-ENEJV,0.3151,Unlikely to churn,0.6849,2026-09-13
4183-WCSEP,0.2302,Unlikely to churn,0.7698,2026-09-13
2378-YIZKA,0.0023,Unlikely to churn,0.9977,2026-09-13
5498-TXHLF,0.1554,Unlikely to churn,0.8446,2026-09-13
0689-DSXGL,0.1003,Unlikely to churn,0.8997,2026-09-13
6818-DJXAA,0.328,Unlikely to churn,0.672,2026-09-13
9722-UJOJR,0.258,Unlikely to churn,0.742,2026-09-13
0464-WJTKO,0.0,Unlikely to churn,1.0,2026-09-13
8902-ZEOVF,0.0573,Unlikely to churn,0.9427,2026-09-13
6778-EICRF,0.1931,Unlikely to churn,0.8069,2026-09-13
2662-NNTDK,0.0022,Unlikely to churn,0.9978,2026-09-13
4132-KALRO,0.588,Likely to churn,0.588,2026-09-13
3902-FOIGH,0.5194,Likely to churn,0.5194,2026-09-13
6772-KSATR,0.5176,Likely to churn,0.5176,2026-09-13
7112-OPOTK,0.1645,Unlikely to churn,0.8355,2026-09-13
2874-YXVVA,0.1945,Unlikely to churn,0.8055,2026-09-13
1245-HARPS,0.2019,Unlikely to churn,0.7981,2026-09-13
4210-QFJMF,0.5138,Likely to churn,0.5138,2026-09-13
4323-ELYYB,0.1437,Unlikely to churn,0.8563,2026-09-13
4293-ETKAP,0.0253,Unlikely to churn,0.9747,2026-09-13
6064-PUPMC,0.1277,Unlikely to churn,0.8723,2026-09-13
6504-VBLFL,0.111,Unlikely to churn,0.889,2026-09-13
6322-PJJDJ,0.2082,Unlikely to churn,0.7918,2026-09-13
0330-BGYZE,0.0542,Unlikely to churn,0.9458,2026-09-13
1085-LDWAM,0.0652,Unlikely to churn,0.9348,2026-09-13
7586-ZATGZ,0.1847,Unlikely to churn,0.8153,2026-09-13
7197-VOJMM,0.0645,Unlikely to churn,0.9355,2026-09-13
3318-OSATS,0.3008,Unlikely to churn,0.6992,2026-09-13
5828-AVIPD,0.4051,Unlikely to churn,0.5949,2026-09-13
1843-TLSGD,0.1971,Unlikely to churn,0.8029,2026-09-13
9626-VFRGG,0.096,Unlikely to churn,0.904,2026-09-13
7075-BNDVQ,0.3974,Unlikely to churn,0.6026,2026-09-13
9143-CANJF,0.1813,Unlikely to churn,0.8187,2026-09-13
7284-BUYEC,0.5025,Likely to churn,0.5025,2026-09-13
2041-JIJCI,0.4698,Unlikely to churn,0.5302,2026-09-13
1086-LXKFY,0.4648,Unlikely to churn,0.5352,2026-09-13
4900-MSOMT,0.0349,Unlikely to churn,0.9651,2026-09-13
2229-VWQJH,0.2463,Unlikely to churn,0.7537,2026-09-13
9194-GFVOI,0.0891,Unlikely to churn,0.9109,2026-09-13
1336-EZFZY,0.3023,Unlikely to churn,0.6977,2026-09-13
4282-MSACW,0.0747,Unlikely to churn,0.9253,2026-09-13
1403-LKLIK,0.1202,Unlikely to churn,0.8798,2026-09-13
2636-ALXXZ,0.624,Likely to churn,0.624,2026-09-13
7774-OJSXI,0.3254,Unlikely to churn,0.6746,2026-09-13
7786-WBJYI,0.3591,Unlikely to churn,0.6409,2026-09-13
0136-IFMYD,0.1968,Unlikely to churn,0.8032,2026-09-13
5144-TVGLP,0.2513,Unlikely to churn,0.7487,2026-09-13
9643-AVVWI,0.4349,Unlikely to churn,0.5651,2026-09-13
0253-ZTEOB,0.1027,Unlikely to churn,0.8973,2026-09-13
2706-QZIHY,0.209,Unlikely to churn,0.791,2026-09-13
6061-PQHMK,0.1192,Unlikely to churn,0.8808,2026-09-13
9885-CSMWE,0.4399,Unlikely to churn,0.5601,2026-09-13
6137-MFAJN,0.1563,Unlikely to churn,0.8437,2026-09-13
9122-UMROB,0.3406,Unlikely to churn,0.6594,2026-09-13
4232-JGKIY,0.3469,Unlikely to churn,0.6531,2026-09-13
2402-TAIRZ,0.1713,Unlikely to churn,0.8287,2026-09-13
9659-ZTWSM,0.1141,Unlikely to churn,0.8859,2026-09-13
9139-TWBAS,0.1636,Unlikely to churn,0.8364,2026-09-13
6685-GBWJZ,0.0081,Unlikely to churn,0.9919,2026-09-13
5016-ETTFF,0.3946,Unlikely to churn,0.6054,2026-09-13
3866-MDTUB,0.5071,Likely to churn,0.5071,2026-09-13
2195-VVRJF,0.2509,Unlikely to churn,0.7491,2026-09-13
3913-RDSJZ,0.0284,Unlikely to churn,0.9716,2026-09-13
8058-JMEQO,0.4947,Unlikely to churn,0.5053,2026-09-13
4203-QGNZA,0.1458,Unlikely to churn,0.8542,2026-09-13
5043-TRZWM,0.4362,Unlikely to churn,0.5638,2026-09-13
0697-ZMSWS,0.5134,Likely to churn,0.5134,2026-09-13
7657-DYEPJ,0.1326,Unlikely to churn,0.8674,2026-09-13
9494-BDNNC,0.0567,Unlikely to churn,0.9433,2026-09-13
1640-PLFMP,0.5058,Likely to churn,0.5058,2026-09-13
5366-OBVMR,0.3196,Unlikely to churn,0.6804,2026-09-13
8276-MQBYC,0.1966,Unlikely to churn,0.8034,2026-09-13
7644-OMVMY,0.3182,Unlikely to churn,0.6818,2026-09-13
7593-XFKDI,0.3632,Unlikely to churn,0.6368,2026-09-13
4573-JKNAE,0.1567,Unlikely to churn,0.8433,2026-09-13
0337-CNPZE,0.2357,Unlikely to churn,0.7643,2026-09-13
9817-APLHW,0.2473,Unlikely to churn,0.7527,2026-09-13
8380-MQINP,0.0343,Unlikely to churn,0.9657,2026-09-13
0840-DFEZH,0.4958,Unlikely to churn,0.5042,2026-09-13
1513-XNPPH,0.3333,Unlikely to churn,0.6667,2026-09-13
8690-ZVLCL,0.0,Unlikely to churn,1.0,2026-09-13
6015-VVHHE,0.4539,Unlikely to churn,0.5461,2026-09-13
1125-SNVCK,0.1241,Unlikely to churn,0.8759,2026-09-13
0384-LPITE,0.1865,Unlikely to churn,0.8135,2026-09-13
4616-EWBNJ,0.1971,Unlikely to churn,0.8029,2026-09-13
6347-DCUIK,0.4037,Unlikely to churn,0.5963,2026-09-13
1335-HQMKX,0.0746,Unlikely to churn,0.9254,2026-09-13
2545-EBUPK,0.5661,Likely to churn,0.5661,2026-09-13
6923-AQONU,0.1499,Unlikely to churn,0.8501,2026-09-13
2172-EJXVF,0.1165,Unlikely to churn,0.8835,2026-09-13
0897-FEGMU,0.4664,Unlikely to churn,0.5336,2026-09-13
7663-RGWBC,0.511,Likely to churn,0.511,2026-09-13
1120-BMWUB,0.3262,Unlikely to churn,0.6738,2026-09-13
9124-LHCJQ,0.559,Likely to churn,0.559,2026-09-13
4536-PLEQY,0.3157,Unlikely to churn,0.6843,2026-09-13
7029-IJEJK,0.0502,Unlikely to churn,0.9498,2026-09-13
8871-JLMHM,0.0,Unlikely to churn,1.0,2026-09-13
2235-ZGKPT,0.3463,Unlikely to churn,0.6537,2026-09-13
3891-PUQOD,0.3221,Unlikely to churn,0.6779,2026-09-13
5447-VYTKW,0.1442,Unlikely to churn,0.8558,2026-09-13
3623-FQBOX,0.245,Unlikely to churn,0.755,2026-09-13
0689-NKYLF,0.3704,Unlikely to churn,0.6296,2026-09-13
8659-HDIYE,0.0,Unlikely to churn,1.0,2026-09-13
3658-KIBGF,0.4727,Unlikely to churn,0.5273,2026-09-13
3474-BAFSJ,0.0714,Unlikely to churn,0.9286,2026-09-13
5519-YLDGW,0.3933,Unlikely to churn,0.6067,2026-09-13
3865-ZFZIB,0.1509,Unlikely to churn,0.8491,2026-09-13
1855-AGAWH,0.3126,Unlikely to churn,0.6874,2026-09-13
7109-CQYUZ,0.0925,Unlikely to churn,0.9075,2026-09-13
1370-GGAWX,0.1592,Unlikely to churn,0.8408,2026-09-13
4680-KUTAJ,0.4424,Unlikely to churn,0.5576,2026-09-13
5307-UVGNB,0.0643,Unlikely to churn,0.9357,2026-09-13
4946-EDSEW,0.2478,Unlikely to churn,0.7522,2026-09-13
2883-ILGWO,0.0828,Unlikely to churn,0.9172,2026-09-13
2516-VQRRV,0.5521,Likely to churn,0.5521,2026-09-13
7580-UGXNC,0.3984,Unlikely to churn,0.6016,2026-09-13
3642-BYHDO,0.0,Unlikely to churn,1.0,2026-09-13
9629-NHXFW,0.4145,Unlikely to churn,0.5855,2026-09-13
2696-RZVZW,0.0161,Unlikely to churn,0.9839,2026-09-13
5766-FTRTS,0.003,Unlikely to churn,0.997,2026-09-13
0396-HUJBP,0.3248,Unlikely to churn,0.6752,2026-09-13
5178-LMXOP,0.6565,Likely to churn,0.6565,2026-09-13
8879-ZKJOF,0.1303,Unlikely to churn,0.8697,2026-09-13
6285-FTQBF,0.0735,Unlikely to churn,0.9265,2026-09-13
8185-UPYBR,0.4815,Unlikely to churn,0.5185,2026-09-13
4585-HETAI,0.4269,Unlikely to churn,0.5731,2026-09-13
7526-BEZQB,0.5135,Likely to churn,0.5135,2026-09-13
1474-JUWSM,0.0692,Unlikely to churn,0.9308,2026-09-13
3530-CRZSB,0.2738,Unlikely to churn,0.7262,2026-09-13
8498-XXGWA,0.0167,Unlikely to churn,0.9833,2026-09-13
9617-INGJY,0.5118,Likely to churn,0.5118,2026-09-13
0621-TSSMU,0.006,Unlikely to churn,0.994,2026-09-13
7234-KMNRQ,0.2608,Unlikely to churn,0.7392,2026-09-13
7636-PEPNS,0.0518,Unlikely to churn,0.9482,2026-09-13
4683-WYDOU,0.0719,Unlikely to churn,0.9281,2026-09-13
9052-DHNKM,0.2154,Unlikely to churn,0.7846,2026-09-13
6794-HKIAJ,0.0628,Unlikely to churn,0.9372,2026-09-13
5578-NKCXI,0.0332,Unlikely to churn,0.9668,2026-09-13
1642-HMARX,0.054,Unlikely to churn,0.946,2026-09-13
3096-WPXBT,0.0023,Unlikely to churn,0.9977,2026-09-13
8434-PNQZX,0.1159,Unlikely to churn,0.8841,2026-09-13
5950-AAAGJ,0.2456,Unlikely to churn,0.7544,2026-09-13
4299-OPXEJ,0.0773,Unlikely to churn,0.9227,2026-09-13
4951-UKAAQ,0.456,Unlikely to churn,0.544,2026-09-13
9618-LFJRU,0.2971,Unlikely to churn,0.7029,2026-09-13
6693-DJWTY,0.0451,Unlikely to churn,0.9549,2026-09-13
0744-GKNGE,0.0176,Unlikely to churn,0.9824,2026-09-13
6447-EGDIV,0.1531,Unlikely to churn,0.8469,2026-09-13
1167-OYZJF,0.0898,Unlikely to churn,0.9102,2026-09-13
2108-YKQTY,0.3248,Unlikely to churn,0.6752,2026-09-13
4806-DXQCE,0.09,Unlikely to churn,0.91,2026-09-13
4918-QLLIW,0.2618,Unlikely to churn,0.7382,2026-09-13
7056-IMHCC,0.1429,Unlikely to churn,0.8571,2026-09-13
4854-SSLTN,0.31,Unlikely to churn,0.69,2026-09-13
5294-DMSFH,0.2397,Unlikely to churn,0.7603,2026-09-13
4837-PZTIC,0.0636,Unlikely to churn,0.9364,2026-09-13
1625-JAIIY,0.068,Unlikely to churn,0.932,2026-09-13
0603-OLQDC,0.3375,Unlikely to churn,0.6625,2026-09-13
3272-VUHPV,0.2578,Unlikely to churn,0.7422,2026-09-13
4176-FXYBO,0.1117,Unlikely to churn,0.8883,2026-09-13
1063-DHQJF,0.0928,Unlikely to churn,0.9072,2026-09-13
8663-UPDGF,0.1756,Unlikely to churn,0.8244,2026-09-13
6719-FGEDO,0.0415,Unlikely to churn,0.9585,2026-09-13
1837-YQUCE,0.0909,Unlikely to churn,0.9091,2026-09-13
2947-DOMLJ,0.3189,Unlikely to churn,0.6811,2026-09-13
4112-LUEIZ,0.5832,Likely to churn,0.5832,2026-09-13
0369-ZGOVK,0.2215,Unlikely to churn,0.7785,2026-09-13
4510-HIMLV,0.5361,Likely to churn,0.5361,2026-09-13
9919-KNPOO,0.4336,Unlikely to churn,0.5664,2026-09-13
8749-JMNKX,0.176,Unlikely to churn,0.824,2026-09-13
7872-BAAZR,0.0592,Unlikely to churn,0.9408,2026-09-13
9391-LMANN,0.0131,Unlikely to churn,0.9869,2026-09-13
2430-USGXP,0.438,Unlikely to churn,0.562,2026-09-13
8174-TBVCF,0.0376,Unlikely to churn,0.9624,2026-09-13
1698-XFZCI,0.1134,Unlikely to churn,0.8866,2026-09-13
1877-HKBQX,0.3252,Unlikely to churn,0.6748,2026-09-13
4450-DLLMH,0.4733,Unlikely to churn,0.5267,2026-09-13
0428-AXXLJ,0.1631,Unlikely to churn,0.8369,2026-09-13
2746-DIJLO,0.1437,Unlikely to churn,0.8563,2026-09-13
5955-ERIHD,0.4397,Unlikely to churn,0.5603,2026-09-13
0917-EZOLA,0.137,Unlikely to churn,0.863,2026-09-13
3508-VLHCZ,0.0937,Unlikely to churn,0.9063,2026-09-13
4086-ATNFV,0.1598,Unlikely to churn,0.8402,2026-09-13
0468-YRPXN,0.2533,Unlikely to churn,0.7467,2026-09-13
5996-NRVXR,0.1328,Unlikely to churn,0.8672,2026-09-13
3739-YBWAB,0.1942,Unlikely to churn,0.8058,2026-09-13
7047-FWEYA,0.1878,Unlikely to churn,0.8122,2026-09-13
2000-MPKCA,0.1104,Unlikely to churn,0.8896,2026-09-13
9762-YAQAA,0.1502,Unlikely to churn,0.8498,2026-09-13
5949-EBSQK,0.2574,Unlikely to churn,0.7426,2026-09-13
5473-KHBPS,0.0853,Unlikely to churn,0.9147,2026-09-13
0100-DUVFC,0.0584,Unlikely to churn,0.9416,2026-09-13
5397-TUPSH,0.0984,Unlikely to churn,0.9016,2026-09-13
8950-MTZNV,0.5697,Likely to churn,0.5697,2026-09-13
0326-VDYXE,0.1172,Unlikely to churn,0.8828,2026-09-13
6773-LQTVT,0.311,Unlikely to churn,0.689,2026-09-13
7274-RTAPZ,0.5652,Likely to churn,0.5652,2026-09-13
0436-TWFFZ,0.0702,Unlikely to churn,0.9298,2026-09-13
8566-YPRGL,0.4067,Unlikely to churn,0.5933,2026-09-13
0311-UNPFF,0.3009,Unlikely to churn,0.6991,2026-09-13
6609-MXJHJ,0.1974,Unlikely to churn,0.8026,2026-09-13
2669-OIDSD,0.1499,Unlikely to churn,0.8501,2026-09-13
8400-WZICQ,0.0119,Unlikely to churn,0.9881,2026-09-13
3834-XUIFC,0.4343,Unlikely to churn,0.5657,2026-09-13
9576-SYUHJ,0.1761,Unlikely to churn,0.8239,2026-09-13
0410-IPFTY,0.221,Unlikely to churn,0.779,2026-09-13
2831-EBWRN,0.5445,Likely to churn,0.5445,2026-09-13
9430-NKQLY,0.0656,Unlikely to churn,0.9344,2026-09-13
8414-MYSHR,0.535,Likely to churn,0.535,2026-09-13
0247-SLUJI,0.3514,Unlikely to churn,0.6486,2026-09-13
9402-ORRAH,0.5235,Likely to churn,0.5235,2026-09-13
6483-OATDN,0.278,Unlikely to churn,0.722,2026-09-13
1293-HHSHJ,0.1035,Unlikely to churn,0.8965,2026-09-13
4840-ORQXB,0.1494,Unlikely to churn,0.8506,2026-09-13
7599-FKVXZ,0.2091,Unlikely to churn,0.7909,2026-09-13
3982-DQLUS,0.0383,Unlikely to churn,0.9617,2026-09-13
8610-ZIKJJ,0.319,Unlikely to churn,0.681,2026-09-13
3756-VNWDH,0.072,Unlikely to churn,0.928,2026-09-13
7801-KICAO,0.3614,Unlikely to churn,0.6386,2026-09-13
7673-LPRNY,0.3097,Unlikely to churn,0.6903,2026-09-13
8229-TNIQA,0.4813,Unlikely to churn,0.5187,2026-09-13
6060-QBMGV,0.0058,Unlikely to churn,0.9942,2026-09-13
7339-POGZN,0.4288,Unlikely to churn,0.5712,2026-09-13
2828-SLQPF,0.3035,Unlikely to churn,0.6965,2026-09-13
4465-VDKIQ,0.2738,Unlikely to churn,0.7262,2026-09-13
2921-XWDJH,0.2507,Unlikely to churn,0.7493,2026-09-13
6221-AVQYL,0.4952,Unlikely to churn,0.5048,2026-09-13
2558-BUOZZ,0.1055,Unlikely to churn,0.8945,2026-09-13
9257-AZMTZ,0.0454,Unlikely to churn,0.9546,2026-09-13
0003-MKNFE,0.347,Unlikely to churn,0.653,2026-09-13
0975-UYDTX,0.1983,Unlikely to churn,0.8017,2026-09-13
7743-EXURX,0.3438,Unlikely to churn,0.6562,2026-09-13
4682-BLBUC,0.079,Unlikely to churn,0.921,2026-09-13
0975-VOOVL,0.4258,Unlikely to churn,0.5742,2026-09-13
5968-VXZLG,0.4512,Unlikely to churn,0.5488,2026-09-13
5569-KGJHX,0.3992,Unlikely to churn,0.6008,2026-09-13
4988-IQIGL,0.5778,Likely to churn,0.5778,2026-09-13
5201-FRKKS,0.2101,Unlikely to churn,0.7899,2026-09-13
9799-CAYJJ,0.5943,Likely to churn,0.5943,2026-09-13
7730-IUTDZ,0.1594,Unlikely to churn,0.8406,2026-09-13
0426-TIRNE,0.3653,Unlikely to churn,0.6347,2026-09-13
5443-SCMKX,0.0967,Unlikely to churn,0.9033,2026-09-13
8295-KMENE,0.0943,Unlikely to churn,0.9057,2026-09-13
6738-ISCBM,0.2245,Unlikely to churn,0.7755,2026-09-13
9821-BESNZ,0.0653,Unlikely to churn,0.9347,2026-09-13
3678-MNGZX,0.0234,Unlikely to churn,0.9766,2026-09-13
1335-NTIUC,0.537,Likely to churn,0.537,2026-09-13
2916-BQZLN,0.3181,Unlikely to churn,0.6819,2026-09-13
4558-CGYCZ,0.328,Unlikely to churn,0.672,2026-09-13
2368-GAKKQ,0.0779,Unlikely to churn,0.9221,2026-09-13
8710-YGLWG,0.4803,Unlikely to churn,0.5197,2026-09-13
3199-XGZCY,0.4849,Unlikely to churn,0.5151,2026-09-13
3785-KTYSH,0.0147,Unlikely to churn,0.9853,2026-09-13
6814-ZPWFQ,0.0378,Unlikely to churn,0.9622,2026-09-13
4063-EIKNQ,0.2173,Unlikely to churn,0.7827,2026-09-13
6993-YCOBK,0.1137,Unlikely to churn,0.8863,2026-09-13
5206-HPJKM,0.25,Unlikely to churn,0.75,2026-09-13
7587-RZNME,0.4983,Unlikely to churn,0.5017,2026-09-13
0748-RDGGM,0.0575,Unlikely to churn,0.9425,2026-09-13
8393-JMVMB,0.3439,Unlikely to churn,0.6561,2026-09-13
5019-GQVCR,0.2324,Unlikely to churn,0.7676,2026-09-13
6036-TTFYU,0.1965,Unlikely to churn,0.8035,2026-09-13
2550-AEVRU,0.0494,Unlikely to churn,0.9506,2026-09-13
0969-RGKCU,0.0607,Unlikely to churn,0.9393,2026-09-13
0378-CJKPV,0.0,Unlikely to churn,1.0,2026-09-13
4706-AXVKM,0.3818,Unlikely to churn,0.6182,2026-09-13
5889-JTMUL,0.2047,Unlikely to churn,0.7953,2026-09-13
9026-RNUJS,0.4025,Unlikely to churn,0.5975,2026-09-13
3746-EUBYR,0.4483,Unlikely to churn,0.5517,2026-09-13
2332-EFBJY,0.2368,Unlikely to churn,0.7632,2026-09-13
2880-FPNAE,0.5355,Likely to churn,0.5355,2026-09-13
1703-MGIAB,0.3106,Unlikely to churn,0.6894,2026-09-13
4311-QTTAI,0.1665,Unlikely to churn,0.8335,2026-09-13
9474-PHLYD,0.3786,Unlikely to churn,0.6214,2026-09-13
4318-RAJVY,0.3511,Unlikely to churn,0.6489,2026-09-13
2165-VOEGB,0.1328,Unlikely to churn,0.8672,2026-09-13
3612-YUNGG,0.0289,Unlikely to churn,0.9711,2026-09-13
2254-DLXRI,0.5433,Likely to churn,0.5433,2026-09-13
5062-CJJKH,0.1544,Unlikely to churn,0.8456,2026-09-13
9028-LIHRP,0.0499,Unlikely to churn,0.9501,2026-09-13
2219-MVUSO,0.4144,Unlikely to churn,0.5856,2026-09-13
1053-MXTTK,0.0503,Unlikely to churn,0.9497,2026-09-13
1530-ZTDOZ,0.0953,Unlikely to churn,0.9047,2026-09-13
1301-LOPVR,0.1662,Unlikely to churn,0.8338,2026-09-13
0853-TWRVK,0.0428,Unlikely to churn,0.9572,2026-09-13
8914-RBTSB,0.1758,Unlikely to churn,0.8242,2026-09-13
6212-ATMLK,0.1773,Unlikely to churn,0.8227,2026-09-13
8200-LGKSR,0.0866,Unlikely to churn,0.9134,2026-09-13
1568-BEKZM,0.0664,Unlikely to churn,0.9336,2026-09-13
0670-ANMUU,0.0124,Unlikely to churn,0.9876,2026-09-13
6897-RWMUB,0.052,Unlikely to churn,0.948,2026-09-13
0963-ZBDRN,0.2804,Unlikely to churn,0.7196,2026-09-13
7594-RQHXR,0.4301,Unlikely to churn,0.5699,2026-09-13
6999-CHVCF,0.0858,Unlikely to churn,0.9142,2026-09-13
6134-KWTBV,0.0,Unlikely to churn,1.0,2026-09-13
1077-HUUJM,0.4441,Unlikely to churn,0.5559,2026-09-13
6331-EWIEB,0.3419,Unlikely to churn,0.6581,2026-09-13
0895-LNKRC,0.2561,Unlikely to churn,0.7439,2026-09-13
2045-BMBTJ,0.2687,Unlikely to churn,0.7313,2026-09-13
8417-GSODA,0.2172,Unlikely to churn,0.7828,2026-09-13
5171-EPLKN,0.0969,Unlikely to churn,0.9031,2026-09-13
4452-QIIEB,0.3729,Unlikely to churn,0.6271,2026-09-13
5998-VVEJY,0.304,Unlikely to churn,0.696,2026-09-13
1624-NALOJ,0.4718,Unlikely to churn,0.5282,2026-09-13
6741-EGCBI,0.2415,Unlikely to churn,0.7585,2026-09-13
7820-ZYGNY,0.0916,Unlikely to churn,0.9084,2026-09-13
4317-VTEOA,0.5416,Likely to churn,0.5416,2026-09-13
9677-AVKED,0.108,Unlikely to churn,0.892,2026-09-13
1670-SVOWZ,0.2254,Unlikely to churn,0.7746,2026-09-13
2227-JRSJX,0.3109,Unlikely to churn,0.6891,2026-09-13
9847-HNVGP,0.2296,Unlikely to churn,0.7704,2026-09-13
6696-YDAYZ,0.2086,Unlikely to churn,0.7914,2026-09-13
8980-WQFWL,0.2237,Unlikely to churn,0.7763,2026-09-13
1730-ZMAME,0.2923,Unlikely to churn,0.7077,2026-09-13
6506-EYCNH,0.1401,Unlikely to churn,0.8599,2026-09-13
4634-JLRJT,0.4193,Unlikely to churn,0.5807,2026-09-13
9501-UKKNL,0.0753,Unlikely to churn,0.9247,2026-09-13
2560-QTSBS,0.0341,Unlikely to churn,0.9659,2026-09-13
7541-YLXCL,0.1524,Unlikely to churn,0.8476,2026-09-13
4795-WRNVT,0.1055,Unlikely to churn,0.8945,2026-09-13
6080-TCMYC,0.1343,Unlikely to churn,0.8657,2026-09-13
0260-ZDLGK,0.3558,Unlikely to churn,0.6442,2026-09-13
7860-UXCRM,0.0828,Unlikely to churn,0.9172,2026-09-13
6357-JJPQT,0.5014,Likely to churn,0.5014,2026-09-13
2292-XQWSV,0.1414,Unlikely to churn,0.8586,2026-09-13
9552-TGUZV,0.4529,Unlikely to churn,0.5471,2026-09-13
5913-INRQV,0.2416,Unlikely to churn,0.7584,2026-09-13
8722-NGNBH,0.3422,Unlikely to churn,0.6578,2026-09-13
6210-KBBPI,0.4861,Unlikely to churn,0.5139,2026-09-13
9643-YBLUR,0.2663,Unlikely to churn,0.7337,2026-09-13
8734-FNWVH,0.1145,Unlikely to churn,0.8855,2026-09-13
9447-YPTBX,0.0691,Unlikely to churn,0.9309,2026-09-13
0133-BMFZO,0.492,Unlikely to churn,0.508,2026-09-13
6128-CZOMY,0.5676,Likely to churn,0.5676,2026-09-13
9540-JYROE,0.4671,Unlikely to churn,0.5329,2026-09-13
9026-LHEVG,0.3581,Unlikely to churn,0.6419,2026-09-13
2260-USTRB,0.5664,Likely to churn,0.5664,2026-09-13
3656-TKRVZ,0.3415,Unlikely to churn,0.6585,2026-09-13
7011-CVEUC,0.2962,Unlikely to churn,0.7038,2026-09-13
6185-TASNN,0.4044,Unlikely to churn,0.5956,2026-09-13
7925-PNRGI,0.1017,Unlikely to churn,0.8983,2026-09-13
8623-TMRBY,0.1523,Unlikely to churn,0.8477,2026-09-13
1552-CZCLL,0.1052,Unlikely to churn,0.8948,2026-09-13
3038-PQIUY,0.0684,Unlikely to churn,0.9316,2026-09-13
1501-SGHBW,0.4516,Unlikely to churn,0.5484,2026-09-13
9313-CDOGY,0.0865,Unlikely to churn,0.9135,2026-09-13
8148-BPLZQ,0.2279,Unlikely to churn,0.7721,2026-09-13
2623-DRYAM,0.0511,Unlikely to churn,0.9489,2026-09-13
9987-LUTYD,0.3086,Unlikely to churn,0.6914,2026-09-13
3208-YPIOE,0.1814,Unlikely to churn,0.8186,2026-09-13
4488-KQFDT,0.119,Unlikely to churn,0.881,2026-09-13
2612-RANWT,0.4339,Unlikely to churn,0.5661,2026-09-13
5693-PIPCS,0.155,Unlikely to churn,0.845,2026-09-13
0491-KAPQG,0.3214,Unlikely to churn,0.6786,2026-09-13
1925-LFCZZ,0.1243,Unlikely to churn,0.8757,2026-09-13
8039-EQPIM,0.0,Unlikely to churn,1.0,2026-09-13
6900-PXRMS,0.2905,Unlikely to churn,0.7095,2026-09-13
8707-RMEZH,0.0751,Unlikely to churn,0.9249,2026-09-13
3346-BRMIS,0.4599,Unlikely to churn,0.5401,2026-09-13
3209-ZPKFI,0.0937,Unlikely to churn,0.9063,2026-09-13
6479-VDGRK,0.013,Unlikely to churn,0.987,2026-09-13
9373-WSLOY,0.2661,Unlikely to churn,0.7339,2026-09-13
2933-FILNV,0.505,Likely to churn,0.505,2026-09-13
3569-JFODW,0.0,Unlikely to churn,1.0,2026-09-13
9819-FBNSV,0.2429,Unlikely to churn,0.7571,2026-09-13
9544-PYPSJ,0.0682,Unlikely to churn,0.9318,2026-09-13
1591-XWLGB,0.0805,Unlikely to churn,0.9195,2026-09-13
0396-UKGAI,0.1826,Unlikely to churn,0.8174,2026-09-13
3243-ZHOHY,0.184,Unlikely to churn,0.816,2026-09-13
5186-EJEGL,0.3394,Unlikely to churn,0.6606,2026-09-13
7527-QNRUS,0.275,Unlikely to churn,0.725,2026-09-13
9986-BONCE,0.2885,Unlikely to churn,0.7115,2026-09-13
2722-JMONI,0.5724,Likely to churn,0.5724,2026-09-13
2203-GHNWN,0.3053,Unlikely to churn,0.6947,2026-09-13
3878-AVSOQ,0.5632,Likely to churn,0.5632,2026-09-13
3258-SYSWS,0.0398,Unlikely to churn,0.9602,2026-09-13
5296-PSYVW,0.0,Unlikely to churn,1.0,2026-09-13
6319-QSUSR,0.1679,Unlikely to churn,0.8321,2026-09-13
4083-EUGRJ,0.3097,Unlikely to churn,0.6903,2026-09-13
7579-OOPEC,0.3798,Unlikely to churn,0.6202,2026-09-13
0512-FLFDW,0.0879,Unlikely to churn,0.9121,2026-09-13
1771-OADNZ,0.2518,Unlikely to churn,0.7482,2026-09-13
0487-CRLZF,0.146,Unlikely to churn,0.854,2026-09-13
2107-FBPTK,0.3405,Unlikely to churn,0.6595,2026-09-13
9451-WLYRI,0.0234,Unlikely to churn,0.9766,2026-09-13
8219-VYBVI,0.076,Unlikely to churn,0.924,2026-09-13
1991-VOPLL,0.2221,Unlikely to churn,0.7779,2026-09-13
9738-QLWTP,0.1749,Unlikely to churn,0.8251,2026-09-13
1016-DJTSV,0.4793,Unlikely to churn,0.5207,2026-09-13
9419-IPPBE,0.1589,Unlikely to churn,0.8411,2026-09-13
0174-QRVVY,0.0194,Unlikely to churn,0.9806,2026-09-13
5699-BNCAS,0.0871,Unlikely to churn,0.9129,2026-09-13
2900-PHPLN,0.0427,Unlikely to churn,0.9573,2026-09-13
0612-RTZZA,0.5455,Likely to churn,0.5455,2026-09-13
8106-GWQOK,0.2231,Unlikely to churn,0.7769,2026-09-13
8751-EDEKA,0.1744,Unlikely to churn,0.8256,2026-09-13
6878-GGDWG,0.114,Unlikely to churn,0.886,2026-09-13
4039-PIMHX,0.093,Unlikely to churn,0.907,2026-09-13
8450-LUGUK,0.1633,Unlikely to churn,0.8367,2026-09-13
3604-WLABM,0.2606,Unlikely to churn,0.7394,2026-09-13
0795-GMVQO,0.0538,Unlikely to churn,0.9462,2026-09-13
2259-OUUSZ,0.4077,Unlikely to churn,0.5923,2026-09-13
1142-IHLOO,0.1115,Unlikely to churn,0.8885,2026-09-13
6410-LEFEN,0.3234,Unlikely to churn,0.6766,2026-09-13
4633-MKHYU,0.5151,Likely to churn,0.5151,2026-09-13
6257-RJOHI,0.4546,Unlikely to churn,0.5454,2026-09-13
1545-JFUML,0.0128,Unlikely to churn,0.9872,2026-09-13
3194-ORPIK,0.1032,Unlikely to churn,0.8968,2026-09-13
7826-VVKWT,0.3359,Unlikely to churn,0.6641,2026-09-13
1353-GHZOS,0.1876,Unlikely to churn,0.8124,2026-09-13
2587-EKXTS,0.2055,Unlikely to churn,0.7945,2026-09-13
5442-BXVND,0.1029,Unlikely to churn,0.8971,2026-09-13
8816-VXNZD,0.5564,Likely to churn,0.5564,2026-09-13
9378-FXTIZ,0.1186,Unlikely to churn,0.8814,2026-09-13
1723-HKXJQ,0.1827,Unlikely to churn,0.8173,2026-09-13
7825-GKXMW,0.3776,Unlikely to churn,0.6224,2026-09-13
9753-OYLBX,0.4056,Unlikely to churn,0.5944,2026-09-13
2364-UFROM,0.0886,Unlikely to churn,0.9114,2026-09-13
6656-JWRQX,0.4782,Unlikely to churn,0.5218,2026-09-13
6473-ULUHT,0.1941,Unlikely to churn,0.8059,2026-09-13
1240-KNSEZ,0.4392,Unlikely to churn,0.5608,2026-09-13
0836-SEYLU,0.3596,Unlikely to churn,0.6404,2026-09-13
4433-JCGCG,0.2636,Unlikely to churn,0.7364,2026-09-13
3716-BDVDB,0.5267,Likely to churn,0.5267,2026-09-13
7688-AWMDX,0.013,Unlikely to churn,0.987,2026-09-13
2842-BCQGE,0.1217,Unlikely to churn,0.8783,2026-09-13
7244-QWYHG,0.1136,Unlikely to churn,0.8864,2026-09-13
5899-MQZZL,0.3832,Unlikely to churn,0.6168,2026-09-13
6849-OYAMU,0.2245,Unlikely to churn,0.7755,2026-09-13
5312-UXESG,0.2205,Unlikely to churn,0.7795,2026-09-13
9488-HGMJH,0.6072,Likely to churn,0.6072,2026-09-13
6038-GCYEC,0.3397,Unlikely to churn,0.6603,2026-09-13
2150-WLKUW,0.1022,Unlikely to churn,0.8978,2026-09-13
7159-FVYPK,0.2411,Unlikely to churn,0.7589,2026-09-13
7032-LMBHI,0.0732,Unlikely to churn,0.9268,2026-09-13
1150-WFARN,0.1006,Unlikely to churn,0.8994,2026-09-13
6088-BXMRG,0.251,Unlikely to churn,0.749,2026-09-13
3144-AUDBS,0.4228,Unlikely to churn,0.5772,2026-09-13
4821-SJHJV,0.1562,Unlikely to churn,0.8438,2026-09-13
7346-MEDWM,0.0613,Unlikely to churn,0.9387,2026-09-13
1137-DGOWI,0.0641,Unlikely to churn,0.9359,2026-09-13
5616-PRTNT,0.2093,Unlikely to churn,0.7907,2026-09-13
3812-LRZIR,0.1137,Unlikely to churn,0.8863,2026-09-13
4818-QIUFN,0.342,Unlikely to churn,0.658,2026-09-13
9483-GCPWE,0.2078,Unlikely to churn,0.7922,2026-09-13
4227-OJHAL,0.0447,Unlikely to churn,0.9553,2026-09-13
9220-CXRSC,0.0192,Unlikely to churn,0.9808,2026-09-13
4993-JCRGJ,0.2765,Unlikely to churn,0.7235,2026-09-13
9537-JALFH,0.0356,Unlikely to churn,0.9644,2026-09-13
6698-OXETB,0.2485,Unlikely to churn,0.7515,2026-09-13
2103-ZRXFN,0.4247,Unlikely to churn,0.5753,2026-09-13
3724-BSCVH,0.2461,Unlikely to churn,0.7539,2026-09-13
4877-TSOFF,0.0701,Unlikely to churn,0.9299,2026-09-13
9209-NWPGU,0.0718,Unlikely to churn,0.9282,2026-09-13
6961-VCPMC,0.1906,Unlikely to churn,0.8094,2026-09-13
7306-YDSOI,0.0088,Unlikely to churn,0.9912,2026-09-13
5288-AHOUP,0.4251,Unlikely to churn,0.5749,2026-09-13
6688-UZPWD,0.5262,Likely to churn,0.5262,2026-09-13
0655-YDGFJ,0.1544,Unlikely to churn,0.8456,2026-09-13
8468-EHYJA,0.1639,Unlikely to churn,0.8361,2026-09-13
6823-SIDFQ,0.1238,Unlikely to churn,0.8762,2026-09-13
1097-FSPVW,0.0841,Unlikely to churn,0.9159,2026-09-13
2839-RFSQE,0.3576,Unlikely to churn,0.6424,2026-09-13
8328-SKJNO,0.1771,Unlikely to churn,0.8229,2026-09-13
7010-ZMVBF,0.2011,Unlikely to churn,0.7989,2026-09-13
5201-CBWYG,0.023,Unlikely to churn,0.977,2026-09-13
0968-GSIKN,0.5693,Likely to churn,0.5693,2026-09-13
1965-DDBWU,0.3147,Unlikely to churn,0.6853,2026-09-13
9057-SIHCH,0.6084,Likely to churn,0.6084,2026-09-13
6352-GIGGQ,0.0542,Unlikely to churn,0.9458,2026-09-13
3635-QQRQD,0.0483,Unlikely to churn,0.9517,2026-09-13
6771-XWBDM,0.0928,Unlikely to churn,0.9072,2026-09-13
2897-DOVND,0.5355,Likely to churn,0.5355,2026-09-13
3082-YVEKW,0.2377,Unlikely to churn,0.7623,2026-09-13
0191-EQUUH,0.1466,Unlikely to churn,0.8534,2026-09-13
7134-HBPBS,0.0716,Unlikely to churn,0.9284,2026-09-13
3489-HHPFY,0.5167,Likely to churn,0.5167,2026-09-13
2926-JEJJC,0.2921,Unlikely to churn,0.7079,2026-09-13
8601-QACRS,0.5323,Likely to churn,0.5323,2026-09-13
4950-BDEUX,0.1966,Unlikely to churn,0.8034,2026-09-13
5789-LDFXO,0.1647,Unlikely to churn,0.8353,2026-09-13
0508-OOLTO,0.4321,Unlikely to churn,0.5679,2026-09-13
2984-TBYKU,0.014,Unlikely to churn,0.986,2026-09-13
9822-WMWVG,0.1078,Unlikely to churn,0.8922,2026-09-13
2391-SOORI,0.336,Unlikely to churn,0.664,2026-09-13
9040-KZVWO,0.26,Unlikely to churn,0.74,2026-09-13
2645-QTLMB,0.4954,Unlikely to churn,0.5046,2026-09-13
4806-HIPDW,0.4828,Unlikely to churn,0.5172,2026-09-13
1548-ARAGG,0.4333,Unlikely to churn,0.5667,2026-09-13
6339-RZCBJ,0.0427,Unlikely to churn,0.9573,2026-09-13
4424-TKOPW,0.6664,Likely to churn,0.6664,2026-09-13
4415-WNGVR,0.3758,Unlikely to churn,0.6242,2026-09-13
2522-AHJXR,0.0787,Unlikely to churn,0.9213,2026-09-13
0412-UCCNP,0.0767,Unlikely to churn,0.9233,2026-09-13
1816-FLZDK,0.4784,Unlikely to churn,0.5216,2026-09-13
7096-UCLNH,0.3383,Unlikely to churn,0.6617,2026-09-13
8443-ZRDBZ,0.4985,Unlikely to churn,0.5015,2026-09-13
9136-ALYBR,0.569,Likely to churn,0.569,2026-09-13
4615-PIVVU,0.0285,Unlikely to churn,0.9715,2026-09-13
8885-QSQBX,0.3476,Unlikely to churn,0.6524,2026-09-13
7479-NITWS,0.3354,Unlikely to churn,0.6646,2026-09-13
8617-ENBDS,0.4039,Unlikely to churn,0.5961,2026-09-13
9385-NXKDA,0.0639,Unlikely to churn,0.9361,2026-09-13
0430-IHCDJ,0.3865,Unlikely to churn,0.6135,2026-09-13
2959-MJHIC,0.5168,Likely to churn,0.5168,2026-09-13
6674-KVJHG,0.2621,Unlikely to churn,0.7379,2026-09-13
1814-DKOLC,0.3554,Unlikely to churn,0.6446,2026-09-13
4201-JMNGR,0.5349,Likely to churn,0.5349,2026-09-13
9351-HXDMR,0.0803,Unlikely to churn,0.9197,2026-09-13
3537-HPKQT,0.1222,Unlikely to churn,0.8778,2026-09-13
2129-ALKBS,0.1434,Unlikely to churn,0.8566,2026-09-13
5821-MMEIL,0.0233,Unlikely to churn,0.9767,2026-09-13
5960-WPXQM,0.4746,Unlikely to churn,0.5254,2026-09-13
0684-AOSIH,0.59,Likely to churn,0.59,2026-09-13
8260-NGFNY,0.4978,Unlikely to churn,0.5022,2026-09-13
1309-XGFSN,0.1482,Unlikely to churn,0.8518,2026-09-13
1866-RZZQS,0.2417,Unlikely to churn,0.7583,2026-09-13
6968-URWQU,0.1396,Unlikely to churn,0.8604,2026-09-13
4742-TXUEX,0.0595,Unlikely to churn,0.9405,2026-09-13
9631-XEYKE,0.3505,Unlikely to churn,0.6495,2026-09-13
8631-NBHFZ,0.0,Unlikely to churn,1.0,2026-09-13
1335-MXCSE,0.0728,Unlikely to churn,0.9272,2026-09-13
8873-TMKGR,0.0831,Unlikely to churn,0.9169,2026-09-13
8800-JOOCF,0.3428,Unlikely to churn,0.6572,2026-09-13
1469-LBJQJ,0.1472,Unlikely to churn,0.8528,2026-09-13
4958-XCBDQ,0.379,Unlikely to churn,0.621,2026-09-13
8337-UPOAQ,0.4336,Unlikely to churn,0.5664,2026-09-13
0064-YIJGF,0.2184,Unlikely to churn,0.7816,2026-09-13
2386-OWURY,0.1371,Unlikely to churn,0.8629,2026-09-13
1725-IQNIY,0.1284,Unlikely to churn,0.8716,2026-09-13
0310-VQXAM,0.2538,Unlikely to churn,0.7462,2026-09-13
6598-RFFVI,0.266,Unlikely to churn,0.734,2026-09-13
3453-RTHJQ,0.5181,Likely to churn,0.5181,2026-09-13
6712-OAWRH,0.3962,Unlikely to churn,0.6038,2026-09-13
6278-FEPBZ,0.2914,Unlikely to churn,0.7086,2026-09-13
4280-DLSHD,0.3597,Unlikely to churn,0.6403,2026-09-13
1508-DFXCU,0.4063,Unlikely to churn,0.5937,2026-09-13
8614-VGMMV,0.3266,Unlikely to churn,0.6734,2026-09-13
7868-BGSZA,0.1344,Unlikely to churn,0.8656,2026-09-13
2800-QQUSO,0.2621,Unlikely to churn,0.7379,2026-09-13
2930-UOTMB,0.0981,Unlikely to churn,0.9019,2026-09-13
7973-DZRKH,0.0363,Unlikely to churn,0.9637,2026-09-13
5914-DVBWJ,0.3455,Unlikely to churn,0.6545,2026-09-13
7698-YFGEZ,0.3384,Unlikely to churn,0.6616,2026-09-13
2533-QVMSK,0.1007,Unlikely to churn,0.8993,2026-09-13
9773-PEQBZ,0.3659,Unlikely to churn,0.6341,2026-09-13
8644-XLFBW,0.4894,Unlikely to churn,0.5106,2026-09-13
0650-BWOZN,0.3423,Unlikely to churn,0.6577,2026-09-13
8625-AZYZY,0.378,Unlikely to churn,0.622,2026-09-13
7785-RDVIG,0.2859,Unlikely to churn,0.7141,2026-09-13
9602-WCXPI,0.0596,Unlikely to churn,0.9404,2026-09-13
2903-YYTBW,0.3842,Unlikely to churn,0.6158,2026-09-13
3620-MWJNE,0.4449,Unlikely to churn,0.5551,2026-09-13
8573-JGCZW,0.2115,Unlikely to churn,0.7885,2026-09-13
6837-HAEVO,0.0725,Unlikely to churn,0.9275,2026-09-13
6701-YVNQG,0.0737,Unlikely to churn,0.9263,2026-09-13
9306-CPCBC,0.4955,Unlikely to churn,0.5045,2026-09-13
4304-XUMGI,0.0674,Unlikely to churn,0.9326,2026-09-13
9504-YAZWB,0.0584,Unlikely to churn,0.9416,2026-09-13
8819-ZBYNA,0.1513,Unlikely to churn,0.8487,2026-09-13
6174-NRBTZ,0.12,Unlikely to churn,0.88,2026-09-13
9481-IEBZY,0.0965,Unlikely to churn,0.9035,2026-09-13
1833-VGRUM,0.6127,Likely to churn,0.6127,2026-09-13
6137-NICCO,0.3943,Unlikely to churn,0.6057,2026-09-13
9065-ZCPQX,0.0133,Unlikely to churn,0.9867,2026-09-13
6402-EJMWF,0.4639,Unlikely to churn,0.5361,2026-09-13
3620-EHIMZ,0.0392,Unlikely to churn,0.9608,2026-09-13
3213-VVOLG,0.3594,Unlikely to churn,0.6406,2026-09-13
6870-ECSHE,0.343,Unlikely to churn,0.657,2026-09-13
8747-UDCOI,0.0328,Unlikely to churn,0.9672,2026-09-13
8374-XGEJJ,0.2353,Unlikely to churn,0.7647,2026-09-13
2656-TABEH,0.5357,Likely to churn,0.5357,2026-09-13
6946-LMSQS,0.4088,Unlikely to churn,0.5912,2026-09-13
4626-OZDTJ,0.0924,Unlikely to churn,0.9076,2026-09-13
9169-BSVIN,0.2338,Unlikely to churn,0.7662,2026-09-13
2325-ZUSFD,0.1083,Unlikely to churn,0.8917,2026-09-13
8194-PEEBY,0.1571,Unlikely to churn,0.8429,2026-09-13
6872-HXFNF,0.055,Unlikely to churn,0.945,2026-09-13
3932-CMDTD,0.4916,Unlikely to churn,0.5084,2026-09-13
7714-YXSMB,0.3012,Unlikely to churn,0.6988,2026-09-13
8387-UGUSU,0.188,Unlikely to churn,0.812,2026-09-13
1080-BWSYE,0.0,Unlikely to churn,1.0,2026-09-13
4039-HEUNW,0.3073,Unlikely to churn,0.6927,2026-09-13
1194-HVAIF,0.2565,Unlikely to churn,0.7435,2026-09-13
0812-WUPTB,0.536,Likely to churn,0.536,2026-09-13
3594-UVONA,0.1635,Unlikely to churn,0.8365,2026-09-13
0004-TLHLJ,0.3986,Unlikely to churn,0.6014,2026-09-13
1767-TGTKO,0.3972,Unlikely to churn,0.6028,2026-09-13
8439-LTUGF,0.3699,Unlikely to churn,0.6301,2026-09-13
8805-JNRAZ,0.4079,Unlikely to churn,0.5921,2026-09-13
5089-IFSDP,0.0789,Unlikely to churn,0.9211,2026-09-13
6418-HNFED,0.0965,Unlikely to churn,0.9035,2026-09-13
0206-OYVOC,0.0638,Unlikely to churn,0.9362,2026-09-13
7291-CDTMJ,0.3353,Unlikely to churn,0.6647,2026-09-13
7128-GGCNO,0.0841,Unlikely to churn,0.9159,2026-09-13
0237-YFUTL,0.1391,Unlikely to churn,0.8609,2026-09-13
7691-KGKGP,0.0,Unlikely to churn,1.0,2026-09-13
6710-HSJRD,0.093,Unlikely to churn,0.907,2026-09-13
3675-EQOZA,0.2575,Unlikely to churn,0.7425,2026-09-13
0840-DCNZE,0.0816,Unlikely to churn,0.9184,2026-09-13
1732-FEKLD,0.1037,Unlikely to churn,0.8963,2026-09-13
9862-KJTYK,0.2462,Unlikely to churn,0.7538,2026-09-13
0479-HMSWA,0.293,Unlikely to churn,0.707,2026-09-13
5854-KSRBJ,0.0,Unlikely to churn,1.0,2026-09-13
0365-BZUWY,0.4591,Unlikely to churn,0.5409,2026-09-13
4817-VYYWS,0.2784,Unlikely to churn,0.7216,2026-09-13
5701-SVCWR,0.2779,Unlikely to churn,0.7221,2026-09-13
3129-AAQOU,0.19,Unlikely to churn,0.81,2026-09-13
4922-CVPDX,0.2673,Unlikely to churn,0.7327,2026-09-13
1396-QWFBJ,0.2369,Unlikely to churn,0.7631,2026-09-13
1357-BIJKI,0.2032,Unlikely to churn,0.7968,2026-09-13
1099-BTKWT,0.09,Unlikely to churn,0.91,2026-09-13
5299-SJCZT,0.4749,Unlikely to churn,0.5251,2026-09-13
2018-PZKMU,0.3315,Unlikely to churn,0.6685,2026-09-13
7340-KEFQE,0.0222,Unlikely to churn,0.9778,2026-09-13
4570-QHXHL,0.3843,Unlikely to churn,0.6157,2026-09-13
2403-BCASL,0.2314,Unlikely to churn,0.7686,2026-09-13
7392-YYPYJ,0.3532,Unlikely to churn,0.6468,2026-09-13
2898-LSJGD,0.3625,Unlikely to churn,0.6375,2026-09-13
2223-GDSHL,0.0142,Unlikely to churn,0.9858,2026-09-13
7359-PTSXY,0.4271,Unlikely to churn,0.5729,2026-09-13
9470-RTWDV,0.188,Unlikely to churn,0.812,2026-09-13
2176-OSJUV,0.0639,Unlikely to churn,0.9361,2026-09-13
9348-YVOMK,0.4274,Unlikely to churn,0.5726,2026-09-13
8104-OSKWT,0.4453,Unlikely to churn,0.5547,2026-09-13
4521-YEEHE,0.3308,Unlikely to churn,0.6692,2026-09-13
4090-KPJIP,0.5214,Likely to churn,0.5214,2026-09-13
3786-WOVKF,0.0521,Unlikely to churn,0.9479,2026-09-13
4503-BDXBD,0.3013,Unlikely to churn,0.6987,2026-09-13
6086-ESGRL,0.3555,Unlikely to churn,0.6445,2026-09-13
2592-HODOV,0.1705,Unlikely to churn,0.8295,2026-09-13
3886-CERTZ,0.0454,Unlikely to churn,0.9546,2026-09-13
7995-ZHHNZ,0.0574,Unlikely to churn,0.9426,2026-09-13
3824-RHKVR,0.0965,Unlikely to churn,0.9035,2026-09-13
5816-SCGFC,0.4371,Unlikely to churn,0.5629,2026-09-13
5989-AXPUC,0.0839,Unlikely to churn,0.9161,2026-09-13
4979-HPRFL,0.0,Unlikely to churn,1.0,2026-09-13
8590-OHDIW,0.0442,Unlikely to churn,0.9558,2026-09-13
8015-IHCGW,0.1183,Unlikely to churn,0.8817,2026-09-13
2332-TODQS,0.0364,Unlikely to churn,0.9636,2026-09-13
9278-VZKCD,0.1883,Unlikely to churn,0.8117,2026-09-13
8008-OTEZX,0.1151,Unlikely to churn,0.8849,2026-09-13
2773-OVBPK,0.0994,Unlikely to churn,0.9006,2026-09-13
5999-LCXAO,0.4123,Unlikely to churn,0.5877,2026-09-13
5206-XZZQI,0.1047,Unlikely to churn,0.8953,2026-09-13
4803-LBYPN,0.0521,Unlikely to churn,0.9479,2026-09-13
5759-RCVCB,0.4653,Unlikely to churn,0.5347,2026-09-13
6372-RFVNS,0.3811,Unlikely to churn,0.6189,2026-09-13
2139-FQHLM,0.1983,Unlikely to churn,0.8017,2026-09-13
8261-GWDBQ,0.0765,Unlikely to churn,0.9235,2026-09-13
1093-YSWCA,0.1623,Unlikely to churn,0.8377,2026-09-13
8938-UMKPI,0.2367,Unlikely to churn,0.7633,2026-09-13
0991-BRRFB,0.311,Unlikely to churn,0.689,2026-09-13
3882-IYOIJ,0.0389,Unlikely to churn,0.9611,2026-09-13
8749-TZYEC,0.0,Unlikely to churn,1.0,2026-09-13
1755-FZQEC,0.0274,Unlikely to churn,0.9726,2026-09-13
3115-JPJDD,0.0667,Unlikely to churn,0.9333,2026-09-13
5600-KTXFM,0.3711,Unlikely to churn,0.6289,2026-09-13
3871-IKPYH,0.445,Unlikely to churn,0.555,2026-09-13
6319-IEJWJ,0.3721,Unlikely to churn,0.6279,2026-09-13
9025-AOMKI,0.5011,Likely to churn,0.5011,2026-09-13
6339-TBELP,0.0595,Unlikely to churn,0.9405,2026-09-13
7964-YESJC,0.1575,Unlikely to churn,0.8425,2026-09-13
6173-GOLSU,0.0708,Unlikely to churn,0.9292,2026-09-13
5275-SQEIZ,0.5403,Likely to churn,0.5403,2026-09-13
7716-YTYHG,0.1352,Unlikely to churn,0.8648,2026-09-13
9938-ZREHM,0.1401,Unlikely to churn,0.8599,2026-09-13
7950-XWOVN,0.3559,Unlikely to churn,0.6441,2026-09-13
4390-KYULV,0.3247,Unlikely to churn,0.6753,2026-09-13
4647-MUZON,0.3144,Unlikely to churn,0.6856,2026-09-13
9702-AIUJO,0.0616,Unlikely to churn,0.9384,2026-09-13
8849-PRIQJ,0.0477,Unlikely to churn,0.9523,2026-09-13
8851-RAGOV,0.2302,Unlikely to churn,0.7698,2026-09-13
1304-NECVQ,0.5519,Likely to churn,0.5519,2026-09-13
5396-IZEPB,0.2556,Unlikely to churn,0.7444,2026-09-13
1729-VLAZJ,0.2932,Unlikely to churn,0.7068,2026-09-13
8285-ABVLB,0.0269,Unlikely to churn,0.9731,2026-09-13
0701-TJSEF,0.2851,Unlikely to churn,0.7149,2026-09-13
5712-VBOXD,0.3602,Unlikely to churn,0.6398,2026-09-13
6629-LADHQ,0.3892,Unlikely to churn,0.6108,2026-09-13
8945-GRKHX,0.4137,Unlikely to churn,0.5863,2026-09-13
1559-DTODC,0.3271,Unlikely to churn,0.6729,2026-09-13
4797-MIWUM,0.2744,Unlikely to churn,0.7256,2026-09-13
6959-UWKHF,0.4802,Unlikely to churn,0.5198,2026-09-13
8720-RQSBJ,0.4718,Unlikely to churn,0.5282,2026-09-13
4537-CIBHB,0.2761,Unlikely to churn,0.7239,2026-09-13
3815-SLMEF,0.4115,Unlikely to churn,0.5885,2026-09-13
5154-VEKBL,0.4305,Unlikely to churn,0.5695,2026-09-13
4324-AHJKS,0.2249,Unlikely to churn,0.7751,2026-09-13
4355-CVPVS,0.0712,Unlikely to churn,0.9288,2026-09-13
4495-LHSSK,0.2201,Unlikely to churn,0.7799,2026-09-13
5655-JSMZM,0.2093,Unlikely to churn,0.7907,2026-09-13
5915-ANOEI,0.0985,Unlikely to churn,0.9015,2026-09-13
9861-PDSZP,0.0584,Unlikely to churn,0.9416,2026-09-13
4505-EXZHB,0.3811,Unlikely to churn,0.6189,2026-09-13
7225-CBZPL,0.4967,Unlikely to churn,0.5033,2026-09-13
6704-UTUKK,0.3189,Unlikely to churn,0.6811,2026-09-13
4587-VVTOX,0.499,Unlikely to churn,0.501,2026-09-13
2019-HDCZY,0.1205,Unlikely to churn,0.8795,2026-09-13
4652-NNHNY,0.3217,Unlikely to churn,0.6783,2026-09-13
8788-DOXSU,0.0419,Unlikely to churn,0.9581,2026-09-13
7404-JLKQG,0.3996,Unlikely to churn,0.6004,2026-09-13
7421-ZLUPA,0.5152,Likely to churn,0.5152,2026-09-13
8972-HJWNV,0.5372,Likely to churn,0.5372,2026-09-13
3274-NSDWE,0.0081,Unlikely to churn,0.9919,2026-09-13
2632-IVXVF,0.0365,Unlikely to churn,0.9635,2026-09-13
3692-JHONH,0.1725,Unlikely to churn,0.8275,2026-09-13
8915-NNTRC,0.0223,Unlikely to churn,0.9777,2026-09-13
5914-GXMDA,0.0971,Unlikely to churn,0.9029,2026-09-13
7463-IFMQU,0.0005,Unlikely to churn,0.9995,2026-09-13
2920-RNCEZ,0.3926,Unlikely to churn,0.6074,2026-09-13
2541-YGPKE,0.0232,Unlikely to churn,0.9768,2026-09-13
8515-OCTJS,0.1475,Unlikely to churn,0.8525,2026-09-13
5382-TEMLV,0.1196,Unlikely to churn,0.8804,2026-09-13
3441-CGZJH,0.1961,Unlikely to churn,0.8039,2026-09-13
9592-ERDKV,0.1237,Unlikely to churn,0.8763,2026-09-13
2860-RANUS,0.3386,Unlikely to churn,0.6614,2026-09-13
5261-QSHQM,0.5513,Likely to churn,0.5513,2026-09-13
4778-IZARL,0.0686,Unlikely to churn,0.9314,2026-09-13
0432-CAJZV,0.4975,Unlikely to churn,0.5025,2026-09-13
7008-LZVOZ,0.0555,Unlikely to churn,0.9445,2026-09-13
8868-WOZGU,0.3413,Unlikely to churn,0.6587,2026-09-13
1200-TUZHR,0.3992,Unlikely to churn,0.6008,2026-09-13
9365-CSLBQ,0.0106,Unlikely to churn,0.9894,2026-09-13
1334-FJSVR,0.5334,Likely to churn,0.5334,2026-09-13
5884-FBCTL,0.0,Unlikely to churn,1.0,2026-09-13
7130-CTCUS,0.2854,Unlikely to churn,0.7146,2026-09-13
6242-FEGFD,0.015,Unlikely to churn,0.985,2026-09-13
7625-XCQRH,0.4569,Unlikely to churn,0.5431,2026-09-13
6194-HBGQN,0.0993,Unlikely to churn,0.9007,2026-09-13
7634-WSWDB,0.3896,Unlikely to churn,0.6104,2026-09-13
6986-IXNDM,0.4801,Unlikely to churn,0.5199,2026-09-13
1731-TVIUK,0.4226,Unlikely to churn,0.5774,2026-09-13
2987-BJXIK,0.0298,Unlikely to churn,0.9702,2026-09-13
9769-TSBZE,0.0026,Unlikely to churn,0.9974,2026-09-13
0406-BPDVR,0.1757,Unlikely to churn,0.8243,2026-09-13
0618-XWMSS,0.1684,Unlikely to churn,0.8316,2026-09-13
1395-WSWXR,0.2014,Unlikely to churn,0.7986,2026-09-13
6023-GSSXW,0.0392,Unlikely to churn,0.9608,2026-09-13
6752-APNJL,0.069,Unlikely to churn,0.931,2026-09-13
5276-KQWHG,0.5142,Likely to churn,0.5142,2026-09-13
0420-HLGXF,0.297,Unlikely to churn,0.703,2026-09-13
7446-KQISO,0.1622,Unlikely to churn,0.8378,2026-09-13
9823-EALYC,0.0321,Unlikely to churn,0.9679,2026-09-13
0582-AVCLN,0.1658,Unlikely to churn,0.8342,2026-09-13
5803-NQJZO,0.07,Unlikely to churn,0.93,2026-09-13
2565-JSLRY,0.4394,Unlikely to churn,0.5606,2026-09-13
2607-DHDAK,0.0131,Unlikely to churn,0.9869,2026-09-13
1073-XXCZD,0.0577,Unlikely to churn,0.9423,2026-09-13
0743-HRVFF,0.1195,Unlikely to churn,0.8805,2026-09-13
4006-HKYHO,0.086,Unlikely to churn,0.914,2026-09-13
3727-JEZTU,0.3569,Unlikely to churn,0.6431,2026-09-13
8143-ETQTI,0.2044,Unlikely to churn,0.7956,2026-09-13
6689-KXGBO,0.4164,Unlikely to churn,0.5836,2026-09-13
9667-TKTVZ,0.5435,Likely to churn,0.5435,2026-09-13
3657-COGMW,0.1049,Unlikely to churn,0.8951,2026-09-13
8570-KLJYJ,0.1417,Unlikely to churn,0.8583,2026-09-13
7754-IXRMC,0.4623,Unlikely to churn,0.5377,2026-09-13
9473-CBZOP,0.2089,Unlikely to churn,0.7911,2026-09-13
2969-WGHQO,0.2041,Unlikely to churn,0.7959,2026-09-13
6615-NGGZJ,0.4586,Unlikely to churn,0.5414,2026-09-13
4334-HOWRP,0.0552,Unlikely to churn,0.9448,2026-09-13
4255-DDUOU,0.4098,Unlikely to churn,0.5902,2026-09-13
5863-OOKCL,0.2164,Unlikely to churn,0.7836,2026-09-13
1686-STUHN,0.0201,Unlikely to churn,0.9799,2026-09-13
1329-VHWNP,0.3302,Unlikely to churn,0.6698,2026-09-13
2984-MIIZL,0.3821,Unlikely to churn,0.6179,2026-09-13
0266-GMEAO,0.0298,Unlikely to churn,0.9702,2026-09-13
5590-YRFJT,0.3965,Unlikely to churn,0.6035,2026-09-13
5574-NXZIU,0.0466,Unlikely to churn,0.9534,2026-09-13
0019-GFNTW,0.0552,Unlikely to churn,0.9448,2026-09-13
4256-ZWTZI,0.3639,Unlikely to churn,0.6361,2026-09-13
8309-PPCED,0.0516,Unlikely to churn,0.9484,2026-09-13
4098-NAUKP,0.085,Unlikely to churn,0.915,2026-09-13
5196-WPYOW,0.0487,Unlikely to churn,0.9513,2026-09-13
4608-LCIMN,0.2372,Unlikely to churn,0.7628,2026-09-13
1485-YDHMM,0.0869,Unlikely to churn,0.9131,2026-09-13
4054-CUMIA,0.3025,Unlikely to churn,0.6975,2026-09-13
0603-TPMIB,0.0377,Unlikely to churn,0.9623,2026-09-13
2525-GVKQU,0.0183,Unlikely to churn,0.9817,2026-09-13
8161-QYMTT,0.539,Likely to churn,0.539,2026-09-13
9581-GVBXT,0.0561,Unlikely to churn,0.9439,2026-09-13
5862-BRIXZ,0.1463,Unlikely to churn,0.8537,2026-09-13
5404-GGUKR,0.4501,Unlikely to churn,0.5499,2026-09-13
3308-JSGML,0.0738,Unlikely to churn,0.9262,2026-09-13
2126-GSEGL,0.0171,Unlikely to churn,0.9829,2026-09-13
3677-TNKIO,0.3333,Unlikely to churn,0.6667,2026-09-13
0440-QEXBZ,0.1574,Unlikely to churn,0.8426,2026-09-13
2434-EEVDB,0.049,Unlikely to churn,0.951,2026-09-13
6762-QVYJO,0.0678,Unlikely to churn,0.9322,2026-09-13
6199-IWKGC,0.1834,Unlikely to churn,0.8166,2026-09-13
2675-DHUTR,0.1927,Unlikely to churn,0.8073,2026-09-13
8152-VETUR,0.0664,Unlikely to churn,0.9336,2026-09-13
9667-EQRXU,0.3161,Unlikely to churn,0.6839,2026-09-13
7446-YPODE,0.2589,Unlikely to churn,0.7411,2026-09-13
9522-BNTHX,0.3359,Unlikely to churn,0.6641,2026-09-13
4676-WLUHT,0.0736,Unlikely to churn,0.9264,2026-09-13
3329-WDIOK,0.6246,Likely to churn,0.6246,2026-09-13
7980-MHFLQ,0.0431,Unlikely to churn,0.9569,2026-09-13
2873-ZLIWT,0.1773,Unlikely to churn,0.8227,2026-09-13
3415-TAILE,0.3694,Unlikely to churn,0.6306,2026-09-13
0757-WCUUZ,0.0572,Unlikely to churn,0.9428,2026-09-13
1629-DQQVB,0.2584,Unlikely to churn,0.7416,2026-09-13
1915-IOFGU,0.4112,Unlikely to churn,0.5888,2026-09-13
3045-XETSH,0.3816,Unlikely to churn,0.6184,2026-09-13
0374-AACSZ,0.4001,Unlikely to churn,0.5999,2026-09-13
7239-HZZCX,0.3568,Unlikely to churn,0.6432,2026-09-13
4872-VXRIL,0.044,Unlikely to churn,0.956,2026-09-13
9140-CZQZZ,0.0438,Unlikely to churn,0.9562,2026-09-13
3423-HHXAO,0.265,Unlikely to churn,0.735,2026-09-13
9938-TKDGL,0.0086,Unlikely to churn,0.9914,2026-09-13
0531-ZZJWQ,0.1389,Unlikely to churn,0.8611,2026-09-13
6537-QLGEX,0.3793,Unlikely to churn,0.6207,2026-09-13
2688-BHGOG,0.4694,Unlikely to churn,0.5306,2026-09-13
7683-CBDKJ,0.2915,Unlikely to churn,0.7085,2026-09-13
0946-CLJTI,0.1295,Unlikely to churn,0.8705,2026-09-13
3160-TYXLT,0.069,Unlikely to churn,0.931,2026-09-13
1325-USMEC,0.0,Unlikely to churn,1.0,2026-09-13
0916-QOFDP,0.4642,Unlikely to churn,0.5358,2026-09-13
0628-CNQRM,0.1297,Unlikely to churn,0.8703,2026-09-13
5606-AMZBO,0.3573,Unlikely to churn,0.6427,2026-09-13
6199-IPCAO,0.1644,Unlikely to churn,0.8356,2026-09-13
7665-TOALD,0.5499,Likely to churn,0.5499,2026-09-13
0112-QWPNC,0.09,Unlikely to churn,0.91,2026-09-13
0324-BRPCJ,0.1102,Unlikely to churn,0.8898,2026-09-13
2777-PHDEI,0.447,Unlikely to churn,0.553,2026-09-13
5640-CAXOA,0.2261,Unlikely to churn,0.7739,2026-09-13
2235-EZAIK,0.0,Unlikely to churn,1.0,2026-09-13
3847-BAERP,0.2928,Unlikely to churn,0.7072,2026-09-13
1196-AMORA,0.3678,Unlikely to churn,0.6322,2026-09-13
4282-YMKNA,0.4816,Unlikely to churn,0.5184,2026-09-13
1453-RZFON,0.4147,Unlikely to churn,0.5853,2026-09-13
8263-OKETD,0.2005,Unlikely to churn,0.7995,2026-09-13
0670-KDOMA,0.4143,Unlikely to churn,0.5857,2026-09-13
2476-YGEFM,0.2096,Unlikely to churn,0.7904,2026-09-13
8687-BAFGU,0.421,Unlikely to churn,0.579,2026-09-13
0641-EVBOJ,0.4135,Unlikely to churn,0.5865,2026-09-13
0829-XXPLX,0.2643,Unlikely to churn,0.7357,2026-09-13
9974-JFBHQ,0.09,Unlikely to churn,0.91,2026-09-13
5356-RHIPP,0.4502,Unlikely to churn,0.5498,2026-09-13
6624-JDRDS,0.3379,Unlikely to churn,0.6621,2026-09-13
0608-JDVEC,0.0792,Unlikely to churn,0.9208,2026-09-13
9780-FKVVF,0.3727,Unlikely to churn,0.6273,2026-09-13
1919-RTPQD,0.2955,Unlikely to churn,0.7045,2026-09-13
5214-NLTIT,0.0996,Unlikely to churn,0.9004,2026-09-13
3345-PBBFH,0.3548,Unlikely to churn,0.6452,2026-09-13
5055-BRMNE,0.0714,Unlikely to churn,0.9286,2026-09-13
9189-JWSHV,0.3731,Unlikely to churn,0.6269,2026-09-13
2190-PHBHR,0.0881,Unlikely to churn,0.9119,2026-09-13
2650-GYRYL,0.1607,Unlikely to churn,0.8393,2026-09-13
0746-JTRFU,0.5669,Likely to churn,0.5669,2026-09-13
5208-FVQKB,0.0425,Unlikely to churn,0.9575,2026-09-13
7184-LRUUR,0.1457,Unlikely to churn,0.8543,2026-09-13
6627-CFOSN,0.0512,Unlikely to churn,0.9488,2026-09-13
3982-JGSFD,0.1372,Unlikely to churn,0.8628,2026-09-13
1574-DYCWE,0.025,Unlikely to churn,0.975,2026-09-13
7247-XOZPB,0.0283,Unlikely to churn,0.9717,2026-09-13
2466-FCCPT,0.1633,Unlikely to churn,0.8367,2026-09-13
6211-WWLTF,0.0903,Unlikely to churn,0.9097,2026-09-13
4826-TZEVA,0.0852,Unlikely to churn,0.9148,2026-09-13
6016-NXBNJ,0.1312,Unlikely to churn,0.8688,2026-09-13
9138-EFSMO,0.1401,Unlikely to churn,0.8599,2026-09-13
0576-WNXXC,0.3355,Unlikely to churn,0.6645,2026-09-13
4632-XJMEX,0.0132,Unlikely to churn,0.9868,2026-09-13
8910-LEDAG,0.181,Unlikely to churn,0.819,2026-09-13
3452-GWUIN,0.4993,Unlikely to churn,0.5007,2026-09-13
2716-GFZOR,0.1208,Unlikely to churn,0.8792,2026-09-13
3724-UCSHY,0.2931,Unlikely to churn,0.7069,2026-09-13
8626-XHBIE,0.0505,Unlikely to churn,0.9495,2026-09-13
4628-CTTLA,0.0958,Unlikely to churn,0.9042,2026-09-13
3192-LNKRK,0.165,Unlikely to churn,0.835,2026-09-13
4439-YRNVD,0.3771,Unlikely to churn,0.6229,2026-09-13
2876-VBBBL,0.4143,Unlikely to churn,0.5857,2026-09-13
6834-NXDCA,0.4509,Unlikely to churn,0.5491,2026-09-13
2208-UGTGR,0.1049,Unlikely to churn,0.8951,2026-09-13
3005-TYFRD,0.09,Unlikely to churn,0.91,2026-09-13
8670-MEFCP,0.1112,Unlikely to churn,0.8888,2026-09-13
3079-BCHLN,0.0975,Unlikely to churn,0.9025,2026-09-13
7777-UNYHB,0.2453,Unlikely to churn,0.7547,2026-09-13
5597-GLBUC,0.4662,Unlikely to churn,0.5338,2026-09-13
7278-CKDNC,0.3639,Unlikely to churn,0.6361,2026-09-13
2748-MYRVK,0.0624,Unlikely to churn,0.9376,2026-09-13
8450-UYIBU,0.3638,Unlikely to churn,0.6362,2026-09-13
2969-VAPYH,0.0369,Unlikely to churn,0.9631,2026-09-13
4822-YCXMX,0.3094,Unlikely to churn,0.6906,2026-09-13
7181-OQCUT,0.326,Unlikely to churn,0.674,2026-09-13
8474-UMLNT,0.1046,Unlikely to churn,0.8954,2026-09-13
9821-POOTN,0.2536,Unlikely to churn,0.7464,2026-09-13
3836-FZSDJ,0.0851,Unlikely to churn,0.9149,2026-09-13
9142-XMYJH,0.109,Unlikely to churn,0.891,2026-09-13
6559-ILWKJ,0.007,Unlikely to churn,0.993,2026-09-13
0187-QSXOE,0.5637,Likely to churn,0.5637,2026-09-13
7733-UDMTP,0.1929,Unlikely to churn,0.8071,2026-09-13
2649-HWLYB,0.0397,Unlikely to churn,0.9603,2026-09-13
5214-CHIWJ,0.1274,Unlikely to churn,0.8726,2026-09-13
4229-CZMLL,0.469,Unlikely to churn,0.531,2026-09-13
6904-JLBGY,0.0534,Unlikely to churn,0.9466,2026-09-13
2465-BLLEU,0.4466,Unlikely to churn,0.5534,2026-09-13
1685-VAYJF,0.3063,Unlikely to churn,0.6937,2026-09-13
8874-EJNSR,0.1193,Unlikely to churn,0.8807,2026-09-13
6917-YACBP,0.1177,Unlikely to churn,0.8823,2026-09-13
5049-MUBWG,0.1157,Unlikely to churn,0.8843,2026-09-13
4223-WOZCM,0.3811,Unlikely to churn,0.6189,2026-09-13
0769-MURVM,0.0403,Unlikely to churn,0.9597,2026-09-13
9253-VIFJQ,0.0,Unlikely to churn,1.0,2026-09-13
7030-FZTFM,0.0306,Unlikely to churn,0.9694,2026-09-13
9741-YLNTD,0.4032,Unlikely to churn,0.5968,2026-09-13
5917-RYRMG,0.0803,Unlikely to churn,0.9197,2026-09-13
5120-ZBLAI,0.0485,Unlikely to churn,0.9515,2026-09-13
1194-BHJYC,0.1113,Unlikely to churn,0.8887,2026-09-13
3663-MITLP,0.4279,Unlikely to churn,0.5721,2026-09-13
0906-QVPMS,0.0744,Unlikely to churn,0.9256,2026-09-13
9025-ZRPVR,0.3666,Unlikely to churn,0.6334,2026-09-13
1905-OEILC,0.3458,Unlikely to churn,0.6542,2026-09-13
7858-GTZSP,0.4068,Unlikely to churn,0.5932,2026-09-13
3285-UCQVC,0.0931,Unlikely to churn,0.9069,2026-09-13
6248-BSHKG,0.0169,Unlikely to churn,0.9831,2026-09-13
4685-TFLLS,0.1523,Unlikely to churn,0.8477,2026-09-13
3470-BTGQO,0.2094,Unlikely to churn,0.7906,2026-09-13
1209-VFFOC,0.0,Unlikely to churn,1.0,2026-09-13
8224-DWCKX,0.3763,Unlikely to churn,0.6237,2026-09-13
5482-PLVPE,0.542,Likely to churn,0.542,2026-09-13
4553-DVPZG,0.1332,Unlikely to churn,0.8668,2026-09-13
4902-OHLSK,0.2419,Unlikely to churn,0.7581,2026-09-13
6917-IAYHD,0.4533,Unlikely to churn,0.5467,2026-09-13
0495-ZBNGW,0.4625,Unlikely to churn,0.5375,2026-09-13
8620-RJPZN,0.3584,Unlikely to churn,0.6416,2026-09-13
7572-KPVKK,0.1093,Unlikely to churn,0.8907,2026-09-13
2642-MAWLJ,0.0627,Unlikely to churn,0.9373,2026-09-13
2357-COQEK,0.3363,Unlikely to churn,0.6637,2026-09-13
7103-ZGVNT,0.0825,Unlikely to churn,0.9175,2026-09-13
3737-GCSPV,0.3804,Unlikely to churn,0.6196,2026-09-13
2027-WKXMW,0.1338,Unlikely to churn,0.8662,2026-09-13
7137-NAXML,0.15,Unlikely to churn,0.85,2026-09-13
2428-ZMCTB,0.185,Unlikely to churn,0.815,2026-09-13
2961-VNFKL,0.0702,Unlikely to churn,0.9298,2026-09-13
1768-HNVGJ,0.102,Unlikely to churn,0.898,2026-09-13
6963-KQYQB,0.0318,Unlikely to churn,0.9682,2026-09-13
5934-RMPOV,0.2363,Unlikely to churn,0.7637,2026-09-13
1207-BLKSA,0.0,Unlikely to churn,1.0,2026-09-13
4088-YLDSU,0.1615,Unlikely to churn,0.8385,2026-09-13
8316-BBQAY,0.0266,Unlikely to churn,0.9734,2026-09-13
1166-PQLGG,0.0,Unlikely to churn,1.0,2026-09-13
3146-JTQHR,0.2381,Unlikely to churn,0.7619,2026-09-13
4291-YZODP,0.3102,Unlikely to churn,0.6898,2026-09-13
4395-PZMSN,0.5366,Likely to churn,0.5366,2026-09-13
6427-FEFIG,0.144,Unlikely to churn,0.856,2026-09-13
0017-IUDMW,0.0523,Unlikely to churn,0.9477,2026-09-13
8706-HRADD,0.3424,Unlikely to churn,0.6576,2026-09-13
9955-QOPOY,0.0999,Unlikely to churn,0.9001,2026-09-13
4385-ZKVNW,0.0839,Unlikely to churn,0.9161,2026-09-13
5446-DKWYW,0.066,Unlikely to churn,0.934,2026-09-13
2034-CGRHZ,0.3453,Unlikely to churn,0.6547,2026-09-13
5797-APWZC,0.5119,Likely to churn,0.5119,2026-09-13
3683-QKIUE,0.3746,Unlikely to churn,0.6254,2026-09-13
4228-ZGYUW,0.4773,Unlikely to churn,0.5227,2026-09-13
9031-ZVQPT,0.1208,Unlikely to churn,0.8792,2026-09-13
2990-IAJSV,0.0639,Unlikely to churn,0.9361,2026-09-13
8107-KNCIM,0.4713,Unlikely to churn,0.5287,2026-09-13
9027-YFHQJ,0.3812,Unlikely to churn,0.6188,2026-09-13
5176-LDKUH,0.0894,Unlikely to churn,0.9106,2026-09-13
4644-OBGFZ,0.0898,Unlikely to churn,0.9102,2026-09-13
7926-IJOOU,0.3059,Unlikely to churn,0.6941,2026-09-13
6480-YAGIY,0.1987,Unlikely to churn,0.8013,2026-09-13
4029-HPFVY,0.4701,Unlikely to churn,0.5299,2026-09-13
7602-DBTOU,0.0045,Unlikely to churn,0.9955,2026-09-13
5345-BMKWB,0.2998,Unlikely to churn,0.7002,2026-09-13
3519-ZKXGG,0.5458,Likely to churn,0.5458,2026-09-13
5457-COLHT,0.0838,Unlikely to churn,0.9162,2026-09-13
6416-TVAIH,0.4604,Unlikely to churn,0.5396,2026-09-13
5451-YHYPW,0.0989,Unlikely to churn,0.9011,2026-09-13
5108-ADXWO,0.4323,Unlikely to churn,0.5677,2026-09-13
7998-WNZEM,0.0411,Unlikely to churn,0.9589,2026-09-13
3066-RRJIO,0.4963,Unlikely to churn,0.5037,2026-09-13
4664-NJCMS,0.2173,Unlikely to churn,0.7827,2026-09-13
0307-BCOPK,0.247,Unlikely to churn,0.753,2026-09-13
7629-WFGLW,0.0983,Unlikely to churn,0.9017,2026-09-13
2542-HYGIQ,0.2973,Unlikely to churn,0.7027,2026-09-13
6715-OFDBP,0.4578,Unlikely to churn,0.5422,2026-09-13
5016-LIPDW,0.0353,Unlikely to churn,0.9647,2026-09-13
6481-LXPWL,0.0893,Unlikely to churn,0.9107,2026-09-13
1567-DSCIC,0.4181,Unlikely to churn,0.5819,2026-09-13
2150-UWTFY,0.1386,Unlikely to churn,0.8614,2026-09-13
6124-ACRHJ,0.3128,Unlikely to churn,0.6872,2026-09-13
9362-MWODR,0.0801,Unlikely to churn,0.9199,2026-09-13
9975-GPKZU,0.0546,Unlikely to churn,0.9454,2026-09-13
9625-RZFUK,0.0285,Unlikely to churn,0.9715,2026-09-13
5153-LXKDT,0.0843,Unlikely to churn,0.9157,2026-09-13
5161-UBZXI,0.0708,Unlikely to churn,0.9292,2026-09-13
1020-JPQOW,0.055,Unlikely to churn,0.945,2026-09-13
7919-ZODZZ,0.3261,Unlikely to churn,0.6739,2026-09-13
0565-JUPYD,0.0324,Unlikely to churn,0.9676,2026-09-13
6867-ACCZI,0.2243,Unlikely to churn,0.7757,2026-09-13
5939-XAIXZ,0.3397,Unlikely to churn,0.6603,2026-09-13
9054-FOWNV,0.2193,Unlikely to churn,0.7807,2026-09-13
2683-BPJSO,0.2422,Unlikely to churn,0.7578,2026-09-13
2157-MXBJS,0.4277,Unlikely to churn,0.5723,2026-09-13
8207-VVMYB,0.0,Unlikely to churn,1.0,2026-09-13
9732-EQMWY,0.1594,Unlikely to churn,0.8406,2026-09-13
9360-AHGNL,0.2831,Unlikely to churn,0.7169,2026-09-13
1087-UDSIH,0.4024,Unlikely to churn,0.5976,2026-09-13
5269-NRGDP,0.1016,Unlikely to churn,0.8984,2026-09-13
6195-MELTI,0.1156,Unlikely to churn,0.8844,2026-09-13
5485-WUYWF,0.2711,Unlikely to churn,0.7289,2026-09-13
2121-JAFOM,0.0875,Unlikely to churn,0.9125,2026-09-13
8818-DOPVL,0.2018,Unlikely to churn,0.7982,2026-09-13
2632-UCGVD,0.0914,Unlikely to churn,0.9086,2026-09-13
5445-PZWGX,0.0357,Unlikely to churn,0.9643,2026-09-13
1227-UDMZR,0.0516,Unlikely to churn,0.9484,2026-09-13
5198-HQAEN,0.2123,Unlikely to churn,0.7877,2026-09-13
9170-CCKOU,0.2027,Unlikely to churn,0.7973,2026-09-13
2167-FQSTQ,0.0155,Unlikely to churn,0.9845,2026-09-13
2819-GWENI,0.0942,Unlikely to churn,0.9058,2026-09-13
1043-YCUTE,0.0712,Unlikely to churn,0.9288,2026-09-13
3814-MLAXC,0.2681,Unlikely to churn,0.7319,2026-09-13
3572-UUHRS,0.0695,Unlikely to churn,0.9305,2026-09-13
2692-PFYTJ,0.4421,Unlikely to churn,0.5579,2026-09-13
1226-UDFZR,0.5005,Likely to churn,0.5005,2026-09-13
5955-EPOAZ,0.3777,Unlikely to churn,0.6223,2026-09-13
6821-JPCDC,0.1625,Unlikely to churn,0.8375,2026-09-13
8815-LMFLX,0.1411,Unlikely to churn,0.8589,2026-09-13
9135-HSWOC,0.0744,Unlikely to churn,0.9256,2026-09-13
8582-KRHPJ,0.0511,Unlikely to churn,0.9489,2026-09-13
5811-IWXYM,0.1122,Unlikely to churn,0.8878,2026-09-13
7044-YAACC,0.5302,Likely to churn,0.5302,2026-09-13
8189-XRIKE,0.2565,Unlikely to churn,0.7435,2026-09-13
1506-YJTYT,0.1003,Unlikely to churn,0.8997,2026-09-13
4123-DVHPH,0.4149,Unlikely to churn,0.5851,2026-09-13
6425-YQLLO,0.0786,Unlikely to churn,0.9214,2026-09-13
5442-UTCVD,0.3489,Unlikely to churn,0.6511,2026-09-13
2228-BZDEE,0.063,Unlikely to churn,0.937,2026-09-13
7734-DBOAI,0.3983,Unlikely to churn,0.6017,2026-09-13
2789-CZANW,0.0023,Unlikely to churn,0.9977,2026-09-13
2091-RFFBA,0.2752,Unlikely to churn,0.7248,2026-09-13
2114-MGINA,0.4969,Unlikely to churn,0.5031,2026-09-13
7596-LDUXP,0.3324,Unlikely to churn,0.6676,2026-09-13
3740-RLMVT,0.0642,Unlikely to churn,0.9358,2026-09-13
4489-SNOJF,0.0814,Unlikely to churn,0.9186,2026-09-13
2192-OZITF,0.0633,Unlikely to churn,0.9367,2026-09-13
5651-CPDND,0.3798,Unlikely to churn,0.6202,2026-09-13
2186-QZEYA,0.2132,Unlikely to churn,0.7868,2026-09-13
1131-ALZWV,0.1322,Unlikely to churn,0.8678,2026-09-13
7729-XBTWX,0.0704,Unlikely to churn,0.9296,2026-09-13
9134-WYRVP,0.069,Unlikely to churn,0.931,2026-09-13
3284-SVCRO,0.0652,Unlikely to churn,0.9348,2026-09-13
9732-OUYRN,0.051,Unlikely to churn,0.949,2026-09-13
0559-CKHUS,0.199,Unlikely to churn,0.801,2026-09-13
2931-SVLTV,0.1687,Unlikely to churn,0.8313,2026-09-13
6899-PPEEA,0.3885,Unlikely to churn,0.6115,2026-09-13
7504-UWHNB,0.2434,Unlikely to churn,0.7566,2026-09-13
2582-FFFZR,0.3273,Unlikely to churn,0.6727,2026-09-13
8908-NMQTX,0.051,Unlikely to churn,0.949,2026-09-13
2187-LZGPL,0.4226,Unlikely to churn,0.5774,2026-09-13
1431-AIDJQ,0.1019,Unlikely to churn,0.8981,2026-09-13
6288-LBEAR,0.2801,Unlikely to churn,0.7199,2026-09-13
4597-NUCQV,0.4232,Unlikely to churn,0.5768,2026-09-13
9019-QVLZD,0.419,Unlikely to churn,0.581,2026-09-13
8413-YNHNV,0.057,Unlikely to churn,0.943,2026-09-13
5808-TOTXO,0.2958,Unlikely to churn,0.7042,2026-09-13
4369-NYSCF,0.047,Unlikely to churn,0.953,2026-09-13
6333-YDVLT,0.1703,Unlikely to churn,0.8297,2026-09-13
5324-KTGCG,0.0043,Unlikely to churn,0.9957,2026-09-13
5599-HVLTW,0.3695,Unlikely to churn,0.6305,2026-09-13
7394-LWLYN,0.4703,Unlikely to churn,0.5297,2026-09-13
3707-LRWZD,0.1992,Unlikely to churn,0.8008,2026-09-13
6873-UDNLD,0.064,Unlikely to churn,0.936,2026-09-13
2700-LUEVA,0.2799,Unlikely to churn,0.7201,2026-09-13
1455-ESIQH,0.6177,Likely to churn,0.6177,2026-09-13
0958-YHXGP,0.4778,Unlikely to churn,0.5222,2026-09-13
1101-SSWAG,0.4099,Unlikely to churn,0.5901,2026-09-13
2979-SXESE,0.173,Unlikely to churn,0.827,2026-09-13
4013-TLDHQ,0.3592,Unlikely to churn,0.6408,2026-09-13
5743-KHMNA,0.0,Unlikely to churn,1.0,2026-09-13
4194-FJARJ,0.0935,Unlikely to churn,0.9065,2026-09-13
5325-UWTWJ,0.2287,Unlikely to churn,0.7713,2026-09-13
3969-GYXEL,0.3351,Unlikely to churn,0.6649,2026-09-13
9208-OLGAQ,0.3399,Unlikely to churn,0.6601,2026-09-13
3244-CQPHU,0.0755,Unlikely to churn,0.9245,2026-09-13
2674-MLXMN,0.0684,Unlikely to churn,0.9316,2026-09-13
9708-HPXWZ,0.3668,Unlikely to churn,0.6332,2026-09-13
6992-TKNYO,0.0767,Unlikely to churn,0.9233,2026-09-13
4468-YDOVK,0.2744,Unlikely to churn,0.7256,2026-09-13
3754-DXMRT,0.5704,Likely to churn,0.5704,2026-09-13
5792-JALQC,0.0665,Unlikely to churn,0.9335,2026-09-13
7130-VTEWQ,0.4954,Unlikely to churn,0.5046,2026-09-13
2200-DSAAL,0.0475,Unlikely to churn,0.9525,2026-09-13
4302-ZYFEL,0.0369,Unlikely to churn,0.9631,2026-09-13
9351-LZYGF,0.0718,Unlikely to churn,0.9282,2026-09-13
4366-CTOUZ,0.096,Unlikely to churn,0.904,2026-09-13
6121-VZNQB,0.4461,Unlikely to churn,0.5539,2026-09-13
7903-CMPEY,0.5829,Likely to churn,0.5829,2026-09-13
1518-OMDIK,0.1834,Unlikely to churn,0.8166,2026-09-13
6671-NGWON,0.2536,Unlikely to churn,0.7464,2026-09-13
0595-ITUDF,0.0693,Unlikely to churn,0.9307,2026-09-13
6996-KNSML,0.4585,Unlikely to churn,0.5415,2026-09-13
1955-IBMMB,0.016,Unlikely to churn,0.984,2026-09-13
0096-BXERS,0.3685,Unlikely to churn,0.6315,2026-09-13
3806-YAZOV,0.3471,Unlikely to churn,0.6529,2026-09-13
7998-ZLXWN,0.1767,Unlikely to churn,0.8233,2026-09-13
6253-WRFHY,0.3992,Unlikely to churn,0.6008,2026-09-13
9133-AYJZG,0.3707,Unlikely to churn,0.6293,2026-09-13
2675-OTVVJ,0.2325,Unlikely to churn,0.7675,2026-09-13
8680-CGLTP,0.2196,Unlikely to churn,0.7804,2026-09-13
8430-TWCBX,0.041,Unlikely to churn,0.959,2026-09-13
5018-GWURO,0.085,Unlikely to churn,0.915,2026-09-13
6741-QRLUP,0.0,Unlikely to churn,1.0,2026-09-13
4737-HOBAX,0.0735,Unlikely to churn,0.9265,2026-09-13
0537-QYZZN,0.3267,Unlikely to churn,0.6733,2026-09-13
3340-QBBFM,0.1167,Unlikely to churn,0.8833,2026-09-13
1704-NRWYE,0.4746,Unlikely to churn,0.5254,2026-09-13
2592-SEIFQ,0.4799,Unlikely to churn,0.5201,2026-09-13
8200-KLNYW,0.1595,Unlikely to churn,0.8405,2026-09-13
3372-CDXFJ,0.1607,Unlikely to churn,0.8393,2026-09-13
4781-ZXYGU,0.3062,Unlikely to churn,0.6938,2026-09-13
7632-YUTXB,0.196,Unlikely to churn,0.804,2026-09-13
2718-YSKCS,0.0499,Unlikely to churn,0.9501,2026-09-13
9896-UYMIE,0.0047,Unlikely to churn,0.9953,2026-09-13
0853-NWIFK,0.1461,Unlikely to churn,0.8539,2026-09-13
8212-CRQXP,0.2682,Unlikely to churn,0.7318,2026-09-13
6980-CDGFC,0.0205,Unlikely to churn,0.9795,2026-09-13
7691-XVTZH,0.021,Unlikely to churn,0.979,2026-09-13
2520-SGTTA,0.3779,Unlikely to churn,0.6221,2026-09-13
7481-ATQQS,0.1456,Unlikely to churn,0.8544,2026-09-13
2277-VWCNI,0.4472,Unlikely to churn,0.5528,2026-09-13
1088-CNNKB,0.0075,Unlikely to churn,0.9925,2026-09-13
8642-GVWRF,0.3505,Unlikely to churn,0.6495,2026-09-13
1930-BZLHI,0.2296,Unlikely to churn,0.7704,2026-09-13
3400-ESFUW,0.0292,Unlikely to churn,0.9708,2026-09-13
5868-YTYKS,0.4062,Unlikely to churn,0.5938,2026-09-13
3525-DVKFN,0.1547,Unlikely to churn,0.8453,2026-09-13
1482-OXZSY,0.3252,Unlikely to churn,0.6748,2026-09-13
0377-JBKKT,0.2211,Unlikely to churn,0.7789,2026-09-13
5778-BVOFB,0.3786,Unlikely to churn,0.6214,2026-09-13
3373-YZZYM,0.2752,Unlikely to churn,0.7248,2026-09-13
2057-ZBLPD,0.3258,Unlikely to churn,0.6742,2026-09-13
0228-MAUWC,0.1936,Unlikely to churn,0.8064,2026-09-13
5502-RLUYV,0.0873,Unlikely to churn,0.9127,2026-09-13
0023-HGHWL,0.6159,Likely to churn,0.6159,2026-09-13
7663-YJHSN,0.0297,Unlikely to churn,0.9703,2026-09-13
4915-BFSXL,0.0,Unlikely to churn,1.0,2026-09-13
3086-RUCRN,0.0124,Unlikely to churn,0.9876,2026-09-13
5215-LNLDJ,0.4675,Unlikely to churn,0.5325,2026-09-13
7576-JMYWV,0.1701,Unlikely to churn,0.8299,2026-09-13
9039-RBEEE,0.1225,Unlikely to churn,0.8775,2026-09-13
0257-KXZGU,0.1614,Unlikely to churn,0.8386,2026-09-13
1307-ATKGB,0.2789,Unlikely to churn,0.7211,2026-09-13
8417-FMLZI,0.3817,Unlikely to churn,0.6183,2026-09-13
3714-XPXBW,0.0877,Unlikely to churn,0.9123,2026-09-13
1850-AKQEP,0.2472,Unlikely to churn,0.7528,2026-09-13
2824-DXNKN,0.0256,Unlikely to churn,0.9744,2026-09-13
5227-JSCFE,0.0,Unlikely to churn,1.0,2026-09-13
0848-ZGQIJ,0.4131,Unlikely to churn,0.5869,2026-09-13
3621-CHYVB,0.0716,Unlikely to churn,0.9284,2026-09-13
8042-RNLKO,0.0484,Unlikely to churn,0.9516,2026-09-13
1792-UXAFY,0.3314,Unlikely to churn,0.6686,2026-09-13
5372-FBKBN,0.1457,Unlikely to churn,0.8543,2026-09-13
0420-TXVSG,0.0132,Unlikely to churn,0.9868,2026-09-13
6217-TOWGS,0.343,Unlikely to churn,0.657,2026-09-13
0515-YPMCW,0.485,Unlikely to churn,0.515,2026-09-13
0378-XSZPU,0.054,Unlikely to churn,0.946,2026-09-13
1045-LTCYT,0.2462,Unlikely to churn,0.7538,2026-09-13
1544-JJMYL,0.1416,Unlikely to churn,0.8584,2026-09-13
4636-JGAAI,0.1996,Unlikely to churn,0.8004,2026-09-13
6874-SGLHU,0.2278,Unlikely to churn,0.7722,2026-09-13
5951-AOFIH,0.112,Unlikely to churn,0.888,2026-09-13
4729-XKASR,0.3994,Unlikely to churn,0.6006,2026-09-13
3059-NGMXB,0.2127,Unlikely to churn,0.7873,2026-09-13
8652-YHIYU,0.2756,Unlikely to churn,0.7244,2026-09-13
5278-PNYOX,0.0561,Unlikely to churn,0.9439,2026-09-13
5449-FIBXJ,0.2598,Unlikely to churn,0.7402,2026-09-13
3486-HOOGQ,0.0,Unlikely to churn,1.0,2026-09-13
5061-PBXFW,0.0966,Unlikely to churn,0.9034,2026-09-13
8630-FJLIB,0.3042,Unlikely to churn,0.6958,2026-09-13
3891-NLXJB,0.2079,Unlikely to churn,0.7921,2026-09-13
4749-OJKQU,0.5232,Likely to churn,0.5232,2026-09-13
0577-WHMEV,0.3179,Unlikely to churn,0.6821,2026-09-13
5453-AXEPF,0.3411,Unlikely to churn,0.6589,2026-09-13
3639-XJHKQ,0.2256,Unlikely to churn,0.7744,2026-09-13
3716-LRGXK,0.1043,Unlikely to churn,0.8957,2026-09-13
2263-SFSQZ,0.0341,Unlikely to churn,0.9659,2026-09-13
9950-MTGYX,0.114,Unlikely to churn,0.886,2026-09-13
3397-AVTKU,0.1584,Unlikely to churn,0.8416,2026-09-13
4825-FUREZ,0.0225,Unlikely to churn,0.9775,2026-09-13
9837-BMCLM,0.4921,Unlikely to churn,0.5079,2026-09-13
2672-OJQZP,0.3847,Unlikely to churn,0.6153,2026-09-13
0137-UDEUO,0.3277,Unlikely to churn,0.6723,2026-09-13
3134-DSHVC,0.0099,Unlikely to churn,0.9901,2026-09-13
6161-UUUTA,0.5487,Likely to churn,0.5487,2026-09-13
7821-DPRQE,0.0909,Unlikely to churn,0.9091,2026-09-13
6543-XRMYR,0.4049,Unlikely to churn,0.5951,2026-09-13
2001-EWBQU,0.089,Unlikely to churn,0.911,2026-09-13
4925-LMHOK,0.2618,Unlikely to churn,0.7382,2026-09-13
1608-GMEWB,0.2016,Unlikely to churn,0.7984,2026-09-13
6695-AMZUF,0.0,Unlikely to churn,1.0,2026-09-13
1455-UGQVH,0.5143,Likely to churn,0.5143,2026-09-13
8410-BGQXN,0.3316,Unlikely to churn,0.6684,2026-09-13
8280-MQRQN,0.5645,Likely to churn,0.5645,2026-09-13
1619-YWUBB,0.0169,Unlikely to churn,0.9831,2026-09-13
7611-YKYTC,0.154,Unlikely to churn,0.846,2026-09-13
2037-SGXHH,0.1539,Unlikely to churn,0.8461,2026-09-13
3178-FESZO,0.5276,Likely to churn,0.5276,2026-09-13
0365-GXEZS,0.2562,Unlikely to churn,0.7438,2026-09-13
0082-OQIQY,0.3164,Unlikely to churn,0.6836,2026-09-13
6087-MVHJH,0.3934,Unlikely to churn,0.6066,2026-09-13
4603-JANFB,0.5063,Likely to churn,0.5063,2026-09-13
3018-TFTSU,0.2713,Unlikely to churn,0.7287,2026-09-13
3606-SBKRY,0.3444,Unlikely to churn,0.6556,2026-09-13
4806-KEXQR,0.4869,Unlikely to churn,0.5131,2026-09-13
0667-NSRGI,0.0947,Unlikely to churn,0.9053,2026-09-13
7083-YNSKY,0.3305,Unlikely to churn,0.6695,2026-09-13
6893-ODYYE,0.0621,Unlikely to churn,0.9379,2026-09-13
8242-JSVBO,0.3954,Unlikely to churn,0.6046,2026-09-13
2479-BRAMR,0.1437,Unlikely to churn,0.8563,2026-09-13
9541-ZPSEA,0.0832,Unlikely to churn,0.9168,2026-09-13
2665-NPTGL,0.3728,Unlikely to churn,0.6272,2026-09-13
1139-WUOAH,0.0522,Unlikely to churn,0.9478,2026-09-13
4693-VWVBO,0.3393,Unlikely to churn,0.6607,2026-09-13
7434-SHXLS,0.3552,Unlikely to churn,0.6448,2026-09-13
6937-GCDGQ,0.2106,Unlikely to churn,0.7894,2026-09-13
0988-JRWWP,0.5029,Likely to churn,0.5029,2026-09-13
5075-JSDKI,0.0557,Unlikely to churn,0.9443,2026-09-13
7908-QCBCA,0.5407,Likely to churn,0.5407,2026-09-13
8644-XYTSV,0.1519,Unlikely to churn,0.8481,2026-09-13
6711-FLDFB,0.4923,Unlikely to churn,0.5077,2026-09-13
3873-WOSBC,0.033,Unlikely to churn,0.967,2026-09-13
7465-ZZRVX,0.5281,Likely to churn,0.5281,2026-09-13
7975-JMZNT,0.0168,Unlikely to churn,0.9832,2026-09-13
7251-XFOIL,0.1174,Unlikely to churn,0.8826,2026-09-13
4116-IQRFR,0.2116,Unlikely to churn,0.7884,2026-09-13
3714-JTVOV,0.177,Unlikely to churn,0.823,2026-09-13
8259-DZLIZ,0.0384,Unlikely to churn,0.9616,2026-09-13
0442-ZXKVS,0.1853,Unlikely to churn,0.8147,2026-09-13
7853-WNZSY,0.3491,Unlikely to churn,0.6509,2026-09-13
3120-FAZKD,0.0303,Unlikely to churn,0.9697,2026-09-13
8606-OEGQZ,0.1147,Unlikely to churn,0.8853,2026-09-13
0225-ZORZP,0.3884,Unlikely to churn,0.6116,2026-09-13
4702-IOQDC,0.4844,Unlikely to churn,0.5156,2026-09-13
9489-JMTTN,0.0085,Unlikely to churn,0.9915,2026-09-13
0575-CUQOV,0.0698,Unlikely to churn,0.9302,2026-09-13
0967-BMLBD,0.3032,Unlikely to churn,0.6968,2026-09-13
6178-KFNHS,0.3393,Unlikely to churn,0.6607,2026-09-13
2830-LEWOA,0.0059,Unlikely to churn,0.9941,2026-09-13
5006-MXVRN,0.1084,Unlikely to churn,0.8916,2026-09-13
1264-BYWMS,0.1311,Unlikely to churn,0.8689,2026-09-13
9658-WYUFB,0.3595,Unlikely to churn,0.6405,2026-09-13
8327-WKMIE,0.0612,Unlikely to churn,0.9388,2026-09-13
6917-FIJHC,0.0867,Unlikely to churn,0.9133,2026-09-13
5329-KRDTM,0.0478,Unlikely to churn,0.9522,2026-09-13
7797-EJMDP,0.1809,Unlikely to churn,0.8191,2026-09-13
3530-VWVGU,0.1208,Unlikely to churn,0.8792,2026-09-13
2013-SGDXK,0.4162,Unlikely to churn,0.5838,2026-09-13
6368-NWMCE,0.0722,Unlikely to churn,0.9278,2026-09-13
3633-CDBUW,0.1878,Unlikely to churn,0.8122,2026-09-13
0707-HOVVN,0.0754,Unlikely to churn,0.9246,2026-09-13
8580-QVLOC,0.0046,Unlikely to churn,0.9954,2026-09-13
3956-MGXOG,0.2868,Unlikely to churn,0.7132,2026-09-13
9274-UARKJ,0.3263,Unlikely to churn,0.6737,2026-09-13
4077-HWUYD,0.0564,Unlikely to churn,0.9436,2026-09-13
2012-NWRPA,0.5289,Likely to churn,0.5289,2026-09-13
8808-ELEHO,0.4796,Unlikely to churn,0.5204,2026-09-13
0103-CSITQ,0.0561,Unlikely to churn,0.9439,2026-09-13
3506-LCJDC,0.2275,Unlikely to churn,0.7725,2026-09-13
8671-KKKOS,0.1201,Unlikely to churn,0.8799,2026-09-13
7305-ZWMAJ,0.1096,Unlikely to churn,0.8904,2026-09-13
9518-XXBXE,0.3696,Unlikely to churn,0.6304,2026-09-13
3934-HXCFZ,0.3066,Unlikely to churn,0.6934,2026-09-13
6578-KRMAW,0.1323,Unlikely to churn,0.8677,2026-09-13
4860-IJUDE,0.3156,Unlikely to churn,0.6844,2026-09-13
7666-WKRON,0.186,Unlikely to churn,0.814,2026-09-13
9688-YGXVR,0.0988,Unlikely to churn,0.9012,2026-09-13
0423-UDIJQ,0.3912,Unlikely to churn,0.6088,2026-09-13
1945-XISKS,0.0573,Unlikely to churn,0.9427,2026-09-13
4910-AQFFX,0.3467,Unlikely to churn,0.6533,2026-09-13
2154-KVJFF,0.4307,Unlikely to churn,0.5693,2026-09-13
5360-LJCNJ,0.0268,Unlikely to churn,0.9732,2026-09-13
2607-FBDFF,0.334,Unlikely to churn,0.666,2026-09-13
9647-ERGBE,0.3069,Unlikely to churn,0.6931,2026-09-13
3428-XZMAZ,0.4959,Unlikely to churn,0.5041,2026-09-13
1100-DDVRV,0.468,Unlikely to churn,0.532,2026-09-13
0378-TOVMS,0.3504,Unlikely to churn,0.6496,2026-09-13
4355-HBJHH,0.0777,Unlikely to churn,0.9223,2026-09-13
6728-WYQBC,0.3254,Unlikely to churn,0.6746,2026-09-13
9058-CBREO,0.4785,Unlikely to churn,0.5215,2026-09-13
9029-FEGVJ,0.1602,Unlikely to churn,0.8398,2026-09-13
7216-KAOID,0.0302,Unlikely to churn,0.9698,2026-09-13
0318-QUUOB,0.547,Likely to churn,0.547,2026-09-13
6145-NNPNO,0.3556,Unlikely to churn,0.6444,2026-09-13
5520-FVEWJ,0.266,Unlikely to churn,0.734,2026-09-13
5339-TJFEK,0.1393,Unlikely to churn,0.8607,2026-09-13
5572-ZDXHY,0.3,Unlikely to churn,0.7,2026-09-13
2074-GUHPQ,0.2142,Unlikely to churn,0.7858,2026-09-13
4625-XMOYM,0.0553,Unlikely to churn,0.9447,2026-09-13
5827-MWCZK,0.0559,Unlikely to churn,0.9441,2026-09-13
1385-TQOZW,0.277,Unlikely to churn,0.723,2026-09-13
5914-XRFQB,0.073,Unlikely to churn,0.927,2026-09-13
4329-YPDDQ,0.3237,Unlikely to churn,0.6763,2026-09-13
4804-NCPET,0.2158,Unlikely to churn,0.7842,2026-09-13
3750-CKVKH,0.5186,Likely to churn,0.5186,2026-09-13
5944-UGLLK,0.1012,Unlikely to churn,0.8988,2026-09-13
8063-GBATB,0.3632,Unlikely to churn,0.6368,2026-09-13
7787-BNTZM,0.2101,Unlikely to churn,0.7899,2026-09-13
2252-ISRNH,0.4122,Unlikely to churn,0.5878,2026-09-13
9415-TPKRV,0.2846,Unlikely to churn,0.7154,2026-09-13
5322-TEUJK,0.0453,Unlikely to churn,0.9547,2026-09-13
4547-KQRTM,0.3623,Unlikely to churn,0.6377,2026-09-13
4877-EVATK,0.36,Unlikely to churn,0.64,2026-09-13
1866-DIOQZ,0.0352,Unlikely to churn,0.9648,2026-09-13
8375-KVTHK,0.0,Unlikely to churn,1.0,2026-09-13
2697-NQBPF,0.2861,Unlikely to churn,0.7139,2026-09-13
3709-OIJEA,0.2723,Unlikely to churn,0.7277,2026-09-13
7639-SUPCW,0.2444,Unlikely to churn,0.7556,2026-09-13
1386-ZIKUV,0.3657,Unlikely to churn,0.6343,2026-09-13
0599-XNYDO,0.3435,Unlikely to churn,0.6565,2026-09-13
6377-WHAOX,0.1421,Unlikely to churn,0.8579,2026-09-13
6855-VLGOS,0.0331,Unlikely to churn,0.9669,2026-09-13
8999-XXGNS,0.1116,Unlikely to churn,0.8884,2026-09-13
8746-OQQRW,0.3403,Unlikely to churn,0.6597,2026-09-13
3181-MIZBN,0.1588,Unlikely to churn,0.8412,2026-09-13
0471-ARVMX,0.064,Unlikely to churn,0.936,2026-09-13
7766-CLTIC,0.3783,Unlikely to churn,0.6217,2026-09-13
5650-YLIBA,0.2865,Unlikely to churn,0.7135,2026-09-13
0825-CPPQH,0.009,Unlikely to churn,0.991,2026-09-13
9084-OAYKL,0.0672,Unlikely to churn,0.9328,2026-09-13
6122-LJADA,0.0401,Unlikely to churn,0.9599,2026-09-13
2400-XIWIO,0.0751,Unlikely to churn,0.9249,2026-09-13
7524-VRLPL,0.0171,Unlikely to churn,0.9829,2026-09-13
1069-XAIEM,0.5849,Likely to churn,0.5849,2026-09-13
7569-NMZYQ,0.0692,Unlikely to churn,0.9308,2026-09-13
5201-USSQZ,0.2255,Unlikely to churn,0.7745,2026-09-13
2105-PHWON,0.1416,Unlikely to churn,0.8584,2026-09-13
1494-EJZDW,0.2173,Unlikely to churn,0.7827,2026-09-13
4884-TVUQF,0.0894,Unlikely to churn,0.9106,2026-09-13
8003-EWNDZ,0.3911,Unlikely to churn,0.6089,2026-09-13
1897-RCFUM,0.1291,Unlikely to churn,0.8709,2026-09-13
9256-JTBNZ,0.2001,Unlikely to churn,0.7999,2026-09-13
4658-HCOHW,0.3171,Unlikely to churn,0.6829,2026-09-13
2211-RMNHO,0.054,Unlikely to churn,0.946,2026-09-13
2432-TFSMK,0.2819,Unlikely to churn,0.7181,2026-09-13
3440-JPSCL,0.505,Likely to churn,0.505,2026-09-13
4929-ROART,0.2903,Unlikely to churn,0.7097,2026-09-13
1834-ABKHQ,0.1308,Unlikely to churn,0.8692,2026-09-13
1741-WTPON,0.1015,Unlikely to churn,0.8985,2026-09-13
3932-IJWDZ,0.1655,Unlikely to churn,0.8345,2026-09-13
1240-HCBOH,0.0448,Unlikely to churn,0.9552,2026-09-13
3594-KADLU,0.442,Unlikely to churn,0.558,2026-09-13
8065-BVEPF,0.0857,Unlikely to churn,0.9143,2026-09-13
3796-ENZGF,0.0449,Unlikely to churn,0.9551,2026-09-13
1734-ZMNTZ,0.2026,Unlikely to churn,0.7974,2026-09-13
2853-CWQFQ,0.4686,Unlikely to churn,0.5314,2026-09-13
0813-TAXXS,0.0584,Unlikely to churn,0.9416,2026-09-13
2519-TWKFS,0.2436,Unlikely to churn,0.7564,2026-09-13
2889-FPWRM,0.0677,Unlikely to churn,0.9323,2026-09-13
0626-QXNGV,0.0895,Unlikely to churn,0.9105,2026-09-13
6723-CEGQI,0.0284,Unlikely to churn,0.9716,2026-09-13
6987-XQSJT,0.1185,Unlikely to churn,0.8815,2026-09-13
4732-RRJZC,0.2393,Unlikely to churn,0.7607,2026-09-13
9499-XPZXM,0.0763,Unlikely to churn,0.9237,2026-09-13
4338-EYCER,0.1096,Unlikely to churn,0.8904,2026-09-13
3007-FDPEA,0.3383,Unlikely to churn,0.6617,2026-09-13
6350-XFYGW,0.6576,Likely to churn,0.6576,2026-09-13
4290-BSXUX,0.4636,Unlikely to churn,0.5364,2026-09-13
8513-OLYGY,0.0097,Unlikely to churn,0.9903,2026-09-13
0311-QYWSS,0.4336,Unlikely to churn,0.5664,2026-09-13
8705-DWKTI,0.0983,Unlikely to churn,0.9017,2026-09-13
8755-IWJHN,0.0891,Unlikely to churn,0.9109,2026-09-13
0325-XBFAC,0.5527,Likely to churn,0.5527,2026-09-13
4480-QQRHC,0.4179,Unlikely to churn,0.5821,2026-09-13
0929-PECLO,0.0644,Unlikely to churn,0.9356,2026-09-13
3680-CTHUH,0.1152,Unlikely to churn,0.8848,2026-09-13
1202-KKGFU,0.2113,Unlikely to churn,0.7887,2026-09-13
6112-KTHFQ,0.279,Unlikely to churn,0.721,2026-09-13
1852-XEMDW,0.106,Unlikely to churn,0.894,2026-09-13
2462-XIIJB,0.4313,Unlikely to churn,0.5687,2026-09-13
4760-XOHVN,0.2813,Unlikely to churn,0.7187,2026-09-13
1820-DJFPH,0.0,Unlikely to churn,1.0,2026-09-13
9426-SXNHE,0.2888,Unlikely to churn,0.7112,2026-09-13
9068-FHQHD,0.0262,Unlikely to churn,0.9738,2026-09-13
1269-FOYWN,0.0,Unlikely to churn,1.0,2026-09-13
9470-YFUYI,0.0034,Unlikely to churn,0.9966,2026-09-13
7817-BOQPW,0.5179,Likely to churn,0.5179,2026-09-13
7402-EYFXX,0.397,Unlikely to churn,0.603,2026-09-13
1853-UDXBW,0.5306,Likely to churn,0.5306,2026-09-13
9895-VFOXH,0.4606,Unlikely to churn,0.5394,2026-09-13
5458-CQJTA,0.0714,Unlikely to churn,0.9286,2026-09-13
1230-QAJDW,0.4153,Unlikely to churn,0.5847,2026-09-13
5701-ZIKJE,0.3644,Unlikely to churn,0.6356,2026-09-13
5219-YIPTK,0.2695,Unlikely to churn,0.7305,2026-09-13
5032-MIYKT,0.5256,Likely to churn,0.5256,2026-09-13
7396-VJUZB,0.325,Unlikely to churn,0.675,2026-09-13
9717-QEBGU,0.5211,Likely to churn,0.5211,2026-09-13
5172-RKOCB,0.0567,Unlikely to churn,0.9433,2026-09-13
6509-TSGWN,0.0679,Unlikely to churn,0.9321,2026-09-13
3540-RZJYU,0.3087,Unlikely to churn,0.6913,2026-09-13
3178-CIFOT,0.1965,Unlikely to churn,0.8035,2026-09-13
2091-MJTFX,0.177,Unlikely to churn,0.823,2026-09-13
4530-NDRKU,0.1054,Unlikely to churn,0.8946,2026-09-13
5985-TBABQ,0.1732,Unlikely to churn,0.8268,2026-09-13
9800-ONTFE,0.2249,Unlikely to churn,0.7751,2026-09-13
6743-HHQPF,0.1662,Unlikely to churn,0.8338,2026-09-13
8455-HIRAQ,0.3254,Unlikely to churn,0.6746,2026-09-13
6616-AALSR,0.0436,Unlikely to churn,0.9564,2026-09-13
0883-EIBTI,0.2848,Unlikely to churn,0.7152,2026-09-13
9415-ZNBSX,0.0245,Unlikely to churn,0.9755,2026-09-13
4018-KJYUY,0.1328,Unlikely to churn,0.8672,2026-09-13
0722-TROQR,0.5274,Likely to churn,0.5274,2026-09-13
7571-YXDAD,0.4498,Unlikely to churn,0.5502,2026-09-13
3884-UEBXB,0.0575,Unlikely to churn,0.9425,2026-09-13
8780-RSYYU,0.2214,Unlikely to churn,0.7786,2026-09-13
5537-UXXVS,0.1773,Unlikely to churn,0.8227,2026-09-13
1791-PQHBB,0.4209,Unlikely to churn,0.5791,2026-09-13
8701-DGLVH,0.0342,Unlikely to churn,0.9658,2026-09-13
8741-LQOBK,0.0,Unlikely to churn,1.0,2026-09-13
3393-FMZPV,0.3591,Unlikely to churn,0.6409,2026-09-13
8082-GHXOP,0.2731,Unlikely to churn,0.7269,2026-09-13
6402-ZFPPI,0.3896,Unlikely to churn,0.6104,2026-09-13
0980-FEXWF,0.181,Unlikely to churn,0.819,2026-09-13
7486-KSRVI,0.2674,Unlikely to churn,0.7326,2026-09-13
3011-WQKSZ,0.2314,Unlikely to churn,0.7686,2026-09-13
8443-WVPSS,0.4916,Unlikely to churn,0.5084,2026-09-13
3006-XIMLN,0.4518,Unlikely to churn,0.5482,2026-09-13
8218-FFJDS,0.0104,Unlikely to churn,0.9896,2026-09-13
1986-PHGZF,0.3361,Unlikely to churn,0.6639,2026-09-13
9965-YOKZB,0.4914,Unlikely to churn,0.5086,2026-09-13
0504-HHAPI,0.1792,Unlikely to churn,0.8208,2026-09-13
9360-OMDZZ,0.3819,Unlikely to churn,0.6181,2026-09-13
6305-YLBMM,0.0438,Unlikely to churn,0.9562,2026-09-13
0345-XMMUG,0.1318,Unlikely to churn,0.8682,2026-09-13
8024-XNAFQ,0.0126,Unlikely to churn,0.9874,2026-09-13
3647-GMGDH,0.2705,Unlikely to churn,0.7295,2026-09-13
2988-GBIVW,0.0786,Unlikely to churn,0.9214,2026-09-13
2832-SCUCO,0.3172,Unlikely to churn,0.6828,2026-09-13
7036-ZZKBD,0.1804,Unlikely to churn,0.8196,2026-09-13
3791-LGQCY,0.1562,Unlikely to churn,0.8438,2026-09-13
0265-PSUAE,0.2404,Unlikely to churn,0.7596,2026-09-13
0463-TXOAK,0.0167,Unlikely to churn,0.9833,2026-09-13
0594-UFTUL,0.274,Unlikely to churn,0.726,2026-09-13
9509-MPYOD,0.1227,Unlikely to churn,0.8773,2026-09-13
9128-CPXKI,0.1135,Unlikely to churn,0.8865,2026-09-13
0129-KPTWJ,0.0808,Unlikely to churn,0.9192,2026-09-13
8166-ZZTFS,0.0989,Unlikely to churn,0.9011,2026-09-13
5855-EIBDE,0.0722,Unlikely to churn,0.9278,2026-09-13
5365-LLFYV,0.5276,Likely to churn,0.5276,2026-09-13
5956-YHHRX,0.3919,Unlikely to churn,0.6081,2026-09-13
6008-NAIXK,0.1128,Unlikely to churn,0.8872,2026-09-13
2956-GGUCQ,0.3626,Unlikely to churn,0.6374,2026-09-13
1928-BXYIV,0.4122,Unlikely to churn,0.5878,2026-09-13
5760-FXFVO,0.4447,Unlikely to churn,0.5553,2026-09-13
6595-COKXZ,0.5227,Likely to churn,0.5227,2026-09-13
0961-ZWLVI,0.1026,Unlikely to churn,0.8974,2026-09-13
5181-OABFK,0.0314,Unlikely to churn,0.9686,2026-09-13
4007-NHVHI,0.1412,Unlikely to churn,0.8588,2026-09-13
7816-VGHTO,0.34,Unlikely to churn,0.66,2026-09-13
5871-DGTXZ,0.1077,Unlikely to churn,0.8923,2026-09-13
7550-WIQVA,0.1732,Unlikely to churn,0.8268,2026-09-13
7544-ZVIKX,0.0664,Unlikely to churn,0.9336,2026-09-13
0016-QLJIS,0.0379,Unlikely to churn,0.9621,2026-09-13
7508-DQAKK,0.0982,Unlikely to churn,0.9018,2026-09-13
5176-OLSKT,0.0532,Unlikely to churn,0.9468,2026-09-13
9356-AXGMP,0.2385,Unlikely to churn,0.7615,2026-09-13
3556-BVQGL,0.2654,Unlikely to churn,0.7346,2026-09-13
0362-ZBZWJ,0.2394,Unlikely to churn,0.7606,2026-09-13
8979-CAMGB,0.0035,Unlikely to churn,0.9965,2026-09-13
4211-MMAZN,0.3185,Unlikely to churn,0.6815,2026-09-13
7581-EBBOU,0.0423,Unlikely to churn,0.9577,2026-09-13
4274-OWWYO,0.49,Unlikely to churn,0.51,2026-09-13
5073-RZGBK,0.0633,Unlikely to churn,0.9367,2026-09-13
1541-ETJZO,0.4269,Unlikely to churn,0.5731,2026-09-13
2192-CKRLV,0.0427,Unlikely to churn,0.9573,2026-09-13
3154-HMWUU,0.0151,Unlikely to churn,0.9849,2026-09-13
6119-SPUDB,0.1059,Unlikely to churn,0.8941,2026-09-13
6522-OIQSX,0.0471,Unlikely to churn,0.9529,2026-09-13
7813-ZGGAW,0.2234,Unlikely to churn,0.7766,2026-09-13
8748-HFWBO,0.1575,Unlikely to churn,0.8425,2026-09-13
1052-QJIBV,0.0835,Unlikely to churn,0.9165,2026-09-13
1319-YLZJG,0.2928,Unlikely to churn,0.7072,2026-09-13
4106-HADHQ,0.0678,Unlikely to churn,0.9322,2026-09-13
0723-FDLAY,0.1158,Unlikely to churn,0.8842,2026-09-13
3050-RLLXC,0.0079,Unlikely to churn,0.9921,2026-09-13
9298-WGMRW,0.0885,Unlikely to churn,0.9115,2026-09-13
2369-UAPKZ,0.4476,Unlikely to churn,0.5524,2026-09-13
3088-LHEFH,0.3558,Unlikely to churn,0.6442,2026-09-13
2778-OCLGR,0.2288,Unlikely to churn,0.7712,2026-09-13
6583-KQJLK,0.4723,Unlikely to churn,0.5277,2026-09-13
8544-JNBOX,0.0312,Unlikely to churn,0.9688,2026-09-13
6681-ZSEXG,0.0506,Unlikely to churn,0.9494,2026-09-13
6139-ZZRBQ,0.0377,Unlikely to churn,0.9623,2026-09-13
6116-RFVHN,0.3143,Unlikely to churn,0.6857,2026-09-13
0637-KVDLV,0.5575,Likely to churn,0.5575,2026-09-13
8884-FEEWR,0.0528,Unlikely to churn,0.9472,2026-09-13
3125-RAHBV,0.1074,Unlikely to churn,0.8926,2026-09-13
6633-MPWBS,0.3912,Unlikely to churn,0.6088,2026-09-13
0373-AIVNJ,0.358,Unlikely to churn,0.642,2026-09-13
8785-EPNCG,0.2221,Unlikely to churn,0.7779,2026-09-13
1682-VCOIO,0.1804,Unlikely to churn,0.8196,2026-09-13
5729-KLZAR,0.3143,Unlikely to churn,0.6857,2026-09-13
2072-ZVJJX,0.0783,Unlikely to churn,0.9217,2026-09-13
8849-AYPTR,0.2224,Unlikely to churn,0.7776,2026-09-13
9518-IMLHK,0.1222,Unlikely to churn,0.8778,2026-09-13
1582-RAFML,0.413,Unlikely to churn,0.587,2026-09-13
3646-ITDGM,0.0067,Unlikely to churn,0.9933,2026-09-13
8740-CRYFY,0.4982,Unlikely to churn,0.5018,2026-09-13
3569-VLDHH,0.0408,Unlikely to churn,0.9592,2026-09-13
8224-KDLKN,0.1026,Unlikely to churn,0.8974,2026-09-13
7594-LZNWR,0.1679,Unlikely to churn,0.8321,2026-09-13
4001-TSBTV,0.1315,Unlikely to churn,0.8685,2026-09-13
2962-XPMCQ,0.5378,Likely to churn,0.5378,2026-09-13
8727-XDPUD,0.1491,Unlikely to churn,0.8509,2026-09-13
1043-UXOVO,0.029,Unlikely to churn,0.971,2026-09-13
1064-FBXNK,0.2907,Unlikely to churn,0.7093,2026-09-13
3996-ZNWYK,0.0,Unlikely to churn,1.0,2026-09-13
2878-DHMIN,0.1438,Unlikely to churn,0.8562,2026-09-13
7762-ONLJY,0.2687,Unlikely to churn,0.7313,2026-09-13
1678-FYZOW,0.4164,Unlikely to churn,0.5836,2026-09-13
5795-BKOYE,0.0119,Unlikely to churn,0.9881,2026-09-13
8627-EHGIP,0.2241,Unlikely to churn,0.7759,2026-09-13
7402-PWYJJ,0.1269,Unlikely to churn,0.8731,2026-09-13
5480-TBGPH,0.3233,Unlikely to churn,0.6767,2026-09-13
0018-NYROU,0.4664,Unlikely to churn,0.5336,2026-09-13
7501-VTYLJ,0.3022,Unlikely to churn,0.6978,2026-09-13
7608-RGIRO,0.0434,Unlikely to churn,0.9566,2026-09-13
0480-BIXDE,0.4081,Unlikely to churn,0.5919,2026-09-13
5895-QSXOD,0.3415,Unlikely to churn,0.6585,2026-09-13
9814-AOUDH,0.0782,Unlikely to churn,0.9218,2026-09-13
6175-IRFIT,0.3546,Unlikely to churn,0.6454,2026-09-13
8760-ZRHKE,0.0375,Unlikely to churn,0.9625,2026-09-13
1622-HSHSF,0.4372,Unlikely to churn,0.5628,2026-09-13
8854-CCVSQ,0.3065,Unlikely to churn,0.6935,2026-09-13
6749-UTDVX,0.0426,Unlikely to churn,0.9574,2026-09-13
5542-DHSXL,0.3534,Unlikely to churn,0.6466,2026-09-13
9102-OXKFY,0.1069,Unlikely to churn,0.8931,2026-09-13
0511-JTEOY,0.45,Unlikely to churn,0.55,2026-09-13
5216-WASFJ,0.2611,Unlikely to churn,0.7389,2026-09-13
7808-DVWEP,0.1884,Unlikely to churn,0.8116,2026-09-13
7067-KSAZT,0.151,Unlikely to churn,0.849,2026-09-13
2284-VFLKH,0.1378,Unlikely to churn,0.8622,2026-09-13
0366-NQSHS,0.3675,Unlikely to churn,0.6325,2026-09-13
6532-YLWSI,0.0173,Unlikely to churn,0.9827,2026-09-13
3807-BPOMJ,0.1629,Unlikely to churn,0.8371,2026-09-13
3892-NXAZG,0.0752,Unlikely to churn,0.9248,2026-09-13
4948-WBBKL,0.2049,Unlikely to churn,0.7951,2026-09-13
4182-BGSIQ,0.2426,Unlikely to churn,0.7574,2026-09-13
9300-AGZNL,0.6375,Likely to churn,0.6375,2026-09-13
0988-AADSA,0.0328,Unlikely to churn,0.9672,2026-09-13
9972-NKTFD,0.1381,Unlikely to churn,0.8619,2026-09-13
3717-LNXKW,0.159,Unlikely to churn,0.841,2026-09-13
5734-EJKXG,0.1006,Unlikely to churn,0.8994,2026-09-13
2207-RYYRL,0.0109,Unlikely to churn,0.9891,2026-09-13
6729-FZWSY,0.1005,Unlikely to churn,0.8995,2026-09-13
9695-IDRZR,0.1593,Unlikely to churn,0.8407,2026-09-13
8144-DGHXP,0.0493,Unlikely to churn,0.9507,2026-09-13
7814-LEEVE,0.3859,Unlikely to churn,0.6141,2026-09-13
1112-CUNAO,0.3248,Unlikely to churn,0.6752,2026-09-13
5175-AOBHI,0.4711,Unlikely to churn,0.5289,2026-09-13
5174-RNGBH,0.2471,Unlikely to churn,0.7529,2026-09-13
8631-WUXGY,0.1528,Unlikely to churn,0.8472,2026-09-13
7270-BDIOA,0.3178,Unlikely to churn,0.6822,2026-09-13
9565-JSNFM,0.1002,Unlikely to churn,0.8998,2026-09-13
5906-DVAPM,0.1059,Unlikely to churn,0.8941,2026-09-13
6654-QGBZZ,0.3403,Unlikely to churn,0.6597,2026-09-13
8348-JLBUG,0.066,Unlikely to churn,0.934,2026-09-13
0607-DAAHE,0.0,Unlikely to churn,1.0,2026-09-13
5641-DMBFJ,0.0762,Unlikely to churn,0.9238,2026-09-13
9200-NLNPD,0.0915,Unlikely to churn,0.9085,2026-09-13
2664-XJZNO,0.0932,Unlikely to churn,0.9068,2026-09-13
9732-KPKBW,0.4458,Unlikely to churn,0.5542,2026-09-13
3339-EAQNV,0.1038,Unlikely to churn,0.8962,2026-09-13
0921-OHLVP,0.2263,Unlikely to churn,0.7737,2026-09-13
3389-YGYAI,0.5186,Likely to churn,0.5186,2026-09-13
9560-ARGQJ,0.3194,Unlikely to churn,0.6806,2026-09-13
8350-NYMVI,0.1437,Unlikely to churn,0.8563,2026-09-13
1600-DILPE,0.2808,Unlikely to churn,0.7192,2026-09-13
0536-ESJEP,0.0442,Unlikely to churn,0.9558,2026-09-13
4654-GGUII,0.2741,Unlikely to churn,0.7259,2026-09-13
6478-HRRCZ,0.0835,Unlikely to churn,0.9165,2026-09-13
8510-BBWMU,0.0984,Unlikely to churn,0.9016,2026-09-13
6857-TKDJV,0.0,Unlikely to churn,1.0,2026-09-13
2360-RDGRO,0.0871,Unlikely to churn,0.9129,2026-09-13
0584-BJQGZ,0.0948,Unlikely to churn,0.9052,2026-09-13
5134-IKDAY,0.4539,Unlikely to churn,0.5461,2026-09-13
1360-XFJMR,0.1129,Unlikely to churn,0.8871,2026-09-13
3070-DVEYC,0.4307,Unlikely to churn,0.5693,2026-09-13
5730-RIITO,0.1555,Unlikely to churn,0.8445,2026-09-13
9058-MJLZC,0.3355,Unlikely to churn,0.6645,2026-09-13
5707-ORNDZ,0.3177,Unlikely to churn,0.6823,2026-09-13
0902-XKXPN,0.0,Unlikely to churn,1.0,2026-09-13
5177-RVZNU,0.0668,Unlikely to churn,0.9332,2026-09-13
0056-EPFBG,0.2576,Unlikely to churn,0.7424,2026-09-13
8993-IZEUX,0.3395,Unlikely to churn,0.6605,2026-09-13
8696-JKZNU,0.2792,Unlikely to churn,0.7208,2026-09-13
5380-AFSSK,0.5404,Likely to churn,0.5404,2026-09-13
8190-ZTQFB,0.2463,Unlikely to churn,0.7537,2026-09-13
0931-MHTEM,0.1049,Unlikely to churn,0.8951,2026-09-13
2055-PDADH,0.5381,Likely to churn,0.5381,2026-09-13
7515-LODFU,0.0853,Unlikely to churn,0.9147,2026-09-13
0440-UEDAI,0.0299,Unlikely to churn,0.9701,2026-09-13
1337-BOZWO,0.1893,Unlikely to churn,0.8107,2026-09-13
0868-VJRDR,0.1144,Unlikely to churn,0.8856,2026-09-13
8714-EUHJO,0.189,Unlikely to churn,0.811,2026-09-13
6344-SFJVH,0.2176,Unlikely to churn,0.7824,2026-09-13
3950-VPYJB,0.0304,Unlikely to churn,0.9696,2026-09-13
8041-TMEID,0.0641,Unlikely to churn,0.9359,2026-09-13
7321-ZNSLA,0.2177,Unlikely to churn,0.7823,2026-09-13
6941-KXRRV,0.1346,Unlikely to churn,0.8654,2026-09-13
3721-CNEYS,0.5378,Likely to churn,0.5378,2026-09-13
8727-JQFHV,0.0537,Unlikely to churn,0.9463,2026-09-13
9475-NNDGC,0.0441,Unlikely to churn,0.9559,2026-09-13
1355-KUSBG,0.3323,Unlikely to churn,0.6677,2026-09-13
3688-FTHLT,0.2932,Unlikely to churn,0.7068,2026-09-13
0899-LIIBW,0.2236,Unlikely to churn,0.7764,2026-09-13
2568-OIADY,0.3456,Unlikely to churn,0.6544,2026-09-13
1384-RCUXW,0.3737,Unlikely to churn,0.6263,2026-09-13
5825-XJOCM,0.0409,Unlikely to churn,0.9591,2026-09-13
6848-YLDFR,0.0646,Unlikely to churn,0.9354,2026-09-13
8125-QPFJD,0.002,Unlikely to churn,0.998,2026-09-13
2320-YKQBO,0.2494,Unlikely to churn,0.7506,2026-09-13
1193-RTSLK,0.1079,Unlikely to churn,0.8921,2026-09-13
2302-ANTDP,0.1295,Unlikely to churn,0.8705,2026-09-13
5923-GXUOC,0.463,Unlikely to churn,0.537,2026-09-13
4973-RLZVI,0.1069,Unlikely to churn,0.8931,2026-09-13
7869-ZYDST,0.2288,Unlikely to churn,0.7712,2026-09-13
4501-UYKBC,0.0653,Unlikely to churn,0.9347,2026-09-13
1215-EXRMO,0.0469,Unlikely to churn,0.9531,2026-09-13
2305-MRGLV,0.1794,Unlikely to churn,0.8206,2026-09-13
8404-VIOMB,0.0447,Unlikely to churn,0.9553,2026-09-13
5233-GEEAX,0.5053,Likely to churn,0.5053,2026-09-13
2359-KLTEK,0.1777,Unlikely to churn,0.8223,2026-09-13
5304-EFJLP,0.0661,Unlikely to churn,0.9339,2026-09-13
2673-ZALNP,0.2941,Unlikely to churn,0.7059,2026-09-13
9184-GALIL,0.1334,Unlikely to churn,0.8666,2026-09-13
4393-RYCRE,0.1812,Unlikely to churn,0.8188,2026-09-13
9746-MDMBK,0.1523,Unlikely to churn,0.8477,2026-09-13
3162-ZJZFU,0.1156,Unlikely to churn,0.8844,2026-09-13
8404-GFGCZ,0.283,Unlikely to churn,0.717,2026-09-13
8875-AKBYH,0.3497,Unlikely to churn,0.6503,2026-09-13
4432-ADRLB,0.3793,Unlikely to churn,0.6207,2026-09-13
0533-UCAAU,0.0441,Unlikely to churn,0.9559,2026-09-13
1394-SUIUH,0.1641,Unlikely to churn,0.8359,2026-09-13
3521-MNKLV,0.2985,Unlikely to churn,0.7015,2026-09-13
2533-TIBIX,0.3471,Unlikely to churn,0.6529,2026-09-13
8993-PHFWD,0.4683,Unlikely to churn,0.5317,2026-09-13
1565-RHDJD,0.2578,Unlikely to churn,0.7422,2026-09-13
7137-RYLPP,0.2038,Unlikely to churn,0.7962,2026-09-13
3765-JXVKY,0.5039,Likely to churn,0.5039,2026-09-13
5092-STPKP,0.1643,Unlikely to churn,0.8357,2026-09-13
7330-WZLNC,0.4788,Unlikely to churn,0.5212,2026-09-13
0114-PEGZZ,0.2866,Unlikely to churn,0.7134,2026-09-13
3359-DSRKA,0.0899,Unlikely to churn,0.9101,2026-09-13
8639-NHQEI,0.0654,Unlikely to churn,0.9346,2026-09-13
7161-DFHUF,0.0,Unlikely to churn,1.0,2026-09-13
3957-LXOLK,0.3552,Unlikely to churn,0.6448,2026-09-13
3720-DBRWL,0.0777,Unlikely to churn,0.9223,2026-09-13
6635-MYYYZ,0.0951,Unlikely to churn,0.9049,2026-09-13
8565-WUXZU,0.0638,Unlikely to churn,0.9362,2026-09-13
5281-BUZGT,0.2608,Unlikely to churn,0.7392,2026-09-13
4994-OBRSZ,0.0925,Unlikely to churn,0.9075,2026-09-13
0562-FGDCR,0.0579,Unlikely to churn,0.9421,2026-09-13
2436-QBZFP,0.2207,Unlikely to churn,0.7793,2026-09-13
3420-YJLQT,0.3588,Unlikely to churn,0.6412,2026-09-13
6040-CGACY,0.2172,Unlikely to churn,0.7828,2026-09-13
6582-PLFUU,0.0473,Unlikely to churn,0.9527,2026-09-13
8242-PDSGJ,0.0728,Unlikely to churn,0.9272,2026-09-13
0264-CNITK,0.0061,Unlikely to churn,0.9939,2026-09-13
0089-IIQKO,0.2105,Unlikely to churn,0.7895,2026-09-13
7839-NUIAA,0.0509,Unlikely to churn,0.9491,2026-09-13
6075-QMNRR,0.0448,Unlikely to churn,0.9552,2026-09-13
5378-IKEEG,0.529,Likely to churn,0.529,2026-09-13
5966-EMAZU,0.1382,Unlikely to churn,0.8618,2026-09-13
0440-EKDCF,0.0886,Unlikely to churn,0.9114,2026-09-13
4774-HHGGS,0.1489,Unlikely to churn,0.8511,2026-09-13
2718-GAXQD,0.4311,Unlikely to churn,0.5689,2026-09-13
2055-BFOCC,0.0913,Unlikely to churn,0.9087,2026-09-13
8180-AKMJV,0.4691,Unlikely to churn,0.5309,2026-09-13
4298-OYIFC,0.404,Unlikely to churn,0.596,2026-09-13
5566-SOEZD,0.2435,Unlikely to churn,0.7565,2026-09-13
9842-EFSYY,0.4991,Unlikely to churn,0.5009,2026-09-13
2272-WUSPA,0.0696,Unlikely to churn,0.9304,2026-09-13
4584-LBNMK,0.0557,Unlikely to churn,0.9443,2026-09-13
3898-GUYTS,0.1686,Unlikely to churn,0.8314,2026-09-13
0930-EHUZA,0.0775,Unlikely to churn,0.9225,2026-09-13
6413-XKKPU,0.3081,Unlikely to churn,0.6919,2026-09-13
9975-SKRNR,0.3134,Unlikely to churn,0.6866,2026-09-13
3703-KBKZP,0.3782,Unlikely to churn,0.6218,2026-09-13
1449-XQEMT,0.3984,Unlikely to churn,0.6016,2026-09-13
2626-URJFX,0.45,Unlikely to churn,0.55,2026-09-13
4973-MGTON,0.0154,Unlikely to churn,0.9846,2026-09-13
3682-YEUWS,0.3132,Unlikely to churn,0.6868,2026-09-13
1223-UNPKS,0.2174,Unlikely to churn,0.7826,2026-09-13
2612-RRIDN,0.5326,Likely to churn,0.5326,2026-09-13
4735-ASGMA,0.3693,Unlikely to churn,0.6307,2026-09-13
3446-QDSZF,0.3229,Unlikely to churn,0.6771,2026-09-13
3669-LVWZB,0.6054,Likely to churn,0.6054,2026-09-13
6892-EZDTG,0.5303,Likely to churn,0.5303,2026-09-13
5117-IFGPS,0.3022,Unlikely to churn,0.6978,2026-09-13
7379-FNIUJ,0.4371,Unlikely to churn,0.5629,2026-09-13
1627-AFWVJ,0.0847,Unlikely to churn,0.9153,2026-09-13
9725-SCPZG,0.5751,Likely to churn,0.5751,2026-09-13
5884-GCYMI,0.4895,Unlikely to churn,0.5105,2026-09-13
3217-FZDMN,0.4757,Unlikely to churn,0.5243,2026-09-13
4486-EFAEB,0.2486,Unlikely to churn,0.7514,2026-09-13
0060-FUALY,0.1184,Unlikely to churn,0.8816,2026-09-13
7853-GVUDZ,0.3132,Unlikely to churn,0.6868,2026-09-13
7480-QNVZJ,0.2034,Unlikely to churn,0.7966,2026-09-13
6954-OOYZZ,0.3081,Unlikely to churn,0.6919,2026-09-13
7088-FBAWU,0.2167,Unlikely to churn,0.7833,2026-09-13
8313-AFGBW,0.0791,Unlikely to churn,0.9209,2026-09-13
3943-KDREE,0.2441,Unlikely to churn,0.7559,2026-09-13
9239-ZBZZV,0.5635,Likely to churn,0.5635,2026-09-13
3097-IDVPU,0.1769,Unlikely to churn,0.8231,2026-09-13
4398-HSCJH,0.4377,Unlikely to churn,0.5623,2026-09-13
2197-OMWGI,0.0738,Unlikely to churn,0.9262,2026-09-13
2303-PJYHN,0.301,Unlikely to churn,0.699,2026-09-13
9795-VOWON,0.4412,Unlikely to churn,0.5588,2026-09-13
1237-WIYYZ,0.2225,Unlikely to churn,0.7775,2026-09-13
1987-AUELQ,0.0515,Unlikely to churn,0.9485,2026-09-13
7852-LECYP,0.1929,Unlikely to churn,0.8071,2026-09-13
4430-UZIPO,0.5024,Likely to churn,0.5024,2026-09-13
4822-LPTYJ,0.0482,Unlikely to churn,0.9518,2026-09-13
8165-CBKXO,0.0703,Unlikely to churn,0.9297,2026-09-13
6527-PZFPV,0.1846,Unlikely to churn,0.8154,2026-09-13
4855-SNKMY,0.5428,Likely to churn,0.5428,2026-09-13
9593-CVZKR,0.0402,Unlikely to churn,0.9598,2026-09-13
8595-SIZNC,0.1915,Unlikely to churn,0.8085,2026-09-13
8008-HAWED,0.4894,Unlikely to churn,0.5106,2026-09-13
7124-UGSUR,0.064,Unlikely to churn,0.936,2026-09-13
1862-SKORY,0.284,Unlikely to churn,0.716,2026-09-13
5236-XMZJY,0.0334,Unlikely to churn,0.9666,2026-09-13
4827-DPADN,0.0469,Unlikely to churn,0.9531,2026-09-13
2694-CIUMO,0.3603,Unlikely to churn,0.6397,2026-09-13
5846-ABOBJ,0.0297,Unlikely to churn,0.9703,2026-09-13
1439-LCGVL,0.1466,Unlikely to churn,0.8534,2026-09-13
0909-SDHNU,0.3703,Unlikely to churn,0.6297,2026-09-13
4647-XXZAM,0.2833,Unlikely to churn,0.7167,2026-09-13
1502-XFCVR,0.1179,Unlikely to churn,0.8821,2026-09-13
7740-KKCXF,0.0918,Unlikely to churn,0.9082,2026-09-13
5360-XGYAZ,0.0153,Unlikely to churn,0.9847,2026-09-13
9692-TUSXH,0.4187,Unlikely to churn,0.5813,2026-09-13
7912-SYRQT,0.4513,Unlikely to churn,0.5487,2026-09-13
3557-HTYWR,0.0571,Unlikely to churn,0.9429,2026-09-13
4816-JBHOV,0.5618,Likely to churn,0.5618,2026-09-13
8920-NAVAY,0.1056,Unlikely to churn,0.8944,2026-09-13
1699-TLDLZ,0.1587,Unlikely to churn,0.8413,2026-09-13
5600-PDUJF,0.3677,Unlikely to churn,0.6323,2026-09-13
8292-TYSPY,0.2332,Unlikely to churn,0.7668,2026-09-13
0567-XRHCU,0.0195,Unlikely to churn,0.9805,2026-09-13
1867-BDVFH,0.411,Unlikely to churn,0.589,2026-09-13
2067-QYTCF,0.115,Unlikely to churn,0.885,2026-09-13
2359-QWQUL,0.1361,Unlikely to churn,0.8639,2026-09-13
9103-TCIHJ,0.3141,Unlikely to churn,0.6859,2026-09-13
7407-SUJIZ,0.1777,Unlikely to churn,0.8223,2026-09-13
9150-KPBJQ,0.222,Unlikely to churn,0.778,2026-09-13
0052-DCKON,0.0634,Unlikely to churn,0.9366,2026-09-13
3654-ARMGP,0.069,Unlikely to churn,0.931,2026-09-13
9699-UBQFS,0.1576,Unlikely to churn,0.8424,2026-09-13
9367-TCUYN,0.2011,Unlikely to churn,0.7989,2026-09-13
1261-FWTTE,0.3638,Unlikely to churn,0.6362,2026-09-13
3528-HFRIQ,0.0813,Unlikely to churn,0.9187,2026-09-13
0708-SJDIS,0.1138,Unlikely to churn,0.8862,2026-09-13
4140-WJAWW,0.2276,Unlikely to churn,0.7724,2026-09-13
2073-QBVBI,0.1176,Unlikely to churn,0.8824,2026-09-13
6928-ONTRW,0.0,Unlikely to churn,1.0,2026-09-13
3320-VEOYC,0.5433,Likely to churn,0.5433,2026-09-13
5231-FIQPA,0.0995,Unlikely to churn,0.9005,2026-09-13
6617-WLBQC,0.2022,Unlikely to churn,0.7978,2026-09-13
2599-CIPQE,0.0208,Unlikely to churn,0.9792,2026-09-13
6653-CBBOM,0.4949,Unlikely to churn,0.5051,2026-09-13
8774-GSBUN,0.0137,Unlikely to churn,0.9863,2026-09-13
7326-RIGQZ,0.354,Unlikely to churn,0.646,2026-09-13
1401-FTHFQ,0.1574,Unlikely to churn,0.8426,2026-09-13
3247-ZVOUO,0.3937,Unlikely to churn,0.6063,2026-09-13
0254-FNMCI,0.0913,Unlikely to churn,0.9087,2026-09-13
1848-LBZHY,0.321,Unlikely to churn,0.679,2026-09-13
6101-IMRMM,0.4073,Unlikely to churn,0.5927,2026-09-13
8118-TJAFG,0.4566,Unlikely to churn,0.5434,2026-09-13
5429-LWCMV,0.4376,Unlikely to churn,0.5624,2026-09-13
7298-IZWLY,0.4332,Unlikely to churn,0.5668,2026-09-13
9758-MFWGD,0.1125,Unlikely to churn,0.8875,2026-09-13
3955-JBZZM,0.2072,Unlikely to churn,0.7928,2026-09-13
1268-ASBGA,0.3959,Unlikely to churn,0.6041,2026-09-13
8943-URTMR,0.4834,Unlikely to churn,0.5166,2026-09-13
4815-TUMEQ,0.2894,Unlikely to churn,0.7106,2026-09-13
4713-LZDRV,0.5117,Likely to churn,0.5117,2026-09-13
9909-IDLEK,0.2103,Unlikely to churn,0.7897,2026-09-13
4092-OFQZS,0.1667,Unlikely to churn,0.8333,2026-09-13
1561-BWHIN,0.1773,Unlikely to churn,0.8227,2026-09-13
4325-NFSKC,0.3201,Unlikely to churn,0.6799,2026-09-13
9927-DSWDF,0.2703,Unlikely to churn,0.7297,2026-09-13
9500-LTVBP,0.1778,Unlikely to churn,0.8222,2026-09-13
7252-NTGSS,0.4436,Unlikely to churn,0.5564,2026-09-13
8149-AIQCG,0.1388,Unlikely to churn,0.8612,2026-09-13
1360-JYXKQ,0.1675,Unlikely to churn,0.8325,2026-09-13
2955-PSXOE,0.408,Unlikely to churn,0.592,2026-09-13
7762-URZQH,0.0989,Unlikely to churn,0.9011,2026-09-13
0899-WZRSD,0.1475,Unlikely to churn,0.8525,2026-09-13
3255-GRXMG,0.2768,Unlikely to churn,0.7232,2026-09-13
4828-FAZPK,0.2583,Unlikely to churn,0.7417,2026-09-13
6094-ZIVKX,0.0426,Unlikely to churn,0.9574,2026-09-13
6925-BAYGL,0.0536,Unlikely to churn,0.9464,2026-09-13
3262-EIDHV,0.0155,Unlikely to churn,0.9845,2026-09-13
7354-OIJLX,0.4509,Unlikely to churn,0.5491,2026-09-13
1376-HHBDV,0.2328,Unlikely to churn,0.7672,2026-09-13
6907-NZZIJ,0.2796,Unlikely to churn,0.7204,2026-09-13
6133-OZILE,0.3197,Unlikely to churn,0.6803,2026-09-13
4135-FRWKJ,0.0748,Unlikely to churn,0.9252,2026-09-13
2911-UREFD,0.1591,Unlikely to churn,0.8409,2026-09-13
3744-ZRRDZ,0.3268,Unlikely to churn,0.6732,2026-09-13
5673-TIYIB,0.4293,Unlikely to churn,0.5707,2026-09-13
6551-ZCOTS,0.1751,Unlikely to churn,0.8249,2026-09-13
7191-ADRGF,0.0617,Unlikely to churn,0.9383,2026-09-13
5018-LXQQG,0.1171,Unlikely to churn,0.8829,2026-09-13
6892-BOGQE,0.0091,Unlikely to churn,0.9909,2026-09-13
1602-IJQQE,0.4526,Unlikely to churn,0.5474,2026-09-13
4628-WQCQQ,0.1697,Unlikely to churn,0.8303,2026-09-13
1746-TGTWV,0.3585,Unlikely to churn,0.6415,2026-09-13
5995-SNNEW,0.4508,Unlikely to churn,0.5492,2026-09-13
8050-WYBND,0.2849,Unlikely to churn,0.7151,2026-09-13
2821-WARNZ,0.0775,Unlikely to churn,0.9225,2026-09-13
4879-GZLFH,0.1904,Unlikely to churn,0.8096,2026-09-13
1644-IRKSF,0.2669,Unlikely to churn,0.7331,2026-09-13
8314-HTWVE,0.257,Unlikely to churn,0.743,2026-09-13
9402-ROUMJ,0.0719,Unlikely to churn,0.9281,2026-09-13
2507-QZPQS,0.2537,Unlikely to churn,0.7463,2026-09-13
7159-NOKYQ,0.0445,Unlikely to churn,0.9555,2026-09-13
5707-ZMDJP,0.0429,Unlikely to churn,0.9571,2026-09-13
8779-YIQQA,0.1566,Unlikely to churn,0.8434,2026-09-13
7136-IHZJA,0.0969,Unlikely to churn,0.9031,2026-09-13
8966-OIQHG,0.1425,Unlikely to churn,0.8575,2026-09-13
7074-STDCN,0.2417,Unlikely to churn,0.7583,2026-09-13
3705-PSNGL,0.0764,Unlikely to churn,0.9236,2026-09-13
8739-QOTTN,0.3236,Unlikely to churn,0.6764,2026-09-13
1399-OUPJN,0.0,Unlikely to churn,1.0,2026-09-13
0277-BKSQP,0.4517,Unlikely to churn,0.5483,2026-09-13
6502-HCJTI,0.4253,Unlikely to churn,0.5747,2026-09-13
2606-RMDHZ,0.4544,Unlikely to churn,0.5456,2026-09-13
5774-XZTQC,0.2162,Unlikely to churn,0.7838,2026-09-13
2676-SSLTO,0.0834,Unlikely to churn,0.9166,2026-09-13
6266-QHOJZ,0.0873,Unlikely to churn,0.9127,2026-09-13
7269-JISCY,0.0486,Unlikely to churn,0.9514,2026-09-13
0363-SVHYR,0.0549,Unlikely to churn,0.9451,2026-09-13
8547-NSBBO,0.2641,Unlikely to churn,0.7359,2026-09-13
8258-GSTJK,0.5359,Likely to churn,0.5359,2026-09-13
6861-OKBCE,0.1459,Unlikely to churn,0.8541,2026-09-13
9940-RHLFB,0.3819,Unlikely to churn,0.6181,2026-09-13
6591-QGOYB,0.3015,Unlikely to churn,0.6985,2026-09-13
9070-BCKQP,0.096,Unlikely to churn,0.904,2026-09-13
6421-SZVEM,0.1857,Unlikely to churn,0.8143,2026-09-13
1328-EUZHC,0.2056,Unlikely to churn,0.7944,2026-09-13
2995-UPRYS,0.1889,Unlikely to churn,0.8111,2026-09-13
8878-RYUKI,0.1326,Unlikely to churn,0.8674,2026-09-13
9633-DENPU,0.0938,Unlikely to churn,0.9062,2026-09-13
7811-JIVPF,0.1571,Unlikely to churn,0.8429,2026-09-13
7113-HIPFI,0.0419,Unlikely to churn,0.9581,2026-09-13
8541-QVFKM,0.4598,Unlikely to churn,0.5402,2026-09-13
6686-YPGHK,0.1129,Unlikely to churn,0.8871,2026-09-13
1383-EZRWL,0.2878,Unlikely to churn,0.7122,2026-09-13
9258-CNWAC,0.0594,Unlikely to churn,0.9406,2026-09-13
5371-VYLSX,0.1954,Unlikely to churn,0.8046,2026-09-13
6374-AFWOX,0.0822,Unlikely to churn,0.9178,2026-09-13
4759-TRPLW,0.4546,Unlikely to churn,0.5454,2026-09-13
5317-FLPJF,0.0665,Unlikely to churn,0.9335,2026-09-13
7621-VPNET,0.1265,Unlikely to churn,0.8735,2026-09-13
6034-YMTOB,0.4841,Unlikely to churn,0.5159,2026-09-13
8563-IIOXK,0.391,Unlikely to churn,0.609,2026-09-13
4903-CNOZC,0.072,Unlikely to churn,0.928,2026-09-13
4353-HYOJD,0.1561,Unlikely to churn,0.8439,2026-09-13
8020-BWHYL,0.341,Unlikely to churn,0.659,2026-09-13
7267-FRMJW,0.1274,Unlikely to churn,0.8726,2026-09-13
2982-VPSGI,0.56,Likely to churn,0.56,2026-09-13
4188-FRABG,0.1072,Unlikely to churn,0.8928,2026-09-13
8199-ZLLSA,0.1142,Unlikely to churn,0.8858,2026-09-13
4128-ETESU,0.1817,Unlikely to churn,0.8183,2026-09-13
0620-DLSLK,0.406,Unlikely to churn,0.594,2026-09-13
4625-EWPTF,0.4505,Unlikely to churn,0.5495,2026-09-13
5980-NOPLP,0.2486,Unlikely to churn,0.7514,2026-09-13
3850-OKINF,0.039,Unlikely to churn,0.961,2026-09-13
6892-XPFPU,0.3655,Unlikely to churn,0.6345,2026-09-13
8010-EZLOU,0.4006,Unlikely to churn,0.5994,2026-09-13
1156-ZFYDO,0.3346,Unlikely to churn,0.6654,2026-09-13
3295-YVUSR,0.5735,Likely to churn,0.5735,2026-09-13
8016-NCFVO,0.1665,Unlikely to churn,0.8335,2026-09-13
4119-ZYPZY,0.0845,Unlikely to churn,0.9155,2026-09-13
5549-ZGHFB,0.0696,Unlikely to churn,0.9304,2026-09-13
7577-SWIFR,0.5813,Likely to churn,0.5813,2026-09-13
0303-WMMRN,0.3045,Unlikely to churn,0.6955,2026-09-13
6408-OTUBZ,0.0374,Unlikely to churn,0.9626,2026-09-13
5204-HMGYF,0.1273,Unlikely to churn,0.8727,2026-09-13
1078-TDCRN,0.5325,Likely to churn,0.5325,2026-09-13
3727-OVPRY,0.0359,Unlikely to churn,0.9641,2026-09-13
3797-FKOGQ,0.3478,Unlikely to churn,0.6522,2026-09-13
7622-NXQZR,0.2204,Unlikely to churn,0.7796,2026-09-13
6196-HBOBZ,0.0751,Unlikely to churn,0.9249,2026-09-13
3970-XGJDU,0.0012,Unlikely to churn,0.9988,2026-09-13
7017-VFULY,0.3401,Unlikely to churn,0.6599,2026-09-13
5562-YJQGT,0.2805,Unlikely to churn,0.7195,2026-09-13
8807-OPMBM,0.0531,Unlikely to churn,0.9469,2026-09-13
5439-WIKXB,0.3048,Unlikely to churn,0.6952,2026-09-13
9874-QLCLH,0.3859,Unlikely to churn,0.6141,2026-09-13
8294-UIMBA,0.2325,Unlikely to churn,0.7675,2026-09-13
8109-YUOHE,0.2155,Unlikely to churn,0.7845,2026-09-13
5840-NVDCG,0.1411,Unlikely to churn,0.8589,2026-09-13
8092-NLTGF,0.0011,Unlikely to churn,0.9989,2026-09-13
5928-QLDHB,0.3996,Unlikely to churn,0.6004,2026-09-13
9840-EFJQB,0.4038,Unlikely to churn,0.5962,2026-09-13
0696-UKTOX,0.1156,Unlikely to churn,0.8844,2026-09-13
4801-KFYKL,0.2442,Unlikely to churn,0.7558,2026-09-13
3472-OAOOR,0.3102,Unlikely to churn,0.6898,2026-09-13
6135-OZQVA,0.4104,Unlikely to churn,0.5896,2026-09-13
8062-YBDOE,0.5412,Likely to churn,0.5412,2026-09-13
2252-JHJGE,0.028,Unlikely to churn,0.972,2026-09-13
4188-PCPIG,0.0189,Unlikely to churn,0.9811,2026-09-13
6000-APYLU,0.4703,Unlikely to churn,0.5297,2026-09-13
7105-BENQF,0.2371,Unlikely to churn,0.7629,2026-09-13
7721-DVEKZ,0.3658,Unlikely to churn,0.6342,2026-09-13
3566-VVORZ,0.2646,Unlikely to churn,0.7354,2026-09-13
9507-HSMMZ,0.0378,Unlikely to churn,0.9622,2026-09-13
2480-SQIOB,0.3183,Unlikely to churn,0.6817,2026-09-13
0947-IDHRQ,0.5195,Likely to churn,0.5195,2026-09-13
7813-TKCVO,0.1849,Unlikely to churn,0.8151,2026-09-13
0128-MKWSG,0.2501,Unlikely to churn,0.7499,2026-09-13
3672-YITQD,0.3112,Unlikely to churn,0.6888,2026-09-13
4350-ZTLPI,0.0703,Unlikely to churn,0.9297,2026-09-13
9048-JVYVF,0.449,Unlikely to churn,0.551,2026-09-13
0361-HJRDX,0.0223,Unlikely to churn,0.9777,2026-09-13
5727-MYATE,0.0308,Unlikely to churn,0.9692,2026-09-13
3823-KYNQY,0.2091,Unlikely to churn,0.7909,2026-09-13
8988-ECPJR,0.3238,Unlikely to churn,0.6762,2026-09-13
7570-WELNY,0.0239,Unlikely to churn,0.9761,2026-09-13
3021-VLNRJ,0.0604,Unlikely to churn,0.9396,2026-09-13
3776-EKTKM,0.6291,Likely to churn,0.6291,2026-09-13
2080-CAZNM,0.2538,Unlikely to churn,0.7462,2026-09-13
1028-FFNJK,0.3804,Unlikely to churn,0.6196,2026-09-13
6907-FLBER,0.3754,Unlikely to churn,0.6246,2026-09-13
3001-UNBTL,0.3515,Unlikely to churn,0.6485,2026-09-13
5982-PSMKW,0.1979,Unlikely to churn,0.8021,2026-09-13
3507-GASNP,0.0419,Unlikely to churn,0.9581,2026-09-13
7096-ZNBZI,0.0383,Unlikely to churn,0.9617,2026-09-13
1902-XBTFB,0.283,Unlikely to churn,0.717,2026-09-13
1676-MQAOA,0.0535,Unlikely to churn,0.9465,2026-09-13
0786-IVLAW,0.0718,Unlikely to churn,0.9282,2026-09-13
7566-DSRLQ,0.0469,Unlikely to churn,0.9531,2026-09-13
0643-OKLRP,0.1147,Unlikely to churn,0.8853,2026-09-13
7245-JMTTQ,0.1556,Unlikely to churn,0.8444,2026-09-13
6050-IJRHS,0.086,Unlikely to churn,0.914,2026-09-13
6202-JVYEU,0.3363,Unlikely to churn,0.6637,2026-09-13
8591-TKMZH,0.0796,Unlikely to churn,0.9204,2026-09-13
0734-OXWBT,0.2973,Unlikely to churn,0.7027,2026-09-13
4282-ACRXS,0.2086,Unlikely to churn,0.7914,2026-09-13
0365-TRTPY,0.1057,Unlikely to churn,0.8943,2026-09-13
7349-ALMUX,0.0249,Unlikely to churn,0.9751,2026-09-13
9381-NDKME,0.2868,Unlikely to churn,0.7132,2026-09-13
6502-KUGLL,0.1599,Unlikely to churn,0.8401,2026-09-13
1841-YSJGV,0.0243,Unlikely to churn,0.9757,2026-09-13
2794-XIMMO,0.1602,Unlikely to churn,0.8398,2026-09-13
8382-SHQEH,0.4973,Unlikely to churn,0.5027,2026-09-13
3511-BFTJW,0.0059,Unlikely to churn,0.9941,2026-09-13
7668-XCFYV,0.477,Unlikely to churn,0.523,2026-09-13
2983-ZANRP,0.4039,Unlikely to churn,0.5961,2026-09-13
7845-URHJN,0.2176,Unlikely to churn,0.7824,2026-09-13
3034-ZBEQN,0.0769,Unlikely to churn,0.9231,2026-09-13
5018-HEKFO,0.3904,Unlikely to churn,0.6096,2026-09-13
2923-ARZLG,0.4342,Unlikely to churn,0.5658,2026-09-13
3976-NLDEZ,0.3646,Unlikely to churn,0.6354,2026-09-13
2282-YGNOR,0.1504,Unlikely to churn,0.8496,2026-09-13
5336-UFNZP,0.0503,Unlikely to churn,0.9497,2026-09-13
6854-EXGSF,0.3216,Unlikely to churn,0.6784,2026-09-13
1241-EZFMJ,0.0453,Unlikely to churn,0.9547,2026-09-13
9233-PSYHO,0.2302,Unlikely to churn,0.7698,2026-09-13
5376-PCKNB,0.0676,Unlikely to churn,0.9324,2026-09-13
8044-BGWPI,0.2925,Unlikely to churn,0.7075,2026-09-13
4060-LDNLU,0.4448,Unlikely to churn,0.5552,2026-09-13
3589-PPVKW,0.4345,Unlikely to churn,0.5655,2026-09-13
8327-LZKAS,0.2479,Unlikely to churn,0.7521,2026-09-13
5887-IKKYO,0.0737,Unlikely to churn,0.9263,2026-09-13
1075-BGWOH,0.4345,Unlikely to churn,0.5655,2026-09-13
1755-RMCXH,0.2846,Unlikely to churn,0.7154,2026-09-13
0302-JOIVN,0.4582,Unlikely to churn,0.5418,2026-09-13
3858-XHYJO,0.1289,Unlikely to churn,0.8711,2026-09-13
4299-SIMNS,0.4349,Unlikely to churn,0.5651,2026-09-13
7025-IWFHT,0.1403,Unlikely to churn,0.8597,2026-09-13
6261-LHRTG,0.215,Unlikely to churn,0.785,2026-09-13
7841-FCRQD,0.1437,Unlikely to churn,0.8563,2026-09-13
2056-EVGZL,0.0347,Unlikely to churn,0.9653,2026-09-13
8777-MBMTS,0.114,Unlikely to churn,0.886,2026-09-13
7753-USQYQ,0.0683,Unlikely to churn,0.9317,2026-09-13
5366-IJEQJ,0.3492,Unlikely to churn,0.6508,2026-09-13
7661-CPURM,0.3047,Unlikely to churn,0.6953,2026-09-13
6233-HXJMX,0.1665,Unlikely to churn,0.8335,2026-09-13
5902-WBLSE,0.0291,Unlikely to churn,0.9709,2026-09-13
1981-INRFU,0.6042,Likely to churn,0.6042,2026-09-13
4971-PUYQO,0.4076,Unlikely to churn,0.5924,2026-09-13
3239-TPHPZ,0.3409,Unlikely to churn,0.6591,2026-09-13
5115-GZDEL,0.0,Unlikely to churn,1.0,2026-09-13
3338-CVVEH,0.3986,Unlikely to churn,0.6014,2026-09-13
8485-GJCDN,0.5619,Likely to churn,0.5619,2026-09-13
2615-YVMYX,0.1451,Unlikely to churn,0.8549,2026-09-13
2851-STERV,0.2579,Unlikely to churn,0.7421,2026-09-13
4393-GEADV,0.0603,Unlikely to churn,0.9397,2026-09-13
8486-AYEQH,0.2375,Unlikely to churn,0.7625,2026-09-13
1527-SXDPN,0.1016,Unlikely to churn,0.8984,2026-09-13
6029-WTIPC,0.2704,Unlikely to churn,0.7296,2026-09-13
8634-CILSZ,0.0285,Unlikely to churn,0.9715,2026-09-13
5419-JKZNQ,0.2607,Unlikely to churn,0.7393,2026-09-13
2495-KZNFB,0.2599,Unlikely to churn,0.7401,2026-09-13
1409-PHXTF,0.1994,Unlikely to churn,0.8006,2026-09-13
4560-WQAQW,0.0505,Unlikely to churn,0.9495,2026-09-13
9591-YVTEB,0.1368,Unlikely to churn,0.8632,2026-09-13
9309-BZGNT,0.031,Unlikely to churn,0.969,2026-09-13
4274-DRSQT,0.0599,Unlikely to churn,0.9401,2026-09-13
2027-DNKIV,0.094,Unlikely to churn,0.906,2026-09-13
8075-GXIUB,0.1986,Unlikely to churn,0.8014,2026-09-13
2885-HIJDH,0.0507,Unlikely to churn,0.9493,2026-09-13
5424-RLQLC,0.3665,Unlikely to churn,0.6335,2026-09-13
6682-QJDGB,0.1563,Unlikely to churn,0.8437,2026-09-13
6507-DTJZV,0.2541,Unlikely to churn,0.7459,2026-09-13
8780-IXSTS,0.4423,Unlikely to churn,0.5577,2026-09-13
7673-BQGKU,0.0354,Unlikely to churn,0.9646,2026-09-13
6723-WSNTY,0.0699,Unlikely to churn,0.9301,2026-09-13
9530-EHPOH,0.2534,Unlikely to churn,0.7466,2026-09-13
2725-IWWBA,0.0716,Unlikely to churn,0.9284,2026-09-13
0345-HKJVM,0.4288,Unlikely to churn,0.5712,2026-09-13
1061-PNTHC,0.102,Unlikely to churn,0.898,2026-09-13
0394-YONDK,0.0779,Unlikely to churn,0.9221,2026-09-13
6574-MCOEH,0.1447,Unlikely to churn,0.8553,2026-09-13
7399-QHBJS,0.0289,Unlikely to churn,0.9711,2026-09-13
3049-SOLAY,0.5659,Likely to churn,0.5659,2026-09-13
0997-YTLNY,0.2229,Unlikely to churn,0.7771,2026-09-13
3317-HRTNN,0.5513,Likely to churn,0.5513,2026-09-13
9479-HYNYL,0.0528,Unlikely to churn,0.9472,2026-09-13
3235-ETOOB,0.4129,Unlikely to churn,0.5871,2026-09-13
9708-KFDBY,0.2697,Unlikely to churn,0.7303,2026-09-13
8058-INTPH,0.5445,Likely to churn,0.5445,2026-09-13
3642-GKTCT,0.1607,Unlikely to churn,0.8393,2026-09-13
0774-RMNUW,0.0482,Unlikely to churn,0.9518,2026-09-13
1334-PDUKM,0.0129,Unlikely to churn,0.9871,2026-09-13
0756-MPZRL,0.0928,Unlikely to churn,0.9072,2026-09-13
2242-MFOTG,0.2186,Unlikely to churn,0.7814,2026-09-13
2927-CVULT,0.0747,Unlikely to churn,0.9253,2026-09-13
2144-BFDSO,0.1543,Unlikely to churn,0.8457,2026-09-13
8745-PVESG,0.051,Unlikely to churn,0.949,2026-09-13
7647-GYYKX,0.0485,Unlikely to churn,0.9515,2026-09-13
5647-FXOTP,0.1696,Unlikely to churn,0.8304,2026-09-13
5569-OUICF,0.351,Unlikely to churn,0.649,2026-09-13
8821-XNHVZ,0.4547,Unlikely to churn,0.5453,2026-09-13
2082-OJVTK,0.2171,Unlikely to churn,0.7829,2026-09-13
9700-ISPUP,0.3101,Unlikely to churn,0.6899,2026-09-13
9839-ETQOE,0.168,Unlikely to churn,0.832,2026-09-13
6078-VESFR,0.3495,Unlikely to churn,0.6505,2026-09-13
9027-TMATR,0.1971,Unlikely to churn,0.8029,2026-09-13
5940-NFXKV,0.3193,Unlikely to churn,0.6807,2026-09-13
1941-HOSAM,0.5405,Likely to churn,0.5405,2026-09-13
9110-HSGTV,0.0843,Unlikely to churn,0.9157,2026-09-13
0704-VCUMB,0.0524,Unlikely to churn,0.9476,2026-09-13
6171-ZTVYB,0.0375,Unlikely to churn,0.9625,2026-09-13
8053-WWDRO,0.2237,Unlikely to churn,0.7763,2026-09-13
9564-KCLHR,0.4126,Unlikely to churn,0.5874,2026-09-13
1935-IMVBB,0.1055,Unlikely to churn,0.8945,2026-09-13
2535-PBCGC,0.0396,Unlikely to churn,0.9604,2026-09-13
2082-CEFLT,0.5457,Likely to churn,0.5457,2026-09-13
1470-PSXNM,0.1388,Unlikely to churn,0.8612,2026-09-13
1213-NGCUN,0.4149,Unlikely to churn,0.5851,2026-09-13
2498-XLDZR,0.0301,Unlikely to churn,0.9699,2026-09-13
9866-OCCKE,0.1021,Unlikely to churn,0.8979,2026-09-13
5338-YHWYT,0.0996,Unlikely to churn,0.9004,2026-09-13
7718-UPSKJ,0.0218,Unlikely to churn,0.9782,2026-09-13
8731-WBBMB,0.1344,Unlikely to churn,0.8656,2026-09-13
1448-CYWKC,0.0693,Unlikely to churn,0.9307,2026-09-13
7901-IIDQV,0.1812,Unlikely to churn,0.8188,2026-09-13
2690-DVRVK,0.3227,Unlikely to churn,0.6773,2026-09-13
5688-KZTSN,0.3209,Unlikely to churn,0.6791,2026-09-13
1270-XKUCC,0.0926,Unlikely to churn,0.9074,2026-09-13
0334-ZFJSR,0.0751,Unlikely to churn,0.9249,2026-09-13
2894-QOJRX,0.3052,Unlikely to churn,0.6948,2026-09-13
5747-PMBSQ,0.4159,Unlikely to churn,0.5841,2026-09-13
5583-EJXRD,0.1086,Unlikely to churn,0.8914,2026-09-13
4565-EVZMJ,0.1205,Unlikely to churn,0.8795,2026-09-13
3143-JQEGI,0.3874,Unlikely to churn,0.6126,2026-09-13
6386-SZZKH,0.149,Unlikely to churn,0.851,2026-09-13
3327-YBAKM,0.0698,Unlikely to churn,0.9302,2026-09-13
9441-QHEVC,0.3664,Unlikely to churn,0.6336,2026-09-13
6705-LNMDD,0.2516,Unlikely to churn,0.7484,2026-09-13
2580-ASVVY,0.1631,Unlikely to churn,0.8369,2026-09-13
3370-GQEAL,0.2185,Unlikely to churn,0.7815,2026-09-13
5032-USPKF,0.106,Unlikely to churn,0.894,2026-09-13
2982-IHMFT,0.5824,Likely to churn,0.5824,2026-09-13
3521-SYVOR,0.2517,Unlikely to churn,0.7483,2026-09-13
4254-QPEDE,0.0056,Unlikely to churn,0.9944,2026-09-13
6283-GITPX,0.0202,Unlikely to churn,0.9798,2026-09-13
9526-JAWYF,0.1775,Unlikely to churn,0.8225,2026-09-13
0771-CHWSK,0.0012,Unlikely to churn,0.9988,2026-09-13
9788-HNGUT,0.1068,Unlikely to churn,0.8932,2026-09-13
9495-REDIY,0.2444,Unlikely to churn,0.7556,2026-09-13
5375-XLDOF,0.0536,Unlikely to churn,0.9464,2026-09-13
1172-VIYBP,0.0222,Unlikely to churn,0.9778,2026-09-13
5649-VUKMC,0.3764,Unlikely to churn,0.6236,2026-09-13
6559-PDZLR,0.3556,Unlikely to churn,0.6444,2026-09-13
8992-OBVDG,0.1952,Unlikely to churn,0.8048,2026-09-13
4273-MBHYA,0.5368,Likely to churn,0.5368,2026-09-13
4724-WXVWF,0.1668,Unlikely to churn,0.8332,2026-09-13
5701-GUXDC,0.1304,Unlikely to churn,0.8696,2026-09-13
1460-UZPRJ,0.0392,Unlikely to churn,0.9608,2026-09-13
6082-GLJIX,0.1827,Unlikely to churn,0.8173,2026-09-13
5143-EGQFK,0.4886,Unlikely to churn,0.5114,2026-09-13
4919-IKATY,0.3999,Unlikely to churn,0.6001,2026-09-13
2495-TTHBQ,0.3611,Unlikely to churn,0.6389,2026-09-13
0485-ZBSLN,0.0808,Unlikely to churn,0.9192,2026-09-13
3810-PJUHR,0.0139,Unlikely to churn,0.9861,2026-09-13
9050-QLROH,0.3037,Unlikely to churn,0.6963,2026-09-13
0847-HGRML,0.083,Unlikely to churn,0.917,2026-09-13
8232-CTLKO,0.0373,Unlikely to churn,0.9627,2026-09-13
9227-YBAXE,0.0981,Unlikely to churn,0.9019,2026-09-13
6168-WFVVF,0.5446,Likely to churn,0.5446,2026-09-13
9860-LISIZ,0.1694,Unlikely to churn,0.8306,2026-09-13
0112-QAWRZ,0.3012,Unlikely to churn,0.6988,2026-09-13
0877-SDMBN,0.1312,Unlikely to churn,0.8688,2026-09-13
2786-GCDPI,0.1948,Unlikely to churn,0.8052,2026-09-13
4043-MKDTV,0.0585,Unlikely to churn,0.9415,2026-09-13
8065-YKXKD,0.4516,Unlikely to churn,0.5484,2026-09-13
9637-EIHEQ,0.5184,Likely to churn,0.5184,2026-09-13
9229-RQABD,0.2049,Unlikely to churn,0.7951,2026-09-13
8313-KTIHG,0.4449,Unlikely to churn,0.5551,2026-09-13
5320-BRKGK,0.0314,Unlikely to churn,0.9686,2026-09-13
6284-KMNUF,0.1812,Unlikely to churn,0.8188,2026-09-13
9689-PTNPG,0.545,Likely to churn,0.545,2026-09-13
9465-RWMXL,0.2351,Unlikely to churn,0.7649,2026-09-13
6229-UOLQL,0.0647,Unlikely to churn,0.9353,2026-09-13
2362-IBOOY,0.2457,Unlikely to churn,0.7543,2026-09-13
3137-LUPIX,0.5095,Likely to churn,0.5095,2026-09-13
0843-WTBXE,0.1112,Unlikely to churn,0.8888,2026-09-13
6143-JQKEA,0.3216,Unlikely to churn,0.6784,2026-09-13
8676-OOQEJ,0.4192,Unlikely to churn,0.5808,2026-09-13
5515-IDEJJ,0.2814,Unlikely to churn,0.7186,2026-09-13
9701-CDXHR,0.0906,Unlikely to churn,0.9094,2026-09-13
7450-NWRTR,0.5606,Likely to churn,0.5606,2026-09-13
8124-NZVGJ,0.52,Likely to churn,0.52,2026-09-13
2162-FRZAA,0.0,Unlikely to churn,1.0,2026-09-13
5376-DEQCP,0.5022,Likely to churn,0.5022,2026-09-13
5118-MUEYH,0.1656,Unlikely to churn,0.8344,2026-09-13
9095-HFAFX,0.4377,Unlikely to churn,0.5623,2026-09-13
5627-TVBPP,0.1175,Unlikely to churn,0.8825,2026-09-13
2379-ENZGV,0.4806,Unlikely to churn,0.5194,2026-09-13
3936-QQFLL,0.2814,Unlikely to churn,0.7186,2026-09-13
2589-AYCRP,0.0829,Unlikely to churn,0.9171,2026-09-13
4067-HLYQI,0.1944,Unlikely to churn,0.8056,2026-09-13
5124-EOGYE,0.1527,Unlikely to churn,0.8473,2026-09-13
5057-RKGLH,0.1998,Unlikely to churn,0.8002,2026-09-13
0292-WEGCH,0.0884,Unlikely to churn,0.9116,2026-09-13
8910-ICHIU,0.1167,Unlikely to churn,0.8833,2026-09-13
4097-YODCF,0.2717,Unlikely to churn,0.7283,2026-09-13
9715-WZCLW,0.0277,Unlikely to churn,0.9723,2026-09-13
9786-YWNHU,0.0342,Unlikely to churn,0.9658,2026-09-13
6407-GSJNL,0.0164,Unlikely to churn,0.9836,2026-09-13
6005-OBZPH,0.3417,Unlikely to churn,0.6583,2026-09-13
4049-ZPALD,0.1067,Unlikely to churn,0.8933,2026-09-13
7932-WPTDS,0.6617,Likely to churn,0.6617,2026-09-13
3733-UOCWF,0.0695,Unlikely to churn,0.9305,2026-09-13
6833-JMZYP,0.3978,Unlikely to churn,0.6022,2026-09-13
2722-VOJQL,0.1302,Unlikely to churn,0.8698,2026-09-13
1310-QRITU,0.3024,Unlikely to churn,0.6976,2026-09-13
8961-QDZZJ,0.1386,Unlikely to churn,0.8614,2026-09-13
9715-SBVSU,0.2672,Unlikely to churn,0.7328,2026-09-13
8490-BXHEO,0.3232,Unlikely to churn,0.6768,2026-09-13
7173-TETGO,0.004,Unlikely to churn,0.996,2026-09-13
7929-SKFGK,0.074,Unlikely to churn,0.926,2026-09-13
2300-RQGOI,0.0624,Unlikely to churn,0.9376,2026-09-13
3563-SVYLG,0.0158,Unlikely to churn,0.9842,2026-09-13
5228-EXCET,0.399,Unlikely to churn,0.601,2026-09-13
6435-VWCCY,0.0929,Unlikely to churn,0.9071,2026-09-13
4998-IKFSE,0.2341,Unlikely to churn,0.7659,2026-09-13
8630-QSGXK,0.0869,Unlikely to churn,0.9131,2026-09-13
2455-USLMV,0.2034,Unlikely to churn,0.7966,2026-09-13
7394-FKDNK,0.4551,Unlikely to churn,0.5449,2026-09-13
9488-FVZCC,0.092,Unlikely to churn,0.908,2026-09-13
6331-LWDTQ,0.3404,Unlikely to churn,0.6596,2026-09-13
5995-WWKKG,0.1526,Unlikely to churn,0.8474,2026-09-13
1597-FZREH,0.3374,Unlikely to churn,0.6626,2026-09-13
7879-CGSFV,0.1706,Unlikely to churn,0.8294,2026-09-13
9921-EZKBY,0.1323,Unlikely to churn,0.8677,2026-09-13
7432-FFVAR,0.0503,Unlikely to churn,0.9497,2026-09-13
7246-ZGQDF,0.3075,Unlikely to churn,0.6925,2026-09-13
7000-WCEVQ,0.3644,Unlikely to churn,0.6356,2026-09-13
0727-IWKVK,0.421,Unlikely to churn,0.579,2026-09-13
5959-BELXA,0.3265,Unlikely to churn,0.6735,2026-09-13
4456-RHSNB,0.2274,Unlikely to churn,0.7726,2026-09-13
3512-IZIKN,0.0,Unlikely to churn,1.0,2026-09-13
2481-SBOYW,0.0598,Unlikely to churn,0.9402,2026-09-13
7109-MFBYV,0.2096,Unlikely to churn,0.7904,2026-09-13
1833-TCXKK,0.2136,Unlikely to churn,0.7864,2026-09-13
1832-PEUTS,0.0407,Unlikely to churn,0.9593,2026-09-13
6141-OOXUQ,0.2959,Unlikely to churn,0.7041,2026-09-13
8660-BUETV,0.3938,Unlikely to churn,0.6062,2026-09-13
0580-PIQHM,0.1572,Unlikely to churn,0.8428,2026-09-13
5696-CEIQJ,0.0444,Unlikely to churn,0.9556,2026-09-13
7503-ZGUZJ,0.5258,Likely to churn,0.5258,2026-09-13
1696-HXOWK,0.0199,Unlikely to churn,0.9801,2026-09-13
3026-ATZYV,0.1435,Unlikely to churn,0.8565,2026-09-13
4012-YCFAI,0.0426,Unlikely to churn,0.9574,2026-09-13
2506-TNFCO,0.5507,Likely to churn,0.5507,2026-09-13
9970-QBCDA,0.2639,Unlikely to churn,0.7361,2026-09-13
8718-PTMEZ,0.3696,Unlikely to churn,0.6304,2026-09-13
9496-IVVRP,0.261,Unlikely to churn,0.739,2026-09-13
2207-OBZNX,0.4475,Unlikely to churn,0.5525,2026-09-13
2657-VPXTA,0.4849,Unlikely to churn,0.5151,2026-09-13
6551-VLJMV,0.1129,Unlikely to churn,0.8871,2026-09-13
1221-GHZEP,0.049,Unlikely to churn,0.951,2026-09-13
9289-LBQVU,0.025,Unlikely to churn,0.975,2026-09-13
6142-VSJQO,0.4044,Unlikely to churn,0.5956,2026-09-13
3458-IDMFK,0.1956,Unlikely to churn,0.8044,2026-09-13
6933-FHBZC,0.2677,Unlikely to churn,0.7323,2026-09-13
0221-NAUXK,0.2722,Unlikely to churn,0.7278,2026-09-13
9770-KXGQU,0.1221,Unlikely to churn,0.8779,2026-09-13
6437-UKHMV,0.4682,Unlikely to churn,0.5318,2026-09-13
6538-POCHL,0.203,Unlikely to churn,0.797,2026-09-13
6726-NNFWD,0.0291,Unlikely to churn,0.9709,2026-09-13
3002-WQZWT,0.2715,Unlikely to churn,0.7285,2026-09-13
4277-UDIEF,0.1704,Unlikely to churn,0.8296,2026-09-13
1208-NBVFH,0.2529,Unlikely to churn,0.7471,2026-09-13
4912-PIGUY,0.5397,Likely to churn,0.5397,2026-09-13
1114-CENIM,0.0389,Unlikely to churn,0.9611,2026-09-13
6060-DRTNL,0.4666,Unlikely to churn,0.5334,2026-09-13
2725-TTRIQ,0.0537,Unlikely to churn,0.9463,2026-09-13
3374-TTZTK,0.1596,Unlikely to churn,0.8404,2026-09-13
8990-ZXLSU,0.3195,Unlikely to churn,0.6805,2026-09-13
2275-RBYQS,0.533,Likely to churn,0.533,2026-09-13
8473-VUVJN,0.5581,Likely to churn,0.5581,2026-09-13
6289-CPNLD,0.1801,Unlikely to churn,0.8199,2026-09-13
5536-SLHPM,0.1618,Unlikely to churn,0.8382,2026-09-13
4419-UJMUS,0.1078,Unlikely to churn,0.8922,2026-09-13
7794-JASDG,0.5152,Likely to churn,0.5152,2026-09-13
7609-YBPXG,0.1157,Unlikely to churn,0.8843,2026-09-13
5519-TEEUH,0.1201,Unlikely to churn,0.8799,2026-09-13
7856-GANIL,0.1091,Unlikely to churn,0.8909,2026-09-13
0804-XBFBV,0.3058,Unlikely to churn,0.6942,2026-09-13
2676-OXPPQ,0.3505,Unlikely to churn,0.6495,2026-09-13
3703-TTEPD,0.0635,Unlikely to churn,0.9365,2026-09-13
2799-TSLAG,0.0277,Unlikely to churn,0.9723,2026-09-13
0196-VULGZ,0.5131,Likely to churn,0.5131,2026-09-13
8837-VVWLQ,0.3584,Unlikely to churn,0.6416,2026-09-13
2696-NARTR,0.4114,Unlikely to churn,0.5886,2026-09-13
2208-NKVVH,0.0556,Unlikely to churn,0.9444,2026-09-13
7614-QVWQL,0.1523,Unlikely to churn,0.8477,2026-09-13
1976-CFOCS,0.4891,Unlikely to churn,0.5109,2026-09-13
4631-OACRM,0.3903,Unlikely to churn,0.6097,2026-09-13
7139-JZFVG,0.0179,Unlikely to churn,0.9821,2026-09-13
4987-GQWPO,0.1948,Unlikely to churn,0.8052,2026-09-13
3755-JBMNH,0.3354,Unlikely to churn,0.6646,2026-09-13
1757-TCATG,0.0546,Unlikely to churn,0.9454,2026-09-13
6345-ULYRW,0.1457,Unlikely to churn,0.8543,2026-09-13
4776-XSKYQ,0.2295,Unlikely to churn,0.7705,2026-09-13
8048-DSDFQ,0.3301,Unlikely to churn,0.6699,2026-09-13
5753-QQWPW,0.1822,Unlikely to churn,0.8178,2026-09-13
6010-DDPPW,0.0281,Unlikely to churn,0.9719,2026-09-13
1809-DMJHQ,0.3439,Unlikely to churn,0.6561,2026-09-13
6693-FRIRW,0.2621,Unlikely to churn,0.7379,2026-09-13
6586-MYGKD,0.0468,Unlikely to churn,0.9532,2026-09-13
3173-NVMPX,0.3366,Unlikely to churn,0.6634,2026-09-13
0248-PGHBZ,0.0365,Unlikely to churn,0.9635,2026-09-13
0623-GDISB,0.4109,Unlikely to churn,0.5891,2026-09-13
2892-GESUL,0.1593,Unlikely to churn,0.8407,2026-09-13
6923-EFPNL,0.349,Unlikely to churn,0.651,2026-09-13
7472-EQOAV,0.0858,Unlikely to churn,0.9142,2026-09-13
9574-RKJIF,0.2438,Unlikely to churn,0.7562,2026-09-13
2043-WVTQJ,0.3554,Unlikely to churn,0.6446,2026-09-13
8034-RYTVV,0.1073,Unlikely to churn,0.8927,2026-09-13
3863-QSTYI,0.0955,Unlikely to churn,0.9045,2026-09-13
2619-WFQWU,0.5015,Likely to churn,0.5015,2026-09-13
5044-LRQAQ,0.4364,Unlikely to churn,0.5636,2026-09-13
1716-LSAMB,0.0583,Unlikely to churn,0.9417,2026-09-13
1333-PBMXB,0.011,Unlikely to churn,0.989,2026-09-13
6546-OPBBH,0.0888,Unlikely to churn,0.9112,2026-09-13
5985-BEHZK,0.0618,Unlikely to churn,0.9382,2026-09-13
9127-QRZMH,0.0979,Unlikely to churn,0.9021,2026-09-13
5919-VCZYM,0.334,Unlikely to churn,0.666,2026-09-13
9644-KVCNC,0.044,Unlikely to churn,0.956,2026-09-13
2137-DQMEV,0.0557,Unlikely to churn,0.9443,2026-09-13
8174-LNWMW,0.1047,Unlikely to churn,0.8953,2026-09-13
9279-CJEOJ,0.3943,Unlikely to churn,0.6057,2026-09-13
7964-VEXDG,0.2223,Unlikely to churn,0.7777,2026-09-13
2404-JIBFC,0.0325,Unlikely to churn,0.9675,2026-09-13
0778-NELLA,0.3931,Unlikely to churn,0.6069,2026-09-13
8029-XYPWT,0.0059,Unlikely to churn,0.9941,2026-09-13
4614-NUVZD,0.538,Likely to churn,0.538,2026-09-13
4632-PAOYU,0.1123,Unlikely to churn,0.8877,2026-09-13
3803-KMQFW,0.315,Unlikely to churn,0.685,2026-09-13
6804-GDMOI,0.1347,Unlikely to churn,0.8653,2026-09-13
2990-OGYTD,0.0549,Unlikely to churn,0.9451,2026-09-13
6646-JPPHA,0.2622,Unlikely to churn,0.7378,2026-09-13
9572-MTILT,0.0888,Unlikely to churn,0.9112,2026-09-13
7658-UYUQS,0.2762,Unlikely to churn,0.7238,2026-09-13
7880-XSOJX,0.4407,Unlikely to churn,0.5593,2026-09-13
9611-CTWIH,0.5971,Likely to churn,0.5971,2026-09-13
4589-IUAJB,0.0325,Unlikely to churn,0.9675,2026-09-13
0329-GTIAJ,0.4891,Unlikely to churn,0.5109,2026-09-13
8746-BFOAJ,0.1861,Unlikely to churn,0.8139,2026-09-13
8457-XIGKN,0.1991,Unlikely to churn,0.8009,2026-09-13
6072-NUQCB,0.1377,Unlikely to churn,0.8623,2026-09-13
6629-CZTTH,0.4873,Unlikely to churn,0.5127,2026-09-13
8838-GPHZP,0.045,Unlikely to churn,0.955,2026-09-13
8750-QWZAJ,0.0218,Unlikely to churn,0.9782,2026-09-13
5364-EVNIB,0.3685,Unlikely to churn,0.6315,2026-09-13
6918-UMQCG,0.3983,Unlikely to churn,0.6017,2026-09-13
0675-NCDYU,0.0347,Unlikely to churn,0.9653,2026-09-13
6339-DKLMK,0.3876,Unlikely to churn,0.6124,2026-09-13
1346-PJWTK,0.0931,Unlikely to churn,0.9069,2026-09-13
5088-QZLRL,0.4215,Unlikely to churn,0.5785,2026-09-13
8023-QHAIO,0.1164,Unlikely to churn,0.8836,2026-09-13
4397-FRLTA,0.276,Unlikely to churn,0.724,2026-09-13
3057-VJJQE,0.1293,Unlikely to churn,0.8707,2026-09-13
5087-SUURX,0.3882,Unlikely to churn,0.6118,2026-09-13
2302-OUZXB,0.0725,Unlikely to churn,0.9275,2026-09-13
8133-ANHHJ,0.0401,Unlikely to churn,0.9599,2026-09-13
2270-CHBFN,0.1143,Unlikely to churn,0.8857,2026-09-13
0013-EXCHZ,0.5271,Likely to churn,0.5271,2026-09-13
5982-FPVQN,0.2036,Unlikely to churn,0.7964,2026-09-13
9107-UKCKY,0.0766,Unlikely to churn,0.9234,2026-09-13
4654-ULTTN,0.0,Unlikely to churn,1.0,2026-09-13
5550-VFRLC,0.5814,Likely to churn,0.5814,2026-09-13
5546-BYZSM,0.121,Unlikely to churn,0.879,2026-09-13
1492-KGETH,0.0146,Unlikely to churn,0.9854,2026-09-13
4929-BSTRX,0.512,Likely to churn,0.512,2026-09-13
4163-HFTUK,0.0426,Unlikely to churn,0.9574,2026-09-13
8215-NGSPE,0.0466,Unlikely to churn,0.9534,2026-09-13
2225-ZRGSG,0.0566,Unlikely to churn,0.9434,2026-09-13
8859-YSTWS,0.0634,Unlikely to churn,0.9366,2026-09-13
5271-YNWVR,0.0865,Unlikely to churn,0.9135,2026-09-13
7601-DHFWZ,0.1,Unlikely to churn,0.9,2026-09-13
2657-ALMWY,0.2134,Unlikely to churn,0.7866,2026-09-13
6330-JKLPC,0.3541,Unlikely to churn,0.6459,2026-09-13
4667-OHGKG,0.4392,Unlikely to churn,0.5608,2026-09-13
1998-VHJHK,0.1331,Unlikely to churn,0.8669,2026-09-13
1707-HABPF,0.1555,Unlikely to churn,0.8445,2026-09-13
1660-HSOOQ,0.4824,Unlikely to churn,0.5176,2026-09-13
7253-UVNDW,0.0397,Unlikely to churn,0.9603,2026-09-13
0487-VVUVK,0.1968,Unlikely to churn,0.8032,2026-09-13
7228-OMTPN,0.5607,Likely to churn,0.5607,2026-09-13
5063-IUOKK,0.2628,Unlikely to churn,0.7372,2026-09-13
4508-OEBEY,0.1398,Unlikely to churn,0.8602,2026-09-13
0027-KWYKW,0.2966,Unlikely to churn,0.7034,2026-09-13
2308-STERM,0.3433,Unlikely to churn,0.6567,2026-09-13
5982-XMDEX,0.0219,Unlikely to churn,0.9781,2026-09-13
6284-AHOOQ,0.2711,Unlikely to churn,0.7289,2026-09-13
6051-PTVNS,0.0409,Unlikely to churn,0.9591,2026-09-13
2344-JMOGN,0.3747,Unlikely to churn,0.6253,2026-09-13
3799-ISUZQ,0.4162,Unlikely to churn,0.5838,2026-09-13
2877-VDUER,0.19,Unlikely to churn,0.81,2026-09-13
9152-AMKAK,0.4177,Unlikely to churn,0.5823,2026-09-13
1794-HBQTJ,0.4349,Unlikely to churn,0.5651,2026-09-13
9432-VOFYX,0.3645,Unlikely to churn,0.6355,2026-09-13
8049-WJCLQ,0.2317,Unlikely to churn,0.7683,2026-09-13
6586-PSJOX,0.1676,Unlikely to churn,0.8324,2026-09-13
2460-FPSYH,0.2685,Unlikely to churn,0.7315,2026-09-13
9705-ZJBCG,0.1975,Unlikely to churn,0.8025,2026-09-13
4818-DRBQT,0.2493,Unlikely to churn,0.7507,2026-09-13
1320-HTRDR,0.5491,Likely to churn,0.5491,2026-09-13
6847-KJLTS,0.1156,Unlikely to churn,0.8844,2026-09-13
9670-BPNXF,0.0803,Unlikely to churn,0.9197,2026-09-13
3913-FCUUW,0.067,Unlikely to churn,0.933,2026-09-13
3301-VKTGC,0.0698,Unlikely to churn,0.9302,2026-09-13
1493-AMTIE,0.3657,Unlikely to churn,0.6343,2026-09-13
9555-SAHUZ,0.0998,Unlikely to churn,0.9002,2026-09-13
0816-TSPHQ,0.3339,Unlikely to churn,0.6661,2026-09-13
9932-WBWIK,0.2534,Unlikely to churn,0.7466,2026-09-13
4619-EVPHY,0.4092,Unlikely to churn,0.5908,2026-09-13
5286-YHCVC,0.1441,Unlikely to churn,0.8559,2026-09-13
6424-ELEYH,0.474,Unlikely to churn,0.526,2026-09-13
4391-RESHN,0.3713,Unlikely to churn,0.6287,2026-09-13
9115-YQHGA,0.1176,Unlikely to churn,0.8824,2026-09-13
4462-CYWMH,0.0737,Unlikely to churn,0.9263,2026-09-13
8963-MQVYN,0.236,Unlikely to churn,0.764,2026-09-13
2458-EOMRE,0.2397,Unlikely to churn,0.7603,2026-09-13
9334-GWGOW,0.3955,Unlikely to churn,0.6045,2026-09-13
6821-BUXUX,0.3981,Unlikely to churn,0.6019,2026-09-13
5028-HTLJB,0.4381,Unlikely to churn,0.5619,2026-09-13
9801-GDWGV,0.1785,Unlikely to churn,0.8215,2026-09-13
6542-LWGXJ,0.515,Likely to churn,0.515,2026-09-13
5567-GZKQY,0.0,Unlikely to churn,1.0,2026-09-13
1222-LRYKO,0.2994,Unlikely to churn,0.7006,2026-09-13
2320-JRSDE,0.3968,Unlikely to churn,0.6032,2026-09-13
2087-QAREY,0.2018,Unlikely to churn,0.7982,2026-09-13
0601-WZHJF,0.4354,Unlikely to churn,0.5646,2026-09-13
4423-JWZJN,0.075,Unlikely to churn,0.925,2026-09-13
5143-WMWOG,0.3558,Unlikely to churn,0.6442,2026-09-13
6490-FGZAT,0.3152,Unlikely to churn,0.6848,2026-09-13
5393-RXQSZ,0.4084,Unlikely to churn,0.5916,2026-09-13
7452-FOLON,0.0113,Unlikely to churn,0.9887,2026-09-13
2320-TZRRH,0.2034,Unlikely to churn,0.7966,2026-09-13
0231-LXVAP,0.5579,Likely to churn,0.5579,2026-09-13
9444-JTXHZ,0.4551,Unlikely to churn,0.5449,2026-09-13
4942-VZZOM,0.0,Unlikely to churn,1.0,2026-09-13
5510-BOIUJ,0.2532,Unlikely to churn,0.7468,2026-09-13
7502-BNYGS,0.0923,Unlikely to churn,0.9077,2026-09-13
4291-HYEBC,0.2379,Unlikely to churn,0.7621,2026-09-13
6147-CBCRA,0.1262,Unlikely to churn,0.8738,2026-09-13
6047-SUHPR,0.1048,Unlikely to churn,0.8952,2026-09-13
4471-KXAUH,0.1344,Unlikely to churn,0.8656,2026-09-13
9752-ZNQUT,0.5081,Likely to churn,0.5081,2026-09-13
7638-QVMVY,0.4718,Unlikely to churn,0.5282,2026-09-13
1576-PFZIW,0.0359,Unlikely to churn,0.9641,2026-09-13
5666-MBJPT,0.0342,Unlikely to churn,0.9658,2026-09-13
7312-XSBAT,0.335,Unlikely to churn,0.665,2026-09-13
3096-GKWEB,0.4385,Unlikely to churn,0.5615,2026-09-13
2371-JQHZZ,0.4065,Unlikely to churn,0.5935,2026-09-13
0674-GCDXG,0.045,Unlikely to churn,0.955,2026-09-13
1121-QSIVB,0.1537,Unlikely to churn,0.8463,2026-09-13
4396-KLSEH,0.4103,Unlikely to churn,0.5897,2026-09-13
3244-DCJWY,0.5181,Likely to churn,0.5181,2026-09-13
2824-MYYBN,0.2625,Unlikely to churn,0.7375,2026-09-13
0875-CABNR,0.4132,Unlikely to churn,0.5868,2026-09-13
6345-HOVES,0.208,Unlikely to churn,0.792,2026-09-13
8318-LCNBW,0.181,Unlikely to churn,0.819,2026-09-13
6469-QJKZW,0.3196,Unlikely to churn,0.6804,2026-09-13
0147-ESWWR,0.2813,Unlikely to churn,0.7187,2026-09-13
1217-VASWC,0.2121,Unlikely to churn,0.7879,2026-09-13
7812-FZHPE,0.171,Unlikely to churn,0.829,2026-09-13
6370-ZVHDV,0.0451,Unlikely to churn,0.9549,2026-09-13
5915-DGNVC,0.0635,Unlikely to churn,0.9365,2026-09-13
6260-XLACS,0.306,Unlikely to churn,0.694,2026-09-13
3566-CAAYU,0.0318,Unlikely to churn,0.9682,2026-09-13
4983-CCWMC,0.4883,Unlikely to churn,0.5117,2026-09-13
9103-CXVOK,0.2595,Unlikely to churn,0.7405,2026-09-13
2896-TBNBE,0.1411,Unlikely to churn,0.8589,2026-09-13
4797-AXPXK,0.4014,Unlikely to churn,0.5986,2026-09-13
5229-PRWKT,0.4927,Unlikely to churn,0.5073,2026-09-13
6982-UQZLY,0.4719,Unlikely to churn,0.5281,2026-09-13
2522-WLNSF,0.1869,Unlikely to churn,0.8131,2026-09-13
3841-CONLJ,0.4726,Unlikely to churn,0.5274,2026-09-13
5057-LCOUI,0.2345,Unlikely to churn,0.7655,2026-09-13
0193-ESZXP,0.0841,Unlikely to churn,0.9159,2026-09-13
4475-NVTLU,0.011,Unlikely to churn,0.989,2026-09-13
4369-HTUIF,0.4687,Unlikely to churn,0.5313,2026-09-13
9386-LDCZR,0.1527,Unlikely to churn,0.8473,2026-09-13
9585-KKMFD,0.1252,Unlikely to churn,0.8748,2026-09-13
5399-ZIMKF,0.4343,Unlikely to churn,0.5657,2026-09-13
0336-KXKFK,0.1108,Unlikely to churn,0.8892,2026-09-13
5619-XZZKR,0.3044,Unlikely to churn,0.6956,2026-09-13
3948-FVVRP,0.2561,Unlikely to churn,0.7439,2026-09-13
5327-XOKKY,0.0978,Unlikely to churn,0.9022,2026-09-13
0983-TATYJ,0.2421,Unlikely to churn,0.7579,2026-09-13
1813-JYWTO,0.1019,Unlikely to churn,0.8981,2026-09-13
0156-FVPTA,0.2783,Unlikely to churn,0.7217,2026-09-13
1984-FCOWB,0.0748,Unlikely to churn,0.9252,2026-09-13
0654-HMSHN,0.2339,Unlikely to churn,0.7661,2026-09-13
6719-OXYBR,0.2206,Unlikely to churn,0.7794,2026-09-13
3312-ZWLGF,0.3066,Unlikely to churn,0.6934,2026-09-13
6476-YHMGA,0.1999,Unlikely to churn,0.8001,2026-09-13
5287-QWLKY,0.0865,Unlikely to churn,0.9135,2026-09-13
0795-XCCTE,0.0238,Unlikely to churn,0.9762,2026-09-13
0168-XZKBB,0.3418,Unlikely to churn,0.6582,2026-09-13
3785-NRHYR,0.3508,Unlikely to churn,0.6492,2026-09-13
5196-SGOAK,0.5352,Likely to churn,0.5352,2026-09-13
4537-DKTAL,0.42,Unlikely to churn,0.58,2026-09-13
7072-MBHEV,0.3568,Unlikely to churn,0.6432,2026-09-13
5602-BVFMK,0.2178,Unlikely to churn,0.7822,2026-09-13
6297-NOOPG,0.1141,Unlikely to churn,0.8859,2026-09-13
1891-UAWWU,0.1995,Unlikely to churn,0.8005,2026-09-13
8204-TIFGJ,0.1962,Unlikely to churn,0.8038,2026-09-13
8050-DVOJX,0.1326,Unlikely to churn,0.8674,2026-09-13
6108-OQZDQ,0.4613,Unlikely to churn,0.5387,2026-09-13
0363-QJVFX,0.2205,Unlikely to churn,0.7795,2026-09-13
8903-XEBGX,0.4435,Unlikely to churn,0.5565,2026-09-13
8169-SAEJD,0.0433,Unlikely to churn,0.9567,2026-09-13
9840-DVNDC,0.4389,Unlikely to churn,0.5611,2026-09-13
1089-XZWHH,0.2176,Unlikely to churn,0.7824,2026-09-13
2325-WINES,0.2504,Unlikely to churn,0.7496,2026-09-13
6064-ZATLR,0.1652,Unlikely to churn,0.8348,2026-09-13
3096-JRDSO,0.3254,Unlikely to churn,0.6746,2026-09-13
7824-PANSQ,0.1553,Unlikely to churn,0.8447,2026-09-13
8042-JVNFH,0.5338,Likely to churn,0.5338,2026-09-13
9648-BCHKM,0.2099,Unlikely to churn,0.7901,2026-09-13
2888-ADFAO,0.0167,Unlikely to churn,0.9833,2026-09-13
8707-HOEDG,0.0562,Unlikely to churn,0.9438,2026-09-13
3374-LXDEV,0.3073,Unlikely to churn,0.6927,2026-09-13
4072-IPYLT,0.0571,Unlikely to churn,0.9429,2026-09-13
7167-PCEYD,0.0,Unlikely to churn,1.0,2026-09-13
4936-YPJNK,0.3418,Unlikely to churn,0.6582,2026-09-13
1580-BMCMR,0.4058,Unlikely to churn,0.5942,2026-09-13
4817-KEQSP,0.0174,Unlikely to churn,0.9826,2026-09-13
6408-WHTEF,0.0313,Unlikely to churn,0.9687,2026-09-13
9251-AWQGT,0.0001,Unlikely to churn,0.9999,2026-09-13
8749-CLJXC,0.3587,Unlikely to churn,0.6413,2026-09-13
7989-VCQOH,0.2187,Unlikely to churn,0.7813,2026-09-13
5049-GLYVG,0.2931,Unlikely to churn,0.7069,2026-09-13
4199-QHJNM,0.0984,Unlikely to churn,0.9016,2026-09-13
8882-TLVRW,0.056,Unlikely to churn,0.944,2026-09-13
5883-GTGVD,0.4434,Unlikely to churn,0.5566,2026-09-13
5135-GRQJV,0.1058,Unlikely to churn,0.8942,2026-09-13
2384-OVPSA,0.1325,Unlikely to churn,0.8675,2026-09-13
1371-WEPDS,0.1678,Unlikely to churn,0.8322,2026-09-13
3580-GICBM,0.0757,Unlikely to churn,0.9243,2026-09-13
4817-QRJSX,0.3169,Unlikely to churn,0.6831,2026-09-13
9730-DRTMJ,0.1091,Unlikely to churn,0.8909,2026-09-13
4686-UXDML,0.309,Unlikely to churn,0.691,2026-09-13
3349-ANQNH,0.1522,Unlikely to churn,0.8478,2026-09-13
2398-YPMUR,0.4636,Unlikely to churn,0.5364,2026-09-13
0932-YIXYU,0.0641,Unlikely to churn,0.9359,2026-09-13
7480-SPLEF,0.0621,Unlikely to churn,0.9379,2026-09-13
7636-XUHWW,0.4005,Unlikely to churn,0.5995,2026-09-13
1431-CYWMH,0.0929,Unlikely to churn,0.9071,2026-09-13
5937-EORGB,0.412,Unlikely to churn,0.588,2026-09-13
6349-JDHQP,0.0162,Unlikely to churn,0.9838,2026-09-13
5539-HIVAK,0.1785,Unlikely to churn,0.8215,2026-09-13
5847-MXBEO,0.181,Unlikely to churn,0.819,2026-09-13
9985-MWVIX,0.4234,Unlikely to churn,0.5766,2026-09-13
4583-PARNH,0.4545,Unlikely to churn,0.5455,2026-09-13
1116-FRYVH,0.0955,Unlikely to churn,0.9045,2026-09-13
1421-HCERK,0.1964,Unlikely to churn,0.8036,2026-09-13
9633-XQABV,0.5637,Likely to churn,0.5637,2026-09-13
0716-BQNDX,0.0736,Unlikely to churn,0.9264,2026-09-13
1265-XTECC,0.0724,Unlikely to churn,0.9276,2026-09-13
1183-CANVH,0.1553,Unlikely to churn,0.8447,2026-09-13
1972-XMUWV,0.1029,Unlikely to churn,0.8971,2026-09-13
8679-LZBMD,0.1867,Unlikely to churn,0.8133,2026-09-13
3407-JMJQQ,0.0587,Unlikely to churn,0.9413,2026-09-13
6252-DFGTK,0.1219,Unlikely to churn,0.8781,2026-09-13
1539-LNKHM,0.2623,Unlikely to churn,0.7377,2026-09-13
8645-KOMJQ,0.0358,Unlikely to churn,0.9642,2026-09-13
0289-IVARM,0.158,Unlikely to churn,0.842,2026-09-13
9761-XUJWD,0.3827,Unlikely to churn,0.6173,2026-09-13
4057-FKCZK,0.0621,Unlikely to churn,0.9379,2026-09-13
4291-TPNFG,0.0337,Unlikely to churn,0.9663,2026-09-13
6087-YPWHO,0.0289,Unlikely to churn,0.9711,2026-09-13
3090-QFUVD,0.3314,Unlikely to churn,0.6686,2026-09-13
2237-ZFSMY,0.1503,Unlikely to churn,0.8497,2026-09-13
1722-LDZJS,0.0275,Unlikely to churn,0.9725,2026-09-13
1818-ESQMW,0.2101,Unlikely to churn,0.7899,2026-09-13
4871-JTKJF,0.5267,Likely to churn,0.5267,2026-09-13
1415-YFWLT,0.608,Likely to churn,0.608,2026-09-13
7401-RUBNK,0.2635,Unlikely to churn,0.7365,2026-09-13
0506-YLVKJ,0.1405,Unlikely to churn,0.8595,2026-09-13
8661-BOYNW,0.0586,Unlikely to churn,0.9414,2026-09-13
6711-VTNRE,0.1626,Unlikely to churn,0.8374,2026-09-13
4815-GBTCD,0.5331,Likely to churn,0.5331,2026-09-13
2805-AUFQN,0.1731,Unlikely to churn,0.8269,2026-09-13
0980-PVMRC,0.2572,Unlikely to churn,0.7428,2026-09-13
7233-DRTRF,0.1141,Unlikely to churn,0.8859,2026-09-13
3500-RMZLT,0.3458,Unlikely to churn,0.6542,2026-09-13
3873-NFTGI,0.3494,Unlikely to churn,0.6506,2026-09-13
1162-ECVII,0.0447,Unlikely to churn,0.9553,2026-09-13
7048-GXDAY,0.2574,Unlikely to churn,0.7426,2026-09-13
8571-ZCMCX,0.1923,Unlikely to churn,0.8077,2026-09-13
1169-WCVAK,0.2667,Unlikely to churn,0.7333,2026-09-13
4548-SDBKE,0.4712,Unlikely to churn,0.5288,2026-09-13
8066-POXGX,0.4514,Unlikely to churn,0.5486,2026-09-13
7129-CAKJW,0.2161,Unlikely to churn,0.7839,2026-09-13
8695-ARGXZ,0.2468,Unlikely to churn,0.7532,2026-09-13
3570-YUEKJ,0.1741,Unlikely to churn,0.8259,2026-09-13
4143-OOBWZ,0.5259,Likely to churn,0.5259,2026-09-13
1555-HAPSU,0.008,Unlikely to churn,0.992,2026-09-13
1697-NVVGY,0.1604,Unlikely to churn,0.8396,2026-09-13
7854-EKTJL,0.3466,Unlikely to churn,0.6534,2026-09-13
8464-EETCQ,0.03,Unlikely to churn,0.97,2026-09-13
2419-FSORS,0.062,Unlikely to churn,0.938,2026-09-13
8132-YPVBX,0.4181,Unlikely to churn,0.5819,2026-09-13
9102-IAYHT,0.3971,Unlikely to churn,0.6029,2026-09-13
6754-LZUKA,0.0628,Unlikely to churn,0.9372,2026-09-13
3422-LYEPQ,0.5052,Likely to churn,0.5052,2026-09-13
8099-MZPUJ,0.1049,Unlikely to churn,0.8951,2026-09-13
0787-LHDYT,0.2605,Unlikely to churn,0.7395,2026-09-13
2642-DTVCO,0.4788,Unlikely to churn,0.5212,2026-09-13
0374-IOEGQ,0.4022,Unlikely to churn,0.5978,2026-09-13
4361-JEIVL,0.4509,Unlikely to churn,0.5491,2026-09-13
3197-NNYNB,0.0716,Unlikely to churn,0.9284,2026-09-13
3396-DKDEL,0.0652,Unlikely to churn,0.9348,2026-09-13
1752-OZXFY,0.0704,Unlikely to churn,0.9296,2026-09-13
9066-QRSDU,0.0044,Unlikely to churn,0.9956,2026-09-13
9112-WSNPU,0.1963,Unlikely to churn,0.8037,2026-09-13
9867-NNXLC,0.2265,Unlikely to churn,0.7735,2026-09-13
5321-NTRKC,0.0,Unlikely to churn,1.0,2026-09-13
1363-TXLSL,0.5899,Likely to churn,0.5899,2026-09-13
9507-EXLTT,0.4937,Unlikely to churn,0.5063,2026-09-13
3161-GETRM,0.2462,Unlikely to churn,0.7538,2026-09-13
0402-OAMEN,0.005,Unlikely to churn,0.995,2026-09-13
6933-VLYFX,0.1783,Unlikely to churn,0.8217,2026-09-13
6754-WKSHP,0.0634,Unlikely to churn,0.9366,2026-09-13
9846-GKXAS,0.4578,Unlikely to churn,0.5422,2026-09-13
6017-PPLPX,0.31,Unlikely to churn,0.69,2026-09-13
4976-LNFVV,0.3021,Unlikely to churn,0.6979,2026-09-13
5055-MGMGF,0.1056,Unlikely to churn,0.8944,2026-09-13
4641-FROLU,0.0572,Unlikely to churn,0.9428,2026-09-13
2862-JVEOY,0.322,Unlikely to churn,0.678,2026-09-13
2969-QWUBZ,0.4932,Unlikely to churn,0.5068,2026-09-13
9822-BIIGN,0.0503,Unlikely to churn,0.9497,2026-09-13
2077-MPJQO,0.487,Unlikely to churn,0.513,2026-09-13
1534-OULXE,0.0331,Unlikely to churn,0.9669,2026-09-13
7136-RVDTZ,0.0964,Unlikely to churn,0.9036,2026-09-13
2971-SGAFL,0.3622,Unlikely to churn,0.6378,2026-09-13
1480-IVEVR,0.238,Unlikely to churn,0.762,2026-09-13
2905-KFQUV,0.5086,Likely to churn,0.5086,2026-09-13
4581-SSPWD,0.5448,Likely to churn,0.5448,2026-09-13
3370-HXOPH,0.4569,Unlikely to churn,0.5431,2026-09-13
9391-YZEJW,0.1475,Unlikely to churn,0.8525,2026-09-13
9958-MEKUC,0.0417,Unlikely to churn,0.9583,2026-09-13
0281-CNTZX,0.0397,Unlikely to churn,0.9603,2026-09-13
6927-WTFIV,0.2719,Unlikely to churn,0.7281,2026-09-13
4118-CEVPF,0.2471,Unlikely to churn,0.7529,2026-09-13
3398-ZOUAA,0.3891,Unlikely to churn,0.6109,2026-09-13
9114-VEPUF,0.0209,Unlikely to churn,0.9791,2026-09-13
7876-BEUTG,0.3511,Unlikely to churn,0.6489,2026-09-13
2338-BQEZT,0.0682,Unlikely to churn,0.9318,2026-09-13
9873-MNDKV,0.4275,Unlikely to churn,0.5725,2026-09-13
0378-NHQXU,0.2372,Unlikely to churn,0.7628,2026-09-13
8241-JUIQO,0.0637,Unlikely to churn,0.9363,2026-09-13
2194-IIQOF,0.0681,Unlikely to churn,0.9319,2026-09-13
4512-ZUIYL,0.3967,Unlikely to churn,0.6033,2026-09-13
9631-RXVJM,0.1462,Unlikely to churn,0.8538,2026-09-13
9584-EXCDZ,0.2031,Unlikely to churn,0.7969,2026-09-13
7969-AULMZ,0.4339,Unlikely to churn,0.5661,2026-09-13
5093-FEGLU,0.0376,Unlikely to churn,0.9624,2026-09-13
2621-UDNLU,0.2875,Unlikely to churn,0.7125,2026-09-13
7526-IVLYU,0.4052,Unlikely to churn,0.5948,2026-09-13
2428-HYUNX,0.1431,Unlikely to churn,0.8569,2026-09-13
9214-EKVXR,0.5225,Likely to churn,0.5225,2026-09-13
3410-MHHUM,0.1608,Unlikely to churn,0.8392,2026-09-13
0568-ONFPC,0.3218,Unlikely to churn,0.6782,2026-09-13
0733-VUNUW,0.3227,Unlikely to churn,0.6773,2026-09-13
4550-EVXNY,0.4785,Unlikely to churn,0.5215,2026-09-13
2122-YWVYA,0.3384,Unlikely to churn,0.6616,2026-09-13
2968-SSGAA,0.4597,Unlikely to churn,0.5403,2026-09-13
2296-DKZFP,0.059,Unlikely to churn,0.941,2026-09-13
4844-JJWUY,0.5213,Likely to churn,0.5213,2026-09-13
6777-TGHTM,0.113,Unlikely to churn,0.887,2026-09-13
8909-BOLNL,0.3665,Unlikely to churn,0.6335,2026-09-13
6603-YRDCJ,0.2295,Unlikely to churn,0.7705,2026-09-13
3538-WZPHD,0.5652,Likely to churn,0.5652,2026-09-13
3229-USWAR,0.1428,Unlikely to churn,0.8572,2026-09-13
2138-VFAPZ,0.2667,Unlikely to churn,0.7333,2026-09-13
6131-JLWZM,0.3107,Unlikely to churn,0.6893,2026-09-13
4785-QRJHC,0.1989,Unlikely to churn,0.8011,2026-09-13
0269-XFESX,0.1972,Unlikely to churn,0.8028,2026-09-13
1709-EJDOX,0.0693,Unlikely to churn,0.9307,2026-09-13
4316-XCSLJ,0.3431,Unlikely to churn,0.6569,2026-09-13
8610-WFCJF,0.2066,Unlikely to churn,0.7934,2026-09-13
9693-XMUOB,0.147,Unlikely to churn,0.853,2026-09-13
0383-CLDDA,0.0713,Unlikely to churn,0.9287,2026-09-13
4905-JEFDW,0.4957,Unlikely to churn,0.5043,2026-09-13
2709-UQGNP,0.46,Unlikely to churn,0.54,2026-09-13
3549-ZTMNH,0.2841,Unlikely to churn,0.7159,2026-09-13
7881-INRLC,0.1816,Unlikely to churn,0.8184,2026-09-13
8033-ATFAS,0.1428,Unlikely to churn,0.8572,2026-09-13
1635-NZATJ,0.0426,Unlikely to churn,0.9574,2026-09-13
0562-HKHML,0.0675,Unlikely to churn,0.9325,2026-09-13
8277-RVRSV,0.1009,Unlikely to churn,0.8991,2026-09-13
9943-VSZUV,0.107,Unlikely to churn,0.893,2026-09-13
0117-LFRMW,0.0985,Unlikely to churn,0.9015,2026-09-13
6172-FECYY,0.086,Unlikely to churn,0.914,2026-09-13
7054-ENNGU,0.3235,Unlikely to churn,0.6765,2026-09-13
1455-HFBXA,0.1012,Unlikely to churn,0.8988,2026-09-13
9402-CXWPL,0.1161,Unlikely to churn,0.8839,2026-09-13
1628-BIZYP,0.488,Unlikely to churn,0.512,2026-09-13
1965-AKTSX,0.4239,Unlikely to churn,0.5761,2026-09-13
0082-LDZUE,0.4836,Unlikely to churn,0.5164,2026-09-13
4786-UKSNZ,0.367,Unlikely to churn,0.633,2026-09-13
5343-SGUBI,0.1727,Unlikely to churn,0.8273,2026-09-13
0856-NAOES,0.3909,Unlikely to churn,0.6091,2026-09-13
1976-AZZPJ,0.387,Unlikely to churn,0.613,2026-09-13
7248-VZQLC,0.1514,Unlikely to churn,0.8486,2026-09-13
6156-UZDLF,0.2096,Unlikely to churn,0.7904,2026-09-13
3099-OONVS,0.1806,Unlikely to churn,0.8194,2026-09-13
9500-WBGRP,0.0472,Unlikely to churn,0.9528,2026-09-13
5183-KLYEM,0.0585,Unlikely to churn,0.9415,2026-09-13
5144-PQCDZ,0.4074,Unlikely to churn,0.5926,2026-09-13
8514-VZHEB,0.0483,Unlikely to churn,0.9517,2026-09-13
6625-IUTTT,0.0156,Unlikely to churn,0.9844,2026-09-13
9355-NPPFS,0.3205,Unlikely to churn,0.6795,2026-09-13
0068-FIGTF,0.2206,Unlikely to churn,0.7794,2026-09-13
5965-GGPRW,0.1209,Unlikely to churn,0.8791,2026-09-13
8035-PWSEV,0.3845,Unlikely to churn,0.6155,2026-09-13
2236-HILPA,0.0,Unlikely to churn,1.0,2026-09-13
1840-BIUOG,0.2126,Unlikely to churn,0.7874,2026-09-13
1356-MKYSK,0.2534,Unlikely to churn,0.7466,2026-09-13
6080-LNESI,0.0885,Unlikely to churn,0.9115,2026-09-13
1830-IPXVJ,0.043,Unlikely to churn,0.957,2026-09-13
5828-DWPIL,0.1007,Unlikely to churn,0.8993,2026-09-13
8398-TBIYD,0.0627,Unlikely to churn,0.9373,2026-09-13
0011-IGKFF,0.4495,Unlikely to churn,0.5505,2026-09-13
4192-GORJT,0.5303,Likely to churn,0.5303,2026-09-13
6496-SLWHQ,0.5773,Likely to churn,0.5773,2026-09-13
9912-GVSEQ,0.2695,Unlikely to churn,0.7305,2026-09-13
2931-FSOHN,0.3611,Unlikely to churn,0.6389,2026-09-13
9418-RUKPH,0.0866,Unlikely to churn,0.9134,2026-09-13
5383-MMTWC,0.5308,Likely to churn,0.5308,2026-09-13
9971-ZWPBF,0.2665,Unlikely to churn,0.7335,2026-09-13
4712-AUQZO,0.2827,Unlikely to churn,0.7173,2026-09-13
9711-FJTBX,0.0258,Unlikely to churn,0.9742,2026-09-13
2908-ZTPNF,0.1284,Unlikely to churn,0.8716,2026-09-13
7240-ETPTR,0.5608,Likely to churn,0.5608,2026-09-13
2202-CUYXZ,0.4113,Unlikely to churn,0.5887,2026-09-13
5995-OIGLP,0.3127,Unlikely to churn,0.6873,2026-09-13
8421-WZOOW,0.0179,Unlikely to churn,0.9821,2026-09-13
6261-RCVNS,0.0815,Unlikely to churn,0.9185,2026-09-13
7951-QKZPL,0.127,Unlikely to churn,0.873,2026-09-13
1414-YADCW,0.0622,Unlikely to churn,0.9378,2026-09-13
8756-RDDLT,0.1402,Unlikely to churn,0.8598,2026-09-13
2862-PFNIK,0.4571,Unlikely to churn,0.5429,2026-09-13
5816-QVHRX,0.1857,Unlikely to churn,0.8143,2026-09-13
4430-YHXGG,0.3168,Unlikely to churn,0.6832,2026-09-13
6888-SBYAI,0.504,Likely to churn,0.504,2026-09-13
7395-XWZOY,0.2386,Unlikely to churn,0.7614,2026-09-13
7169-YWAMK,0.0193,Unlikely to churn,0.9807,2026-09-13
3640-PHQXK,0.2299,Unlikely to churn,0.7701,2026-09-13
6877-LGWXO,0.3287,Unlikely to churn,0.6713,2026-09-13
6859-RKMZJ,0.3088,Unlikely to churn,0.6912,2026-09-13
2729-VNVAP,0.1201,Unlikely to churn,0.8799,2026-09-13
2957-JIRMN,0.0649,Unlikely to churn,0.9351,2026-09-13
2049-BAFNW,0.3965,Unlikely to churn,0.6035,2026-09-13
3842-QTGDL,0.2684,Unlikely to churn,0.7316,2026-09-13
7163-OCEQI,0.249,Unlikely to churn,0.751,2026-09-13
9782-LGXMC,0.1087,Unlikely to churn,0.8913,2026-09-13
5975-BAICR,0.1595,Unlikely to churn,0.8405,2026-09-13
8019-ENHXU,0.1423,Unlikely to churn,0.8577,2026-09-13
5167-GBFRE,0.5185,Likely to churn,0.5185,2026-09-13
9033-EOXWV,0.3096,Unlikely to churn,0.6904,2026-09-13
4673-KKSLS,0.2096,Unlikely to churn,0.7904,2026-09-13
4853-OITSN,0.4914,Unlikely to churn,0.5086,2026-09-13
9800-OUIGR,0.0256,Unlikely to churn,0.9744,2026-09-13
1324-NLTJE,0.2515,Unlikely to churn,0.7485,2026-09-13
2324-EFHVG,0.0854,Unlikely to churn,0.9146,2026-09-13
7094-MSZAO,0.2954,Unlikely to churn,0.7046,2026-09-13
1522-VVDMG,0.3747,Unlikely to churn,0.6253,2026-09-13
6907-CQGPN,0.1851,Unlikely to churn,0.8149,2026-09-13
0780-XNZFN,0.0184,Unlikely to churn,0.9816,2026-09-13
0239-OXEXL,0.0896,Unlikely to churn,0.9104,2026-09-13
2675-IJRGJ,0.0,Unlikely to churn,1.0,2026-09-13
7049-GKVZY,0.1612,Unlikely to churn,0.8388,2026-09-13
8577-QSOCG,0.1654,Unlikely to churn,0.8346,2026-09-13
3721-CNZHX,0.2129,Unlikely to churn,0.7871,2026-09-13
0212-ISBBF,0.4194,Unlikely to churn,0.5806,2026-09-13
9185-TQCVP,0.3399,Unlikely to churn,0.6601,2026-09-13
3585-YNADK,0.0553,Unlikely to churn,0.9447,2026-09-13
5271-DBYSJ,0.3869,Unlikely to churn,0.6131,2026-09-13
1099-GODLO,0.2961,Unlikely to churn,0.7039,2026-09-13
6828-HMKWP,0.1836,Unlikely to churn,0.8164,2026-09-13
5567-WSELE,0.6152,Likely to churn,0.6152,2026-09-13
1472-TNCWL,0.1648,Unlikely to churn,0.8352,2026-09-13
8063-RJYNF,0.446,Unlikely to churn,0.554,2026-09-13
0687-ZVTHB,0.0292,Unlikely to churn,0.9708,2026-09-13
2080-GKCWQ,0.388,Unlikely to churn,0.612,2026-09-13
9661-ACXBS,0.194,Unlikely to churn,0.806,2026-09-13
2193-SFWQW,0.0,Unlikely to churn,1.0,2026-09-13
5656-JAMLX,0.0349,Unlikely to churn,0.9651,2026-09-13
3462-BJQQA,0.5088,Likely to churn,0.5088,2026-09-13
0442-TDYUO,0.1034,Unlikely to churn,0.8966,2026-09-13
6733-LRIZX,0.2161,Unlikely to churn,0.7839,2026-09-13
9503-XJUME,0.0421,Unlikely to churn,0.9579,2026-09-13
4367-NHWMM,0.5747,Likely to churn,0.5747,2026-09-13
3727-RJMEO,0.5122,Likely to churn,0.5122,2026-09-13
3779-OSWCF,0.0484,Unlikely to churn,0.9516,2026-09-13
6736-DHUQI,0.0,Unlikely to churn,1.0,2026-09-13
3915-ODIYG,0.0922,Unlikely to churn,0.9078,2026-09-13
1360-RCYRT,0.2093,Unlikely to churn,0.7907,2026-09-13
2724-FJDYW,0.08,Unlikely to churn,0.92,2026-09-13
4451-RWASJ,0.2527,Unlikely to churn,0.7473,2026-09-13
6646-VRFOL,0.1953,Unlikely to churn,0.8047,2026-09-13
3460-TJBWI,0.1068,Unlikely to churn,0.8932,2026-09-13
5917-HBSDW,0.1087,Unlikely to churn,0.8913,2026-09-13
5685-IIXLY,0.4343,Unlikely to churn,0.5657,2026-09-13
5671-UUNXD,0.2212,Unlikely to churn,0.7788,2026-09-13
0956-ACVZC,0.0948,Unlikely to churn,0.9052,2026-09-13
2325-NBPZG,0.4518,Unlikely to churn,0.5482,2026-09-13
4250-ZBWLV,0.0914,Unlikely to churn,0.9086,2026-09-13
4482-FTFFX,0.2924,Unlikely to churn,0.7076,2026-09-13
8859-DZTGQ,0.1528,Unlikely to churn,0.8472,2026-09-13
0440-MOGPM,0.1652,Unlikely to churn,0.8348,2026-09-13
0020-JDNXP,0.1745,Unlikely to churn,0.8255,2026-09-13
3752-CQSJI,0.2279,Unlikely to churn,0.7721,2026-09-13
5025-GOOKI,0.198,Unlikely to churn,0.802,2026-09-13
4698-KVLLG,0.0705,Unlikely to churn,0.9295,2026-09-13
5095-AESKG,0.4035,Unlikely to churn,0.5965,2026-09-13
2887-JPYLU,0.0966,Unlikely to churn,0.9034,2026-09-13
4770-QAZXN,0.195,Unlikely to churn,0.805,2026-09-13
4896-CPRPF,0.0627,Unlikely to churn,0.9373,2026-09-13
1871-MOWRM,0.2734,Unlikely to churn,0.7266,2026-09-13
9714-EDSUC,0.3545,Unlikely to churn,0.6455,2026-09-13
2027-OAQQC,0.1943,Unlikely to churn,0.8057,2026-09-13
0282-NVSJS,0.4784,Unlikely to churn,0.5216,2026-09-13
9090-SGQXL,0.1586,Unlikely to churn,0.8414,2026-09-13
6595-YGXIT,0.3482,Unlikely to churn,0.6518,2026-09-13
7353-YOWFP,0.2783,Unlikely to churn,0.7217,2026-09-13
9835-ZIITK,0.0987,Unlikely to churn,0.9013,2026-09-13
8008-ESFLK,0.0879,Unlikely to churn,0.9121,2026-09-13
7537-CBQUZ,0.1145,Unlikely to churn,0.8855,2026-09-13
1555-DJEQW,0.0281,Unlikely to churn,0.9719,2026-09-13
5649-TJHOV,0.2569,Unlikely to churn,0.7431,2026-09-13
0519-XUZJU,0.4955,Unlikely to churn,0.5045,2026-09-13
3363-EWLGO,0.3038,Unlikely to churn,0.6962,2026-09-13
4750-UKWJK,0.0811,Unlikely to churn,0.9189,2026-09-13
6338-AVWCY,0.4858,Unlikely to churn,0.5142,2026-09-13
1689-YQBYY,0.4077,Unlikely to churn,0.5923,2026-09-13
4487-ZYJZK,0.0656,Unlikely to churn,0.9344,2026-09-13
2959-FENLU,0.3849,Unlikely to churn,0.6151,2026-09-13
0708-LGSMF,0.3157,Unlikely to churn,0.6843,2026-09-13
9253-QXKBE,0.424,Unlikely to churn,0.576,2026-09-13
7634-HLQJR,0.0418,Unlikely to churn,0.9582,2026-09-13
0487-RPVUM,0.0258,Unlikely to churn,0.9742,2026-09-13
4079-ULGFR,0.1994,Unlikely to churn,0.8006,2026-09-13
2516-XSJKX,0.0538,Unlikely to churn,0.9462,2026-09-13
0057-QBUQH,0.1613,Unlikely to churn,0.8387,2026-09-13
9445-SZLCH,0.1499,Unlikely to churn,0.8501,2026-09-13
6599-SFQVE,0.4711,Unlikely to churn,0.5289,2026-09-13
8331-ZXFOE,0.0326,Unlikely to churn,0.9674,2026-09-13
4003-FUSHP,0.226,Unlikely to churn,0.774,2026-09-13
0356-ERHVT,0.3532,Unlikely to churn,0.6468,2026-09-13
7325-ENZFI,0.1795,Unlikely to churn,0.8205,2026-09-13
4884-ZTHVF,0.455,Unlikely to churn,0.545,2026-09-13
3920-HIHMQ,0.2265,Unlikely to churn,0.7735,2026-09-13
3055-OYMSE,0.1113,Unlikely to churn,0.8887,2026-09-13
0613-WUXUM,0.0463,Unlikely to churn,0.9537,2026-09-13
7568-PODML,0.6883,Likely to churn,0.6883,2026-09-13
4458-KVRBJ,0.0549,Unlikely to churn,0.9451,2026-09-13
5349-IECLD,0.4801,Unlikely to churn,0.5199,2026-09-13
1397-XKKWR,0.3957,Unlikely to churn,0.6043,2026-09-13
3945-GFWQL,0.3108,Unlikely to churn,0.6892,2026-09-13
8097-OMULG,0.0063,Unlikely to churn,0.9937,2026-09-13
6013-BHCAW,0.0257,Unlikely to churn,0.9743,2026-09-13
0401-WDBXM,0.017,Unlikely to churn,0.983,2026-09-13
3387-PLKUI,0.2289,Unlikely to churn,0.7711,2026-09-13
6096-EGVTU,0.0392,Unlikely to churn,0.9608,2026-09-13
3797-VTIDR,0.585,Likely to churn,0.585,2026-09-13
5081-NWSUP,0.1593,Unlikely to churn,0.8407,2026-09-13
2580-ATZSQ,0.0884,Unlikely to churn,0.9116,2026-09-13
8085-MSNLK,0.0472,Unlikely to churn,0.9528,2026-09-13
9691-HKOVS,0.1569,Unlikely to churn,0.8431,2026-09-13
9881-VCZEP,0.1767,Unlikely to churn,0.8233,2026-09-13
9526-BIHHD,0.433,Unlikely to churn,0.567,2026-09-13
8757-TFHHJ,0.361,Unlikely to churn,0.639,2026-09-13
4523-WXCEF,0.1149,Unlikely to churn,0.8851,2026-09-13
1468-DEFNC,0.0071,Unlikely to churn,0.9929,2026-09-13
5119-KEPFY,0.2235,Unlikely to churn,0.7765,2026-09-13
8364-TRMMK,0.4663,Unlikely to churn,0.5337,2026-09-13
0916-KNFAJ,0.0868,Unlikely to churn,0.9132,2026-09-13
8319-QBEHW,0.2418,Unlikely to churn,0.7582,2026-09-13
3063-QFSZL,0.5598,Likely to churn,0.5598,2026-09-13
8775-LHDJH,0.5402,Likely to churn,0.5402,2026-09-13
9625-QNLUX,0.0621,Unlikely to churn,0.9379,2026-09-13
3097-NQYSN,0.538,Likely to churn,0.538,2026-09-13
4024-CSNBY,0.0327,Unlikely to churn,0.9673,2026-09-13
7110-BDTWG,0.0445,Unlikely to churn,0.9555,2026-09-13
7493-GVFIO,0.0495,Unlikely to churn,0.9505,2026-09-13
0690-SRQID,0.433,Unlikely to churn,0.567,2026-09-13
9605-WGJVW,0.5936,Likely to churn,0.5936,2026-09-13
9114-DPSIA,0.0,Unlikely to churn,1.0,2026-09-13
4700-UBQMV,0.2641,Unlikely to churn,0.7359,2026-09-13
7711-GQBZC,0.0164,Unlikely to churn,0.9836,2026-09-13
3565-UNOCC,0.3155,Unlikely to churn,0.6845,2026-09-13
4627-MIHJH,0.034,Unlikely to churn,0.966,2026-09-13
9795-NREXC,0.0414,Unlikely to churn,0.9586,2026-09-13
8573-CGOCC,0.2251,Unlikely to churn,0.7749,2026-09-13
7356-AYNJP,0.335,Unlikely to churn,0.665,2026-09-13
9249-FXSCK,0.1327,Unlikely to churn,0.8673,2026-09-13
5493-SDRDQ,0.4485,Unlikely to churn,0.5515,2026-09-13
6286-SUUWT,0.4183,Unlikely to churn,0.5817,2026-09-13
4819-HJPIW,0.3431,Unlikely to churn,0.6569,2026-09-13
8654-DHAOW,0.3744,Unlikely to churn,0.6256,2026-09-13
5438-QMDDL,0.3048,Unlikely to churn,0.6952,2026-09-13
9812-GHVRI,0.1152,Unlikely to churn,0.8848,2026-09-13
5553-AOINX,0.1057,Unlikely to churn,0.8943,2026-09-13
1228-ZLNBX,0.2413,Unlikely to churn,0.7587,2026-09-13
4226-KKDON,0.3491,Unlikely to churn,0.6509,2026-09-13
3831-YCPUO,0.0894,Unlikely to churn,0.9106,2026-09-13
7445-WMRBW,0.0343,Unlikely to churn,0.9657,2026-09-13
3308-DGHKL,0.0,Unlikely to churn,1.0,2026-09-13
9924-JPRMC,0.0635,Unlikely to churn,0.9365,2026-09-13
0080-EMYVY,0.2164,Unlikely to churn,0.7836,2026-09-13
6218-KNUBD,0.3973,Unlikely to churn,0.6027,2026-09-13
7337-CINUD,0.2328,Unlikely to churn,0.7672,2026-09-13
7609-NRNCA,0.2312,Unlikely to churn,0.7688,2026-09-13
0623-EJQEG,0.0452,Unlikely to churn,0.9548,2026-09-13
7153-CHRBV,0.0567,Unlikely to churn,0.9433,2026-09-13
0871-URUWO,0.3798,Unlikely to churn,0.6202,2026-09-13
9190-MFJLN,0.3961,Unlikely to churn,0.6039,2026-09-13
6198-PNNSZ,0.0938,Unlikely to churn,0.9062,2026-09-13
3317-VLGQT,0.4322,Unlikely to churn,0.5678,2026-09-13
4132-POCZS,0.124,Unlikely to churn,0.876,2026-09-13
5614-DNZCE,0.0394,Unlikely to churn,0.9606,2026-09-13
1095-JUDTC,0.1719,Unlikely to churn,0.8281,2026-09-13
3896-RCYYE,0.0968,Unlikely to churn,0.9032,2026-09-13
9638-JIQYA,0.4598,Unlikely to churn,0.5402,2026-09-13
3258-SANFR,0.3648,Unlikely to churn,0.6352,2026-09-13
3726-TBHQT,0.051,Unlikely to churn,0.949,2026-09-13
3190-ITQXP,0.0165,Unlikely to churn,0.9835,2026-09-13
0870-VEMYL,0.2161,Unlikely to churn,0.7839,2026-09-13
4833-QTJNO,0.0421,Unlikely to churn,0.9579,2026-09-13
3039-MJSLN,0.2783,Unlikely to churn,0.7217,2026-09-13
0178-CIIKR,0.3751,Unlikely to churn,0.6249,2026-09-13
5385-SUIRI,0.2024,Unlikely to churn,0.7976,2026-09-13
3982-XWFZQ,0.2415,Unlikely to churn,0.7585,2026-09-13
5774-QPLTF,0.0726,Unlikely to churn,0.9274,2026-09-13
2322-VCZHZ,0.3415,Unlikely to churn,0.6585,2026-09-13
5010-IPEAQ,0.0133,Unlikely to churn,0.9867,2026-09-13
4009-ALQFH,0.3202,Unlikely to churn,0.6798,2026-09-13
6383-ZTSIW,0.1757,Unlikely to churn,0.8243,2026-09-13
8990-YOZLV,0.0,Unlikely to churn,1.0,2026-09-13
3069-SSVSN,0.522,Likely to churn,0.522,2026-09-13
5222-IMUKT,0.2204,Unlikely to churn,0.7796,2026-09-13
3627-FCRDW,0.3308,Unlikely to churn,0.6692,2026-09-13
7562-GSUHK,0.2533,Unlikely to churn,0.7467,2026-09-13
6685-XSHHU,0.0328,Unlikely to churn,0.9672,2026-09-13
8901-UPRHR,0.1051,Unlikely to churn,0.8949,2026-09-13
4903-UYAVB,0.3764,Unlikely to churn,0.6236,2026-09-13
0118-JPNOY,0.2156,Unlikely to churn,0.7844,2026-09-13
6776-TLWOI,0.3141,Unlikely to churn,0.6859,2026-09-13
3845-FXCYS,0.3934,Unlikely to churn,0.6066,2026-09-13
5857-XRECV,0.2735,Unlikely to churn,0.7265,2026-09-13
0725-CXOTM,0.1717,Unlikely to churn,0.8283,2026-09-13
4343-EJVQB,0.3293,Unlikely to churn,0.6707,2026-09-13
9000-PLFUZ,0.12,Unlikely to churn,0.88,2026-09-13
3427-GGZZI,0.3298,Unlikely to churn,0.6702,2026-09-13
7779-ORAEL,0.1193,Unlikely to churn,0.8807,2026-09-13
0644-OQMDK,0.5514,Likely to churn,0.5514,2026-09-13
4077-CROMM,0.2892,Unlikely to churn,0.7108,2026-09-13
3154-CFSZG,0.0034,Unlikely to churn,0.9966,2026-09-13
2868-MZAGQ,0.5135,Likely to churn,0.5135,2026-09-13
4847-QNOKA,0.5121,Likely to churn,0.5121,2026-09-13
2220-IAHLS,0.3297,Unlikely to churn,0.6703,2026-09-13
1658-XUHBX,0.0252,Unlikely to churn,0.9748,2026-09-13
6379-RXJRQ,0.4341,Unlikely to churn,0.5659,2026-09-13
2378-HTWFW,0.1206,Unlikely to churn,0.8794,2026-09-13
8650-RHRKE,0.5718,Likely to churn,0.5718,2026-09-13
4377-VDHYI,0.2066,Unlikely to churn,0.7934,2026-09-13
0475-RIJEP,0.1496,Unlikely to churn,0.8504,2026-09-13
1260-TTRXI,0.3771,Unlikely to churn,0.6229,2026-09-13
3719-TDVQB,0.0076,Unlikely to churn,0.9924,2026-09-13
6328-ZPBGN,0.4506,Unlikely to churn,0.5494,2026-09-13
0201-MIBOL,0.1026,Unlikely to churn,0.8974,2026-09-13
4937-QPZPO,0.1381,Unlikely to churn,0.8619,2026-09-13
2925-VDZHY,0.0,Unlikely to churn,1.0,2026-09-13
6981-TDRFT,0.1682,Unlikely to churn,0.8318,2026-09-13
3413-CSSTH,0.169,Unlikely to churn,0.831,2026-09-13
8033-VCZGH,0.1347,Unlikely to churn,0.8653,2026-09-13
4789-KWMXN,0.1612,Unlikely to churn,0.8388,2026-09-13
0224-NIJLP,0.2492,Unlikely to churn,0.7508,2026-09-13
7542-CYDDM,0.2488,Unlikely to churn,0.7512,2026-09-13
4718-WXBGI,0.0273,Unlikely to churn,0.9727,2026-09-13
2867-UIMSS,0.4183,Unlikely to churn,0.5817,2026-09-13
8495-PRWFH,0.1622,Unlikely to churn,0.8378,2026-09-13
0439-IFYUN,0.3295,Unlikely to churn,0.6705,2026-09-13
5716-LIBJC,0.3278,Unlikely to churn,0.6722,2026-09-13
2868-LLSKM,0.0321,Unlikely to churn,0.9679,2026-09-13
8111-RKSPX,0.4358,Unlikely to churn,0.5642,2026-09-13
2988-QRAJY,0.094,Unlikely to churn,0.906,2026-09-13
1585-MQSSU,0.2685,Unlikely to churn,0.7315,2026-09-13
0071-NDAFP,0.1004,Unlikely to churn,0.8996,2026-09-13
2856-NNASM,0.2597,Unlikely to churn,0.7403,2026-09-13
7328-ZJAJO,0.0721,Unlikely to churn,0.9279,2026-09-13
6458-CYIDZ,0.3604,Unlikely to churn,0.6396,2026-09-13
8559-CIZFV,0.1502,Unlikely to churn,0.8498,2026-09-13
1090-PYKCI,0.0347,Unlikely to churn,0.9653,2026-09-13
3058-WQDRE,0.3828,Unlikely to churn,0.6172,2026-09-13
7547-EKNFS,0.0962,Unlikely to churn,0.9038,2026-09-13
2279-AXJJK,0.1469,Unlikely to churn,0.8531,2026-09-13
6769-DYBQN,0.1004,Unlikely to churn,0.8996,2026-09-13
0909-SELIE,0.0755,Unlikely to churn,0.9245,2026-09-13
3417-TSCIC,0.2813,Unlikely to churn,0.7187,2026-09-13
1042-HFUCW,0.16,Unlikely to churn,0.84,2026-09-13
4439-JMPMT,0.4552,Unlikely to churn,0.5448,2026-09-13
6537-OTKMY,0.4073,Unlikely to churn,0.5927,2026-09-13
8999-EXMNO,0.1734,Unlikely to churn,0.8266,2026-09-13
6725-TPKJO,0.0997,Unlikely to churn,0.9003,2026-09-13
2446-BEGGB,0.5572,Likely to churn,0.5572,2026-09-13
7162-WPHPM,0.0285,Unlikely to churn,0.9715,2026-09-13
1599-MMYRQ,0.0353,Unlikely to churn,0.9647,2026-09-13
8821-KVZKQ,0.0774,Unlikely to churn,0.9226,2026-09-13
1496-GGSUK,0.5948,Likely to churn,0.5948,2026-09-13
6434-TTGJP,0.2631,Unlikely to churn,0.7369,2026-09-13
0042-JVWOJ,0.166,Unlikely to churn,0.834,2026-09-13
0130-SXOUN,0.0445,Unlikely to churn,0.9555,2026-09-13
2575-GFSOE,0.4442,Unlikely to churn,0.5558,2026-09-13
2330-PQGDQ,0.0615,Unlikely to churn,0.9385,2026-09-13
1452-UZOSF,0.0278,Unlikely to churn,0.9722,2026-09-13
2097-YVPKN,0.0337,Unlikely to churn,0.9663,2026-09-13
2842-JTCCU,0.3771,Unlikely to churn,0.6229,2026-09-13
8597-CTXVJ,0.0,Unlikely to churn,1.0,2026-09-13
6631-HMANX,0.0396,Unlikely to churn,0.9604,2026-09-13
9962-BFPDU,0.31,Unlikely to churn,0.69,2026-09-13
3296-SILRA,0.5816,Likely to churn,0.5816,2026-09-13
9681-OXGVC,0.5423,Likely to churn,0.5423,2026-09-13
6394-HHHZM,0.381,Unlikely to churn,0.619,2026-09-13
5995-LFTLE,0.0482,Unlikely to churn,0.9518,2026-09-13
5180-UCIIQ,0.24,Unlikely to churn,0.76,2026-09-13
1932-UEDCX,0.2896,Unlikely to churn,0.7104,2026-09-13
7153-OANIO,0.3896,Unlikely to churn,0.6104,2026-09-13
5188-HGMLP,0.0546,Unlikely to churn,0.9454,2026-09-13
0665-XHDJU,0.0756,Unlikely to churn,0.9244,2026-09-13
6521-YYTYI,0.5828,Likely to churn,0.5828,2026-09-13
8878-HMWBV,0.4647,Unlikely to churn,0.5353,2026-09-13
8265-HKSOW,0.0114,Unlikely to churn,0.9886,2026-09-13
3544-FBCAS,0.071,Unlikely to churn,0.929,2026-09-13
5331-RGMTT,0.1995,Unlikely to churn,0.8005,2026-09-13
4759-PXTAN,0.1311,Unlikely to churn,0.8689,2026-09-13
7054-DMVAS,0.0336,Unlikely to churn,0.9664,2026-09-13
3428-MMGUB,0.0827,Unlikely to churn,0.9173,2026-09-13
6549-BTYPG,0.1194,Unlikely to churn,0.8806,2026-09-13
7823-JSOAG,0.4298,Unlikely to churn,0.5702,2026-09-13
3705-RHRFR,0.048,Unlikely to churn,0.952,2026-09-13
9374-YOLBJ,0.3292,Unlikely to churn,0.6708,2026-09-13
9074-KGVOX,0.1245,Unlikely to churn,0.8755,2026-09-13
6128-DAFVY,0.1069,Unlikely to churn,0.8931,2026-09-13
9933-QRGTX,0.1213,Unlikely to churn,0.8787,2026-09-13
4476-OSWTN,0.1324,Unlikely to churn,0.8676,2026-09-13
3751-KTZEL,0.4387,Unlikely to churn,0.5613,2026-09-13
1977-STDKI,0.5353,Likely to churn,0.5353,2026-09-13
5066-GFJMM,0.3911,Unlikely to churn,0.6089,2026-09-13
2661-GKBTK,0.0095,Unlikely to churn,0.9905,2026-09-13
0458-HEUZG,0.298,Unlikely to churn,0.702,2026-09-13
7268-WNTCP,0.0387,Unlikely to churn,0.9613,2026-09-13
0824-VWDPO,0.0825,Unlikely to churn,0.9175,2026-09-13
8409-WQJUX,0.2629,Unlikely to churn,0.7371,2026-09-13
2578-JQPHZ,0.1168,Unlikely to churn,0.8832,2026-09-13
3278-FSIXX,0.467,Unlikely to churn,0.533,2026-09-13
5813-UECBU,0.2227,Unlikely to churn,0.7773,2026-09-13
0328-GRPMV,0.5595,Likely to churn,0.5595,2026-09-13
9746-UGFAC,0.1372,Unlikely to churn,0.8628,2026-09-13
2946-KIQSP,0.2089,Unlikely to churn,0.7911,2026-09-13
0625-AFOHS,0.1334,Unlikely to churn,0.8666,2026-09-13
6726-WEXXK,0.2554,Unlikely to churn,0.7446,2026-09-13
4636-OLWOE,0.0889,Unlikely to churn,0.9111,2026-09-13
4342-HENTK,0.6482,Likely to churn,0.6482,2026-09-13
4685-ERGHK,0.1167,Unlikely to churn,0.8833,2026-09-13
0885-HMGPY,0.0238,Unlikely to churn,0.9762,2026-09-13
5003-OKNNK,0.1807,Unlikely to churn,0.8193,2026-09-13
4195-SMMNX,0.3852,Unlikely to churn,0.6148,2026-09-13
7208-PSIHR,0.1016,Unlikely to churn,0.8984,2026-09-13
4012-ZTHBR,0.2092,Unlikely to churn,0.7908,2026-09-13
0489-WMEMG,0.2497,Unlikely to churn,0.7503,2026-09-13
7435-ZNUYY,0.3749,Unlikely to churn,0.6251,2026-09-13
1354-YZFNB,0.2519,Unlikely to churn,0.7481,2026-09-13
6956-SMUCM,0.4256,Unlikely to churn,0.5744,2026-09-13
2985-FMWYF,0.3985,Unlikely to churn,0.6015,2026-09-13
2812-ENYMO,0.1883,Unlikely to churn,0.8117,2026-09-13
2717-HVIZY,0.276,Unlikely to churn,0.724,2026-09-13
3223-WZWJM,0.2833,Unlikely to churn,0.7167,2026-09-13
3422-GALYP,0.508,Likely to churn,0.508,2026-09-13
9053-JZFKV,0.0237,Unlikely to churn,0.9763,2026-09-13
2530-ENDWQ,0.0617,Unlikely to churn,0.9383,2026-09-13
2890-WFBHU,0.0765,Unlikely to churn,0.9235,2026-09-13
0327-WFZSY,0.1696,Unlikely to churn,0.8304,2026-09-13
7977-HXJKU,0.1315,Unlikely to churn,0.8685,2026-09-13
6615-ZGEDR,0.3098,Unlikely to churn,0.6902,2026-09-13
7033-CLAMM,0.0,Unlikely to churn,1.0,2026-09-13
4023-RTIQM,0.1889,Unlikely to churn,0.8111,2026-09-13
0864-FVJNJ,0.0605,Unlikely to churn,0.9395,2026-09-13
7356-IWLFW,0.1426,Unlikely to churn,0.8574,2026-09-13
9541-PWTWO,0.0774,Unlikely to churn,0.9226,2026-09-13
3967-VQOGC,0.0861,Unlikely to churn,0.9139,2026-09-13
7872-RDDLZ,0.03,Unlikely to churn,0.97,2026-09-13
9250-WYPLL,0.3996,Unlikely to churn,0.6004,2026-09-13
6308-CQRBU,0.0256,Unlikely to churn,0.9744,2026-09-13
2754-XBHTB,0.4008,Unlikely to churn,0.5992,2026-09-13
1597-LHYNC,0.3755,Unlikely to churn,0.6245,2026-09-13
0186-CAERR,0.0093,Unlikely to churn,0.9907,2026-09-13
3043-SUDUA,0.0896,Unlikely to churn,0.9104,2026-09-13
5442-BHQNG,0.4582,Unlikely to churn,0.5418,2026-09-13
2169-RRLFW,0.0,Unlikely to churn,1.0,2026-09-13
5872-OEQNH,0.104,Unlikely to churn,0.896,2026-09-13
3162-KKZXO,0.2145,Unlikely to churn,0.7855,2026-09-13
7055-VKGDA,0.1108,Unlikely to churn,0.8892,2026-09-13
0754-UKWQP,0.5764,Likely to churn,0.5764,2026-09-13
8873-GLDMH,0.538,Likely to churn,0.538,2026-09-13
5696-JVVQY,0.1179,Unlikely to churn,0.8821,2026-09-13
8946-BFWSG,0.0301,Unlikely to churn,0.9699,2026-09-13
7493-TPUWZ,0.4992,Unlikely to churn,0.5008,2026-09-13
0547-HURJB,0.1441,Unlikely to churn,0.8559,2026-09-13
8904-OPDCK,0.1472,Unlikely to churn,0.8528,2026-09-13
8845-LWKGE,0.1496,Unlikely to churn,0.8504,2026-09-13
1577-HKTFG,0.1054,Unlikely to churn,0.8946,2026-09-13
8752-STIVR,0.4873,Unlikely to churn,0.5127,2026-09-13
0691-NIKRI,0.1828,Unlikely to churn,0.8172,2026-09-13
5022-JNQEQ,0.3936,Unlikely to churn,0.6064,2026-09-13
4558-FANTW,0.2973,Unlikely to churn,0.7027,2026-09-13
3249-VHRIP,0.0592,Unlikely to churn,0.9408,2026-09-13
3736-BLEPA,0.1964,Unlikely to churn,0.8036,2026-09-13
4701-LKOZD,0.0593,Unlikely to churn,0.9407,2026-09-13
6603-QWSPR,0.1486,Unlikely to churn,0.8514,2026-09-13
9921-QFQUL,0.2798,Unlikely to churn,0.7202,2026-09-13
1929-ZCBHE,0.0866,Unlikely to churn,0.9134,2026-09-13
4378-MYPGO,0.0497,Unlikely to churn,0.9503,2026-09-13
8651-ENBZX,0.0926,Unlikely to churn,0.9074,2026-09-13
4129-LYCOI,0.0326,Unlikely to churn,0.9674,2026-09-13
7798-JVXYM,0.305,Unlikely to churn,0.695,2026-09-13
8647-SDTWQ,0.1094,Unlikely to churn,0.8906,2026-09-13
2696-ECXKC,0.0571,Unlikely to churn,0.9429,2026-09-13
2081-KJSQF,0.475,Unlikely to churn,0.525,2026-09-13
7623-TRNQN,0.439,Unlikely to churn,0.561,2026-09-13
3323-CPBWR,0.2345,Unlikely to churn,0.7655,2026-09-13
9330-IJWIO,0.443,Unlikely to churn,0.557,2026-09-13
3384-CTMSF,0.2173,Unlikely to churn,0.7827,2026-09-13
0902-RFHOF,0.0742,Unlikely to churn,0.9258,2026-09-13
9286-DOJGF,0.1831,Unlikely to churn,0.8169,2026-09-13
6048-QBXKL,0.5106,Likely to churn,0.5106,2026-09-13
9661-MHUMO,0.4342,Unlikely to churn,0.5658,2026-09-13
7718-RXDGG,0.3269,Unlikely to churn,0.6731,2026-09-13
1025-FALIX,0.269,Unlikely to churn,0.731,2026-09-13
3451-VAWLI,0.0768,Unlikely to churn,0.9232,2026-09-13
3407-QGWLG,0.378,Unlikely to churn,0.622,2026-09-13
1842-EZJMK,0.0814,Unlikely to churn,0.9186,2026-09-13
2347-WKKAE,0.2398,Unlikely to churn,0.7602,2026-09-13
8735-DCXNF,0.3105,Unlikely to churn,0.6895,2026-09-13
3214-IYUUQ,0.0913,Unlikely to churn,0.9087,2026-09-13
1936-UAFEH,0.0436,Unlikely to churn,0.9564,2026-09-13
3587-PMCOY,0.4797,Unlikely to churn,0.5203,2026-09-13
8079-XRJRS,0.0738,Unlikely to churn,0.9262,2026-09-13
1027-LKKQQ,0.0672,Unlikely to churn,0.9328,2026-09-13
7148-XZPHA,0.0356,Unlikely to churn,0.9644,2026-09-13
8073-IJDCM,0.4697,Unlikely to churn,0.5303,2026-09-13
5309-TAIKL,0.3098,Unlikely to churn,0.6902,2026-09-13
6856-RAURS,0.5218,Likely to churn,0.5218,2026-09-13
8778-LMWTJ,0.4232,Unlikely to churn,0.5768,2026-09-13
9717-IOAAF,0.139,Unlikely to churn,0.861,2026-09-13
8884-ADFVN,0.5681,Likely to churn,0.5681,2026-09-13
2845-KDHVX,0.0993,Unlikely to churn,0.9007,2026-09-13
0848-SOMKO,0.0,Unlikely to churn,1.0,2026-09-13
2720-WGKHP,0.5992,Likely to churn,0.5992,2026-09-13
6734-FQAJX,0.1484,Unlikely to churn,0.8516,2026-09-13
2869-ADAWR,0.152,Unlikely to churn,0.848,2026-09-13
1535-VTJOQ,0.2094,Unlikely to churn,0.7906,2026-09-13
6368-TZZDT,0.2199,Unlikely to churn,0.7801,2026-09-13
0943-ZQPXH,0.1497,Unlikely to churn,0.8503,2026-09-13
1293-BSEUN,0.0094,Unlikely to churn,0.9906,2026-09-13
9894-EZEWG,0.4433,Unlikely to churn,0.5567,2026-09-13
1302-TPUBN,0.0,Unlikely to churn,1.0,2026-09-13
7851-FLGGQ,0.5439,Likely to churn,0.5439,2026-09-13
0637-UBJRP,0.2675,Unlikely to churn,0.7325,2026-09-13
0940-OUQEC,0.3685,Unlikely to churn,0.6315,2026-09-13
2378-VTKDH,0.1114,Unlikely to churn,0.8886,2026-09-13
0927-CNGRH,0.2725,Unlikely to churn,0.7275,2026-09-13
8608-OZTLB,0.0926,Unlikely to churn,0.9074,2026-09-13
2335-GSODA,0.1461,Unlikely to churn,0.8539,2026-09-13
1952-DVVSW,0.284,Unlikely to churn,0.716,2026-09-13
0702-PGIBZ,0.5689,Likely to churn,0.5689,2026-09-13
6656-GULJQ,0.0792,Unlikely to churn,0.9208,2026-09-13
9853-JFZDU,0.0956,Unlikely to churn,0.9044,2026-09-13
1963-VAUKV,0.33,Unlikely to churn,0.67,2026-09-13
3777-XROBG,0.041,Unlikely to churn,0.959,2026-09-13
6994-FGRHH,0.0662,Unlikely to churn,0.9338,2026-09-13
4000-VGMQP,0.05,Unlikely to churn,0.95,2026-09-13
3999-WRNGR,0.12,Unlikely to churn,0.88,2026-09-13
3466-RITXD,0.2257,Unlikely to churn,0.7743,2026-09-13
2680-XKKNJ,0.2937,Unlikely to churn,0.7063,2026-09-13
3058-HJCUY,0.1889,Unlikely to churn,0.8111,2026-09-13
2974-GGUXS,0.2524,Unlikely to churn,0.7476,2026-09-13
7994-XIRTR,0.0095,Unlikely to churn,0.9905,2026-09-13
3259-FDWOY,0.0299,Unlikely to churn,0.9701,2026-09-13
2101-RANCD,0.1439,Unlikely to churn,0.8561,2026-09-13
7921-BEPCI,0.0592,Unlikely to churn,0.9408,2026-09-13
0807-ZABDG,0.3673,Unlikely to churn,0.6327,2026-09-13
8510-TMWYB,0.0689,Unlikely to churn,0.9311,2026-09-13
3258-ZKPAI,0.0101,Unlikely to churn,0.9899,2026-09-13
1428-IEDPR,0.1474,Unlikely to churn,0.8526,2026-09-13
5298-GSTLM,0.1511,Unlikely to churn,0.8489,2026-09-13
4450-YOOHP,0.2014,Unlikely to churn,0.7986,2026-09-13
6728-CZFEI,0.2739,Unlikely to churn,0.7261,2026-09-13
5748-RNCJT,0.0414,Unlikely to churn,0.9586,2026-09-13
3653-NCRDJ,0.0776,Unlikely to churn,0.9224,2026-09-13
6121-TNHBO,0.0858,Unlikely to churn,0.9142,2026-09-13
5119-NZPTV,0.4702,Unlikely to churn,0.5298,2026-09-13
6519-ZHPXP,0.0145,Unlikely to churn,0.9855,2026-09-13
7739-LAXOG,0.1745,Unlikely to churn,0.8255,2026-09-13
3472-QPRCH,0.0191,Unlikely to churn,0.9809,2026-09-13
8224-UAXBZ,0.0674,Unlikely to churn,0.9326,2026-09-13
9610-WCESF,0.0863,Unlikely to churn,0.9137,2026-09-13
9776-CLUJA,0.1485,Unlikely to churn,0.8515,2026-09-13
2486-WYVVE,0.2969,Unlikely to churn,0.7031,2026-09-13
3865-ZYKAD,0.0597,Unlikely to churn,0.9403,2026-09-13
1422-DGUBX,0.2573,Unlikely to churn,0.7427,2026-09-13
2999-AANRQ,0.1449,Unlikely to churn,0.8551,2026-09-13
8668-KNZTI,0.0,Unlikely to churn,1.0,2026-09-13
0480-KYJVA,0.0229,Unlikely to churn,0.9771,2026-09-13
6034-ZRYCV,0.075,Unlikely to churn,0.925,2026-09-13
9746-YKGXB,0.1011,Unlikely to churn,0.8989,2026-09-13
3926-YZVVX,0.1204,Unlikely to churn,0.8796,2026-09-13
6000-UKLWI,0.0532,Unlikely to churn,0.9468,2026-09-13
2079-FBMZK,0.509,Likely to churn,0.509,2026-09-13
6332-FBZRI,0.0201,Unlikely to churn,0.9799,2026-09-13
2096-XOTMO,0.1575,Unlikely to churn,0.8425,2026-09-13
3266-FTKHB,0.2088,Unlikely to churn,0.7912,2026-09-13
8221-EQDGL,0.1252,Unlikely to churn,0.8748,2026-09-13
2346-LOCWC,0.0752,Unlikely to churn,0.9248,2026-09-13
6608-QQLVK,0.5008,Likely to churn,0.5008,2026-09-13
0298-XACET,0.0737,Unlikely to churn,0.9263,2026-09-13
7560-QJAVJ,0.055,Unlikely to churn,0.945,2026-09-13
2995-YWTCD,0.2298,Unlikely to churn,0.7702,2026-09-13
3551-HUAZH,0.5998,Likely to churn,0.5998,2026-09-13
9137-UIYPG,0.2628,Unlikely to churn,0.7372,2026-09-13
2809-ZMYOQ,0.3367,Unlikely to churn,0.6633,2026-09-13
5084-OOVCJ,0.2339,Unlikely to churn,0.7661,2026-09-13
0254-WWRKD,0.0651,Unlikely to churn,0.9349,2026-09-13
7727-SHVZV,0.219,Unlikely to churn,0.781,2026-09-13
6302-JGYRJ,0.2006,Unlikely to churn,0.7994,2026-09-13
5339-PXDVH,0.4398,Unlikely to churn,0.5602,2026-09-13
2205-LPVGL,0.1216,Unlikely to churn,0.8784,2026-09-13
8782-NUUOL,0.0518,Unlikely to churn,0.9482,2026-09-13
3685-YLCMQ,0.1212,Unlikely to churn,0.8788,2026-09-13
7601-WFVZV,0.3877,Unlikely to churn,0.6123,2026-09-13
4609-KNNWG,0.156,Unlikely to churn,0.844,2026-09-13
4868-AADLV,0.1027,Unlikely to churn,0.8973,2026-09-13
9529-OFXHY,0.3014,Unlikely to churn,0.6986,2026-09-13
8634-MPHTR,0.2488,Unlikely to churn,0.7512,2026-09-13
2669-QVCRG,0.1545,Unlikely to churn,0.8455,2026-09-13
2478-EEWWM,0.1217,Unlikely to churn,0.8783,2026-09-13
9174-IHETN,0.0695,Unlikely to churn,0.9305,2026-09-13
2233-TXSIU,0.2077,Unlikely to churn,0.7923,2026-09-13
9644-UMGQA,0.3833,Unlikely to churn,0.6167,2026-09-13
3256-EZDBI,0.1502,Unlikely to churn,0.8498,2026-09-13
8761-NSOBC,0.1826,Unlikely to churn,0.8174,2026-09-13
0419-YAAPX,0.1441,Unlikely to churn,0.8559,2026-09-13
8413-VONUO,0.4543,Unlikely to churn,0.5457,2026-09-13
0872-CASZJ,0.0907,Unlikely to churn,0.9093,2026-09-13
4726-DLWQN,0.0877,Unlikely to churn,0.9123,2026-09-13
8164-OCKUJ,0.0,Unlikely to churn,1.0,2026-09-13
3094-JOJAI,0.3046,Unlikely to churn,0.6954,2026-09-13
9494-MRNYX,0.3617,Unlikely to churn,0.6383,2026-09-13
2599-CZABP,0.3755,Unlikely to churn,0.6245,2026-09-13
7945-PRBVF,0.134,Unlikely to churn,0.866,2026-09-13
4544-RXFMG,0.4143,Unlikely to churn,0.5857,2026-09-13
0859-YGKFW,0.1479,Unlikely to churn,0.8521,2026-09-13
1150-FTQGN,0.0492,Unlikely to churn,0.9508,2026-09-13
9223-UCPVT,0.439,Unlikely to churn,0.561,2026-09-13
7196-LIWRH,0.243,Unlikely to churn,0.757,2026-09-13
5448-VWNAM,0.1763,Unlikely to churn,0.8237,2026-09-13
1177-XZBJL,0.0445,Unlikely to churn,0.9555,2026-09-13
3518-FSTWG,0.0111,Unlikely to churn,0.9889,2026-09-13
9330-VOFSZ,0.0833,Unlikely to churn,0.9167,2026-09-13
4351-QLCSU,0.4351,Unlikely to churn,0.5649,2026-09-13
0939-EREMR,0.2165,Unlikely to churn,0.7835,2026-09-13
9389-ACWBI,0.2774,Unlikely to churn,0.7226,2026-09-13
5419-JPRRN,0.5757,Likely to churn,0.5757,2026-09-13
3644-QXEHN,0.38,Unlikely to churn,0.62,2026-09-13
2911-IJORQ,0.1593,Unlikely to churn,0.8407,2026-09-13
5921-NGYRH,0.0631,Unlikely to churn,0.9369,2026-09-13
2100-BDNSN,0.242,Unlikely to churn,0.758,2026-09-13
5998-DZLYR,0.0728,Unlikely to churn,0.9272,2026-09-13
0488-GSLFR,0.5008,Likely to churn,0.5008,2026-09-13
9318-NKNFC,0.41,Unlikely to churn,0.59,2026-09-13
3985-HOYPM,0.1869,Unlikely to churn,0.8131,2026-09-13
9728-FTTVZ,0.5103,Likely to churn,0.5103,2026-09-13
9548-LERKT,0.1427,Unlikely to churn,0.8573,2026-09-13
6576-FBXOJ,0.3449,Unlikely to churn,0.6551,2026-09-13
4310-KEDTB,0.2716,Unlikely to churn,0.7284,2026-09-13
7254-IQWOZ,0.465,Unlikely to churn,0.535,2026-09-13
2474-BRUCM,0.22,Unlikely to churn,0.78,2026-09-13
4062-HBMOS,0.1851,Unlikely to churn,0.8149,2026-09-13
0742-NXBGR,0.5005,Likely to churn,0.5005,2026-09-13
2676-ISHSF,0.4127,Unlikely to churn,0.5873,2026-09-13
9236-NDUCW,0.2821,Unlikely to churn,0.7179,2026-09-13
4753-PADAS,0.125,Unlikely to churn,0.875,2026-09-13
6103-QCKFX,0.1505,Unlikely to churn,0.8495,2026-09-13
7781-EWARA,0.0679,Unlikely to churn,0.9321,2026-09-13
6110-OHIHY,0.4057,Unlikely to churn,0.5943,2026-09-13
7018-FPXHH,0.0843,Unlikely to churn,0.9157,2026-09-13
5889-LFOLL,0.3962,Unlikely to churn,0.6038,2026-09-13
5708-EVONK,0.0705,Unlikely to churn,0.9295,2026-09-13
8708-XPXHZ,0.2022,Unlikely to churn,0.7978,2026-09-13
0616-ATFGB,0.5419,Likely to churn,0.5419,2026-09-13
0572-ZJKLT,0.0676,Unlikely to churn,0.9324,2026-09-13
5135-RDDQL,0.0272,Unlikely to churn,0.9728,2026-09-13
1353-LJWEM,0.36,Unlikely to churn,0.64,2026-09-13
1794-SWWKL,0.2505,Unlikely to churn,0.7495,2026-09-13
6166-YIPFO,0.011,Unlikely to churn,0.989,2026-09-13
7016-BPGEU,0.2064,Unlikely to churn,0.7936,2026-09-13
6876-ADESB,0.3094,Unlikely to churn,0.6906,2026-09-13
9332-GYWLO,0.2963,Unlikely to churn,0.7037,2026-09-13
1963-SVUCV,0.4293,Unlikely to churn,0.5707,2026-09-13
4184-VODJZ,0.0851,Unlikely to churn,0.9149,2026-09-13
0220-EBGCE,0.5197,Likely to churn,0.5197,2026-09-13
1092-WPIVQ,0.2054,Unlikely to churn,0.7946,2026-09-13
7233-IOQNP,0.1298,Unlikely to churn,0.8702,2026-09-13
2834-JKOOW,0.2819,Unlikely to churn,0.7181,2026-09-13
2754-VDLTR,0.3789,Unlikely to churn,0.6211,2026-09-13
2400-FEQME,0.075,Unlikely to churn,0.925,2026-09-13
3190-XFANI,0.1602,Unlikely to churn,0.8398,2026-09-13
7551-DACSP,0.3882,Unlikely to churn,0.6118,2026-09-13
4957-SREEC,0.0552,Unlikely to churn,0.9448,2026-09-13
7235-NXZCP,0.4974,Unlikely to churn,0.5026,2026-09-13
0230-UBYPQ,0.0428,Unlikely to churn,0.9572,2026-09-13
4923-ADWXJ,0.1652,Unlikely to churn,0.8348,2026-09-13
1763-KUAAW,0.2182,Unlikely to churn,0.7818,2026-09-13
1104-TNLZA,0.4241,Unlikely to churn,0.5759,2026-09-13
5195-KPUNQ,0.0795,Unlikely to churn,0.9205,2026-09-13
0520-FDVVT,0.2625,Unlikely to churn,0.7375,2026-09-13
3439-GVUSX,0.4439,Unlikely to churn,0.5561,2026-09-13
1444-VVSGW,0.0113,Unlikely to churn,0.9887,2026-09-13
5712-PTIWW,0.4624,Unlikely to churn,0.5376,2026-09-13
5949-HGVJL,0.2527,Unlikely to churn,0.7473,2026-09-13
5203-XEHAX,0.0889,Unlikely to churn,0.9111,2026-09-13
1635-HDGFT,0.1813,Unlikely to churn,0.8187,2026-09-13
3315-TOTBP,0.4228,Unlikely to churn,0.5772,2026-09-13
8050-XGRVL,0.0633,Unlikely to churn,0.9367,2026-09-13
6661-HBGWL,0.1922,Unlikely to churn,0.8078,2026-09-13
1518-VOWAV,0.388,Unlikely to churn,0.612,2026-09-13
9828-QHFBK,0.2844,Unlikely to churn,0.7156,2026-09-13
3908-MKIMJ,0.1236,Unlikely to churn,0.8764,2026-09-13
5012-YSPJJ,0.0481,Unlikely to churn,0.9519,2026-09-13
5909-ECHUI,0.4792,Unlikely to churn,0.5208,2026-09-13
1309-BXVOQ,0.385,Unlikely to churn,0.615,2026-09-13
6728-VOIFY,0.0857,Unlikely to churn,0.9143,2026-09-13
9317-WZPGV,0.4757,Unlikely to churn,0.5243,2026-09-13
4891-NLUBA,0.0713,Unlikely to churn,0.9287,2026-09-13
2856-HYAPG,0.4056,Unlikely to churn,0.5944,2026-09-13
8969-PRHFK,0.1992,Unlikely to churn,0.8008,2026-09-13
0661-KQHNK,0.2352,Unlikely to churn,0.7648,2026-09-13
8709-KRDVL,0.2977,Unlikely to churn,0.7023,2026-09-13
4488-PSYCG,0.1604,Unlikely to churn,0.8396,2026-09-13
1427-VERSM,0.1325,Unlikely to churn,0.8675,2026-09-13
9801-NOSHQ,0.1377,Unlikely to churn,0.8623,2026-09-13
6339-YPSAH,0.3668,Unlikely to churn,0.6332,2026-09-13
3621-CEOVK,0.5193,Likely to churn,0.5193,2026-09-13
6906-ANDWJ,0.2925,Unlikely to churn,0.7075,2026-09-13
2159-TURXX,0.2936,Unlikely to churn,0.7064,2026-09-13
1548-FEHVL,0.1451,Unlikely to churn,0.8549,2026-09-13
3795-CAWEX,0.0905,Unlikely to churn,0.9095,2026-09-13
6215-NQCPY,0.417,Unlikely to churn,0.583,2026-09-13
5647-URDKA,0.2346,Unlikely to churn,0.7654,2026-09-13
2229-DPMBI,0.2084,Unlikely to churn,0.7916,2026-09-13
9626-WEQRM,0.4976,Unlikely to churn,0.5024,2026-09-13
2188-SXWVT,0.1763,Unlikely to churn,0.8237,2026-09-13
6258-PVZWJ,0.0926,Unlikely to churn,0.9074,2026-09-13
1094-BKOSX,0.0373,Unlikely to churn,0.9627,2026-09-13
6969-MVBAI,0.4563,Unlikely to churn,0.5437,2026-09-13
2978-XXSOG,0.273,Unlikely to churn,0.727,2026-09-13
2342-CKIAO,0.3534,Unlikely to churn,0.6466,2026-09-13
6953-PBDIN,0.0,Unlikely to churn,1.0,2026-09-13
3898-BSJYF,0.1107,Unlikely to churn,0.8893,2026-09-13
3938-YFPXD,0.0425,Unlikely to churn,0.9575,2026-09-13
7696-AMHOD,0.0023,Unlikely to churn,0.9977,2026-09-13
2453-SAFNS,0.0531,Unlikely to churn,0.9469,2026-09-13
9558-IHEZX,0.0648,Unlikely to churn,0.9352,2026-09-13
9617-UDPEU,0.2426,Unlikely to churn,0.7574,2026-09-13
6340-DACFT,0.0368,Unlikely to churn,0.9632,2026-09-13
4955-VCWBI,0.0579,Unlikely to churn,0.9421,2026-09-13
6813-GZQCG,0.1029,Unlikely to churn,0.8971,2026-09-13
7426-GSWPO,0.1066,Unlikely to churn,0.8934,2026-09-13
3389-KTRXV,0.1313,Unlikely to churn,0.8687,2026-09-13
3118-UHVVQ,0.0264,Unlikely to churn,0.9736,2026-09-13
1031-IIDEO,0.5393,Likely to churn,0.5393,2026-09-13
5832-XKAES,0.5041,Likely to churn,0.5041,2026-09-13
3205-MXZRA,0.181,Unlikely to churn,0.819,2026-09-13
4701-AHWMW,0.1536,Unlikely to churn,0.8464,2026-09-13
8317-BVKSO,0.2841,Unlikely to churn,0.7159,2026-09-13
5702-KVQRD,0.0383,Unlikely to churn,0.9617,2026-09-13
0083-PIVIK,0.0277,Unlikely to churn,0.9723,2026-09-13
9210-IAHGH,0.3684,Unlikely to churn,0.6316,2026-09-13
6169-PGNCD,0.0151,Unlikely to churn,0.9849,2026-09-13
0023-XUOPT,0.3324,Unlikely to churn,0.6676,2026-09-13
4592-IWTJI,0.3655,Unlikely to churn,0.6345,2026-09-13
4909-JOUPP,0.0426,Unlikely to churn,0.9574,2026-09-13
4657-FWVFY,0.1522,Unlikely to churn,0.8478,2026-09-13
2257-BOVXD,0.2797,Unlikely to churn,0.7203,2026-09-13
7729-JTEEC,0.4809,Unlikely to churn,0.5191,2026-09-13
7632-MNYOY,0.023,Unlikely to churn,0.977,2026-09-13
6518-LGAOV,0.2547,Unlikely to churn,0.7453,2026-09-13
7242-QZLXF,0.5254,Likely to churn,0.5254,2026-09-13
4576-CSAJH,0.2385,Unlikely to churn,0.7615,2026-09-13
1000-AJSLD,0.4179,Unlikely to churn,0.5821,2026-09-13
9696-RMYBA,0.4028,Unlikely to churn,0.5972,2026-09-13
8690-UPCZI,0.0648,Unlikely to churn,0.9352,2026-09-13
1062-LHZOD,0.4829,Unlikely to churn,0.5171,2026-09-13
9770-LXDBK,0.328,Unlikely to churn,0.672,2026-09-13
4086-WITJG,0.0666,Unlikely to churn,0.9334,2026-09-13
8344-WFMFH,0.3754,Unlikely to churn,0.6246,2026-09-13
9600-NAXZN,0.2375,Unlikely to churn,0.7625,2026-09-13
8822-KNBHV,0.0965,Unlikely to churn,0.9035,2026-09-13
8404-FYDIB,0.2717,Unlikely to churn,0.7283,2026-09-13
2791-SFVEW,0.2065,Unlikely to churn,0.7935,2026-09-13
6457-USBER,0.516,Likely to churn,0.516,2026-09-13
6762-NSODU,0.0153,Unlikely to churn,0.9847,2026-09-13
4662-EKDPQ,0.403,Unlikely to churn,0.597,2026-09-13
9248-OJYKK,0.5941,Likely to churn,0.5941,2026-09-13
9888-ZCUMM,0.0442,Unlikely to churn,0.9558,2026-09-13
3398-FSHON,0.4409,Unlikely to churn,0.5591,2026-09-13
3319-DWOEP,0.5846,Likely to churn,0.5846,2026-09-13
1074-WVEVG,0.0355,Unlikely to churn,0.9645,2026-09-13
9979-RGMZT,0.4891,Unlikely to churn,0.5109,2026-09-13
6437-UDQJM,0.0295,Unlikely to churn,0.9705,2026-09-13
1226-IENZN,0.4116,Unlikely to churn,0.5884,2026-09-13
2108-GLPQB,0.1729,Unlikely to churn,0.8271,2026-09-13
9259-PACGQ,0.1267,Unlikely to churn,0.8733,2026-09-13
4415-IJZTP,0.4987,Unlikely to churn,0.5013,2026-09-13
1465-VINDH,0.3685,Unlikely to churn,0.6315,2026-09-13
5474-LAMUQ,0.1713,Unlikely to churn,0.8287,2026-09-13
3468-DRVQJ,0.2104,Unlikely to churn,0.7896,2026-09-13
1122-YJBCS,0.0476,Unlikely to churn,0.9524,2026-09-13
4990-ALDGW,0.0672,Unlikely to churn,0.9328,2026-09-13
4816-OKWNX,0.1266,Unlikely to churn,0.8734,2026-09-13
3315-IKYZQ,0.1853,Unlikely to churn,0.8147,2026-09-13
2810-FTLEM,0.3284,Unlikely to churn,0.6716,2026-09-13
4747-LCAQL,0.2299,Unlikely to churn,0.7701,2026-09-13
3411-WLRSQ,0.4373,Unlikely to churn,0.5627,2026-09-13
0898-XCGTF,0.0973,Unlikely to churn,0.9027,2026-09-13
8006-PYCSW,0.3358,Unlikely to churn,0.6642,2026-09-13
8249-THVEC,0.0253,Unlikely to churn,0.9747,2026-09-13
8722-PRFDV,0.0287,Unlikely to churn,0.9713,2026-09-13
2164-SOQXL,0.1317,Unlikely to churn,0.8683,2026-09-13
4020-KIUDI,0.1687,Unlikely to churn,0.8313,2026-09-13
5850-BDWCY,0.3214,Unlikely to churn,0.6786,2026-09-13
2038-YSEZE,0.1217,Unlikely to churn,0.8783,2026-09-13
0827-ITJPH,0.0934,Unlikely to churn,0.9066,2026-09-13
8799-OXZMD,0.2576,Unlikely to churn,0.7424,2026-09-13
1925-TIBLE,0.5007,Likely to churn,0.5007,2026-09-13
1705-GUHPV,0.0782,Unlikely to churn,0.9218,2026-09-13
4779-ZGICK,0.0471,Unlikely to churn,0.9529,2026-09-13
0048-PIHNL,0.045,Unlikely to churn,0.955,2026-09-13
0818-OCPZO,0.3587,Unlikely to churn,0.6413,2026-09-13
3967-KXAPS,0.0,Unlikely to churn,1.0,2026-09-13
1447-GIQMR,0.5924,Likely to churn,0.5924,2026-09-13
3704-IEAXF,0.1073,Unlikely to churn,0.8927,2026-09-13
6810-VCAEX,0.0,Unlikely to churn,1.0,2026-09-13
0674-EYYZV,0.5002,Likely to churn,0.5002,2026-09-13
4480-MBMLB,0.1991,Unlikely to churn,0.8009,2026-09-13
1395-OFUWC,0.0787,Unlikely to churn,0.9213,2026-09-13
0822-QGCXA,0.2002,Unlikely to churn,0.7998,2026-09-13
0872-NXJYS,0.4607,Unlikely to churn,0.5393,2026-09-13
2832-KJCRD,0.2439,Unlikely to churn,0.7561,2026-09-13
3588-WSTTJ,0.2918,Unlikely to churn,0.7082,2026-09-13
4075-WKNIU,0.2712,Unlikely to churn,0.7288,2026-09-13
5090-EMGTC,0.142,Unlikely to churn,0.858,2026-09-13
2346-CZYIL,0.0873,Unlikely to churn,0.9127,2026-09-13
3798-EPWRR,0.3905,Unlikely to churn,0.6095,2026-09-13
6258-NGCNG,0.356,Unlikely to churn,0.644,2026-09-13
4186-ZBUEW,0.1358,Unlikely to churn,0.8642,2026-09-13
5274-XHAKY,0.1207,Unlikely to churn,0.8793,2026-09-13
1442-BQPVU,0.318,Unlikely to churn,0.682,2026-09-13
3978-YNKDD,0.1485,Unlikely to churn,0.8515,2026-09-13
4940-KHCWD,0.098,Unlikely to churn,0.902,2026-09-13
9412-ARGBX,0.1219,Unlikely to churn,0.8781,2026-09-13
1389-CXMLU,0.3906,Unlikely to churn,0.6094,2026-09-13
9589-ABEPT,0.0263,Unlikely to churn,0.9737,2026-09-13
9388-ZEYVT,0.1055,Unlikely to churn,0.8945,2026-09-13
0305-SQECB,0.3698,Unlikely to churn,0.6302,2026-09-13
7605-SNLQG,0.0639,Unlikely to churn,0.9361,2026-09-13
4670-TABXH,0.0884,Unlikely to churn,0.9116,2026-09-13
5561-NWEVX,0.4257,Unlikely to churn,0.5743,2026-09-13
0064-SUDOG,0.2213,Unlikely to churn,0.7787,2026-09-13
8561-NMTBD,0.1203,Unlikely to churn,0.8797,2026-09-13
5161-XEUVX,0.1433,Unlikely to churn,0.8567,2026-09-13
8292-FRFZQ,0.1192,Unlikely to churn,0.8808,2026-09-13
8591-NXRCV,0.0597,Unlikely to churn,0.9403,2026-09-13
7895-VONWT,0.4016,Unlikely to churn,0.5984,2026-09-13
4526-RMTLL,0.2315,Unlikely to churn,0.7685,2026-09-13
6253-GNHWH,0.0,Unlikely to churn,1.0,2026-09-13
4566-NECEV,0.3522,Unlikely to churn,0.6478,2026-09-13
8080-POTJR,0.1838,Unlikely to churn,0.8162,2026-09-13
6906-MPARY,0.1287,Unlikely to churn,0.8713,2026-09-13
3662-FXJFO,0.1014,Unlikely to churn,0.8986,2026-09-13
8107-RZLNV,0.0462,Unlikely to churn,0.9538,2026-09-13
0516-OOHAR,0.2238,Unlikely to churn,0.7762,2026-09-13
2027-CWDNU,0.2604,Unlikely to churn,0.7396,2026-09-13
2737-WFVYW,0.6773,Likely to churn,0.6773,2026-09-13
9912-OMZDS,0.084,Unlikely to churn,0.916,2026-09-13
3733-ZEECP,0.2544,Unlikely to churn,0.7456,2026-09-13
7878-RTCZG,0.33,Unlikely to churn,0.67,2026-09-13
2452-MRMZF,0.0253,Unlikely to churn,0.9747,2026-09-13
2272-QAGFO,0.4696,Unlikely to churn,0.5304,2026-09-13
7103-IPXPJ,0.1831,Unlikely to churn,0.8169,2026-09-13
4342-HFXWS,0.076,Unlikely to churn,0.924,2026-09-13
3545-CNWRG,0.152,Unlikely to churn,0.848,2026-09-13
1785-BPHTP,0.1791,Unlikely to churn,0.8209,2026-09-13
4989-LIXVT,0.0581,Unlikely to churn,0.9419,2026-09-13
7315-WYOAW,0.3451,Unlikely to churn,0.6549,2026-09-13
1173-XZPYF,0.3756,Unlikely to churn,0.6244,2026-09-13
9850-OWRHQ,0.4532,Unlikely to churn,0.5468,2026-09-13
3768-NLUBH,0.1336,Unlikely to churn,0.8664,2026-09-13
8676-TRMJS,0.3665,Unlikely to churn,0.6335,2026-09-13
2509-TFPJU,0.0196,Unlikely to churn,0.9804,2026-09-13
9530-GRMJG,0.0933,Unlikely to churn,0.9067,2026-09-13
6898-RBTLU,0.0957,Unlikely to churn,0.9043,2026-09-13
5481-NTDOH,0.0796,Unlikely to churn,0.9204,2026-09-13
2068-WWXQZ,0.0143,Unlikely to churn,0.9857,2026-09-13
7359-SSBJK,0.0571,Unlikely to churn,0.9429,2026-09-13
2061-VVFST,0.0155,Unlikely to churn,0.9845,2026-09-13
0685-MLYYM,0.4928,Unlikely to churn,0.5072,2026-09-13
0749-IRGQE,0.4592,Unlikely to churn,0.5408,2026-09-13
2380-DAMQP,0.1088,Unlikely to churn,0.8912,2026-09-13
2256-YLYLP,0.0,Unlikely to churn,1.0,2026-09-13
1272-ILHFG,0.2204,Unlikely to churn,0.7796,2026-09-13
0164-XAIRP,0.1862,Unlikely to churn,0.8138,2026-09-13
5666-CYCYZ,0.3042,Unlikely to churn,0.6958,2026-09-13
4011-ARPHK,0.1501,Unlikely to churn,0.8499,2026-09-13
8182-PNAGI,0.2597,Unlikely to churn,0.7403,2026-09-13
6365-HITVU,0.0431,Unlikely to churn,0.9569,2026-09-13
7558-IMLMT,0.09,Unlikely to churn,0.91,2026-09-13
9488-FYQAU,0.1178,Unlikely to churn,0.8822,2026-09-13
3590-TCXTB,0.3282,Unlikely to churn,0.6718,2026-09-13
6994-KERXL,0.4455,Unlikely to churn,0.5545,2026-09-13
7957-RYHQD,0.1177,Unlikely to churn,0.8823,2026-09-13
2180-DXNEG,0.5054,Likely to churn,0.5054,2026-09-13
1960-UOTYM,0.0367,Unlikely to churn,0.9633,2026-09-13
2740-JFBOK,0.3968,Unlikely to churn,0.6032,2026-09-13
6500-JVEGC,0.0533,Unlikely to churn,0.9467,2026-09-13
5515-AKOAJ,0.1729,Unlikely to churn,0.8271,2026-09-13
8976-OQHGT,0.3033,Unlikely to churn,0.6967,2026-09-13
5245-VDBUR,0.1075,Unlikely to churn,0.8925,2026-09-13
6230-BSUXY,0.5329,Likely to churn,0.5329,2026-09-13
8469-SNFFH,0.0101,Unlikely to churn,0.9899,2026-09-13
2144-ESWKO,0.1544,Unlikely to churn,0.8456,2026-09-13
1241-FPMOF,0.0505,Unlikely to churn,0.9495,2026-09-13
9928-BZVLZ,0.2751,Unlikely to churn,0.7249,2026-09-13
4114-QMKVN,0.0522,Unlikely to churn,0.9478,2026-09-13
2775-SEFEE,0.3509,Unlikely to churn,0.6491,2026-09-13
9003-CPATH,0.1464,Unlikely to churn,0.8536,2026-09-13
1754-GKYPY,0.3574,Unlikely to churn,0.6426,2026-09-13
5294-CDGWY,0.0575,Unlikely to churn,0.9425,2026-09-13
7956-XQWGU,0.2205,Unlikely to churn,0.7795,2026-09-13
1591-MQJTP,0.1667,Unlikely to churn,0.8333,2026-09-13
5295-PCJOO,0.4317,Unlikely to churn,0.5683,2026-09-13
2369-FEVNO,0.4246,Unlikely to churn,0.5754,2026-09-13
9863-JZAIC,0.1439,Unlikely to churn,0.8561,2026-09-13
7471-MQPOS,0.0709,Unlikely to churn,0.9291,2026-09-13
7660-HDPJV,0.5123,Likely to churn,0.5123,2026-09-13
5115-SQAAU,0.0093,Unlikely to churn,0.9907,2026-09-13
9845-QOMAD,0.2563,Unlikely to churn,0.7437,2026-09-13
7672-VFMXZ,0.0591,Unlikely to churn,0.9409,2026-09-13
9739-JLPQJ,0.0899,Unlikely to churn,0.9101,2026-09-13
9916-AYHTC,0.0094,Unlikely to churn,0.9906,2026-09-13
3855-ONCAR,0.4594,Unlikely to churn,0.5406,2026-09-13
1488-SYSFC,0.2216,Unlikely to churn,0.7784,2026-09-13
7931-PXHFC,0.1616,Unlikely to churn,0.8384,2026-09-13
3990-QYKBE,0.3148,Unlikely to churn,0.6852,2026-09-13
0970-QXPXW,0.309,Unlikely to churn,0.691,2026-09-13
3259-KNMRR,0.1203,Unlikely to churn,0.8797,2026-09-13
6120-RJKLU,0.043,Unlikely to churn,0.957,2026-09-13
9572-WUKSB,0.5402,Likely to churn,0.5402,2026-09-13
5893-KCLGT,0.0,Unlikely to churn,1.0,2026-09-13
0076-LVEPS,0.2479,Unlikely to churn,0.7521,2026-09-13
3640-JQGJG,0.2543,Unlikely to churn,0.7457,2026-09-13
4919-MOAVT,0.3594,Unlikely to churn,0.6406,2026-09-13
1596-OQSPS,0.2662,Unlikely to churn,0.7338,2026-09-13
9867-XOBQA,0.2232,Unlikely to churn,0.7768,2026-09-13
9546-KDTRB,0.1525,Unlikely to churn,0.8475,2026-09-13
3090-HAWSU,0.061,Unlikely to churn,0.939,2026-09-13
9820-RMCQV,0.1924,Unlikely to churn,0.8076,2026-09-13
3174-RKMOW,0.2075,Unlikely to churn,0.7925,2026-09-13
1760-CAZHT,0.0947,Unlikely to churn,0.9053,2026-09-13
7839-QRKXN,0.4184,Unlikely to churn,0.5816,2026-09-13
8441-SHIPE,0.0587,Unlikely to churn,0.9413,2026-09-13
5204-QZXPU,0.3437,Unlikely to churn,0.6563,2026-09-13
4597-ELFTS,0.0606,Unlikely to churn,0.9394,2026-09-13
1320-GVNHT,0.0302,Unlikely to churn,0.9698,2026-09-13
1047-RNXZV,0.0819,Unlikely to churn,0.9181,2026-09-13
3541-ZNUHK,0.1525,Unlikely to churn,0.8475,2026-09-13
8450-JOVAH,0.355,Unlikely to churn,0.645,2026-09-13
8725-JEDFD,0.3006,Unlikely to churn,0.6994,2026-09-13
7562-UXTPG,0.3564,Unlikely to churn,0.6436,2026-09-13
8071-SBTRN,0.1309,Unlikely to churn,0.8691,2026-09-13
1113-IUJYX,0.3062,Unlikely to churn,0.6938,2026-09-13
6668-CNMFP,0.2834,Unlikely to churn,0.7166,2026-09-13
5626-MGTUK,0.2727,Unlikely to churn,0.7273,2026-09-13
5681-LLOEI,0.1306,Unlikely to churn,0.8694,2026-09-13
8212-DJRCH,0.4152,Unlikely to churn,0.5848,2026-09-13
4323-OHFOW,0.071,Unlikely to churn,0.929,2026-09-13
4933-BSAIP,0.1261,Unlikely to churn,0.8739,2026-09-13
2030-BTZRO,0.2695,Unlikely to churn,0.7305,2026-09-13
1116-DXXDF,0.2527,Unlikely to churn,0.7473,2026-09-13
9274-CNFMO,0.4509,Unlikely to churn,0.5491,2026-09-13
7758-XKCBS,0.4111,Unlikely to churn,0.5889,2026-09-13
8992-JQYUN,0.6143,Likely to churn,0.6143,2026-09-13
6563-VNPMN,0.1282,Unlikely to churn,0.8718,2026-09-13
0617-AQNWT,0.017,Unlikely to churn,0.983,2026-09-13
2267-WTPYD,0.0763,Unlikely to churn,0.9237,2026-09-13
0270-THENM,0.0172,Unlikely to churn,0.9828,2026-09-13
2446-PLQVO,0.51,Likely to churn,0.51,2026-09-13
4707-MAXGU,0.0193,Unlikely to churn,0.9807,2026-09-13
2710-WYVXG,0.2815,Unlikely to churn,0.7185,2026-09-13
3005-NFMTA,0.1593,Unlikely to churn,0.8407,2026-09-13
6300-BWMJX,0.0643,Unlikely to churn,0.9357,2026-09-13
8784-CGILN,0.3286,Unlikely to churn,0.6714,2026-09-13
5389-FFVKB,0.3115,Unlikely to churn,0.6885,2026-09-13
7009-LGECI,0.4308,Unlikely to churn,0.5692,2026-09-13
8444-WRIDW,0.0802,Unlikely to churn,0.9198,2026-09-13
5022-KVDQT,0.331,Unlikely to churn,0.669,2026-09-13
7976-CICYS,0.2884,Unlikely to churn,0.7116,2026-09-13
1036-GUDCL,0.0,Unlikely to churn,1.0,2026-09-13
2005-DWQZJ,0.2332,Unlikely to churn,0.7668,2026-09-13
8148-WOCMK,0.1611,Unlikely to churn,0.8389,2026-09-13
7815-PDTHL,0.1482,Unlikely to churn,0.8518,2026-09-13
9451-LPGOO,0.4851,Unlikely to churn,0.5149,2026-09-13
9173-IVZVP,0.0736,Unlikely to churn,0.9264,2026-09-13
9129-UXERG,0.3362,Unlikely to churn,0.6638,2026-09-13
3635-JBPSG,0.4057,Unlikely to churn,0.5943,2026-09-13
7964-ZRKKG,0.062,Unlikely to churn,0.938,2026-09-13
5868-YWPDW,0.5025,Likely to churn,0.5025,2026-09-13
6229-LSCKB,0.4896,Unlikely to churn,0.5104,2026-09-13
2025-JKFWI,0.5047,Likely to churn,0.5047,2026-09-13
4078-SAYYN,0.4852,Unlikely to churn,0.5148,2026-09-13
1724-IQWNM,0.4384,Unlikely to churn,0.5616,2026-09-13
8217-QYOHV,0.4032,Unlikely to churn,0.5968,2026-09-13
5546-QUERU,0.3336,Unlikely to churn,0.6664,2026-09-13
9940-HPQPG,0.2689,Unlikely to churn,0.7311,2026-09-13
6897-UUBNU,0.1695,Unlikely to churn,0.8305,2026-09-13
6127-IYJOZ,0.5714,Likely to churn,0.5714,2026-09-13
6618-RYATB,0.5074,Likely to churn,0.5074,2026-09-13
8930-XOTDP,0.1465,Unlikely to churn,0.8535,2026-09-13
5916-QEWPT,0.2453,Unlikely to churn,0.7547,2026-09-13
5060-TQUQN,0.2182,Unlikely to churn,0.7818,2026-09-13
0531-XBKMM,0.0579,Unlikely to churn,0.9421,2026-09-13
8465-SBRXP,0.1957,Unlikely to churn,0.8043,2026-09-13
2408-PSJVE,0.1132,Unlikely to churn,0.8868,2026-09-13
9079-YEXQJ,0.0657,Unlikely to churn,0.9343,2026-09-13
9700-ZCLOT,0.3222,Unlikely to churn,0.6778,2026-09-13
8738-JOKAR,0.1063,Unlikely to churn,0.8937,2026-09-13
4534-WGCIR,0.0011,Unlikely to churn,0.9989,2026-09-13
1930-WNXSB,0.1606,Unlikely to churn,0.8394,2026-09-13
2685-SREOM,0.339,Unlikely to churn,0.661,2026-09-13
3508-CFVZL,0.0647,Unlikely to churn,0.9353,2026-09-13
0402-CQAJN,0.2025,Unlikely to churn,0.7975,2026-09-13
6692-UDPJC,0.3131,Unlikely to churn,0.6869,2026-09-13
1273-MTETI,0.5621,Likely to churn,0.5621,2026-09-13
0657-DOGUM,0.1073,Unlikely to churn,0.8927,2026-09-13
5480-HPRRX,0.4891,Unlikely to churn,0.5109,2026-09-13
8792-AOROI,0.2765,Unlikely to churn,0.7235,2026-09-13
0295-PPHDO,0.5872,Likely to churn,0.5872,2026-09-13
5146-YYFRZ,0.027,Unlikely to churn,0.973,2026-09-13
1195-OIYEJ,0.4307,Unlikely to churn,0.5693,2026-09-13
5906-CVLHP,0.1208,Unlikely to churn,0.8792,2026-09-13
3452-SRFEG,0.121,Unlikely to churn,0.879,2026-09-13
4070-OKWVH,0.1072,Unlikely to churn,0.8928,2026-09-13
5297-MDOIR,0.0588,Unlikely to churn,0.9412,2026-09-13
6369-MCAKO,0.0342,Unlikely to churn,0.9658,2026-09-13
4926-UMJZD,0.194,Unlikely to churn,0.806,2026-09-13
6848-HJTXY,0.0495,Unlikely to churn,0.9505,2026-09-13
6341-AEVKX,0.0803,Unlikely to churn,0.9197,2026-09-13
4501-EQDRN,0.3545,Unlikely to churn,0.6455,2026-09-13
2990-HWIML,0.5396,Likely to churn,0.5396,2026-09-13
0682-USIXD,0.3224,Unlikely to churn,0.6776,2026-09-13
6976-BWGLQ,0.0,Unlikely to churn,1.0,2026-09-13
7078-NVFAM,0.2063,Unlikely to churn,0.7937,2026-09-13
8065-QBYTO,0.078,Unlikely to churn,0.922,2026-09-13
2133-TSRRM,0.1663,Unlikely to churn,0.8337,2026-09-13
7384-GHBPI,0.552,Likely to churn,0.552,2026-09-13
7603-USHJS,0.3247,Unlikely to churn,0.6753,2026-09-13
7234-FECYN,0.4564,Unlikely to churn,0.5436,2026-09-13
2511-ALLCS,0.0501,Unlikely to churn,0.9499,2026-09-13
3191-CSNMG,0.4585,Unlikely to churn,0.5415,2026-09-13
7952-OBOYL,0.4818,Unlikely to churn,0.5182,2026-09-13
7470-DYNOE,0.0742,Unlikely to churn,0.9258,2026-09-13
7853-OETYL,0.5184,Likely to churn,0.5184,2026-09-13
1545-ACTAS,0.0823,Unlikely to churn,0.9177,2026-09-13
5876-HZVZM,0.2731,Unlikely to churn,0.7269,2026-09-13
1400-MMYXY,0.5889,Likely to churn,0.5889,2026-09-13
5126-RCXYW,0.0279,Unlikely to churn,0.9721,2026-09-13
3085-QUOZK,0.4157,Unlikely to churn,0.5843,2026-09-13
2363-BJLSL,0.0198,Unlikely to churn,0.9802,2026-09-13
1956-YIFGE,0.2781,Unlikely to churn,0.7219,2026-09-13
3926-CUQZX,0.4064,Unlikely to churn,0.5936,2026-09-13
7921-LMDFQ,0.1218,Unlikely to churn,0.8782,2026-09-13
2925-MXLSX,0.1924,Unlikely to churn,0.8076,2026-09-13
5820-PTRYM,0.0388,Unlikely to churn,0.9612,2026-09-13
9609-BENEA,0.1776,Unlikely to churn,0.8224,2026-09-13
6211-WHMYA,0.0587,Unlikely to churn,0.9413,2026-09-13
4459-BBGHE,0.3315,Unlikely to churn,0.6685,2026-09-13
9945-PSVIP,0.162,Unlikely to churn,0.838,2026-09-13
1041-RXHRA,0.1116,Unlikely to churn,0.8884,2026-09-13
1750-CSKKM,0.2886,Unlikely to churn,0.7114,2026-09-13
9108-EJFJP,0.5427,Likely to churn,0.5427,2026-09-13
0530-IJVDB,0.0833,Unlikely to churn,0.9167,2026-09-13
0508-SQWPL,0.0256,Unlikely to churn,0.9744,2026-09-13
2215-ZAFGX,0.4758,Unlikely to churn,0.5242,2026-09-13
8213-TAZPM,0.1224,Unlikely to churn,0.8776,2026-09-13
7142-HVGBG,0.1964,Unlikely to churn,0.8036,2026-09-13
1304-SEGFY,0.0619,Unlikely to churn,0.9381,2026-09-13
7242-EDTYC,0.0429,Unlikely to churn,0.9571,2026-09-13
2904-GGUAZ,0.0354,Unlikely to churn,0.9646,2026-09-13
8267-ZNYVZ,0.252,Unlikely to churn,0.748,2026-09-13
5136-GFPMB,0.0295,Unlikely to churn,0.9705,2026-09-13
2595-KIWPV,0.1437,Unlikely to churn,0.8563,2026-09-13
5243-SAOTC,0.0544,Unlikely to churn,0.9456,2026-09-13
9398-MMQTO,0.3234,Unlikely to churn,0.6766,2026-09-13
7619-PLRLP,0.0752,Unlikely to churn,0.9248,2026-09-13
6457-GIRWB,0.5224,Likely to churn,0.5224,2026-09-13
6508-NJYRO,0.195,Unlikely to churn,0.805,2026-09-13
1450-SKCVI,0.0626,Unlikely to churn,0.9374,2026-09-13
4710-NKCAW,0.2369,Unlikely to churn,0.7631,2026-09-13
5306-BVTKJ,0.0582,Unlikely to churn,0.9418,2026-09-13
0357-NVCRI,0.1167,Unlikely to churn,0.8833,2026-09-13
5570-PTWEH,0.4272,Unlikely to churn,0.5728,2026-09-13
2371-KFUOG,0.0938,Unlikely to churn,0.9062,2026-09-13
0463-ZSDNT,0.3594,Unlikely to churn,0.6406,2026-09-13
6502-MJQAE,0.5298,Likely to churn,0.5298,2026-09-13
6257-DTAYD,0.1133,Unlikely to churn,0.8867,2026-09-13
4616-ULAOA,0.0566,Unlikely to churn,0.9434,2026-09-13
7693-LCKZL,0.4159,Unlikely to churn,0.5841,2026-09-13
7746-AWNQW,0.2606,Unlikely to churn,0.7394,2026-09-13
5996-EBTKM,0.0268,Unlikely to churn,0.9732,2026-09-13
2758-RNWXS,0.1998,Unlikely to churn,0.8002,2026-09-13
2314-TNDJQ,0.0,Unlikely to churn,1.0,2026-09-13
2405-LBMUW,0.0,Unlikely to churn,1.0,2026-09-13
3454-JFUBC,0.02,Unlikely to churn,0.98,2026-09-13
0032-PGELS,0.3721,Unlikely to churn,0.6279,2026-09-13
9039-ZVJDC,0.416,Unlikely to churn,0.584,2026-09-13
6797-LNAQX,0.0797,Unlikely to churn,0.9203,2026-09-13
9013-AQORL,0.1235,Unlikely to churn,0.8765,2026-09-13
2898-MRKPI,0.0931,Unlikely to churn,0.9069,2026-09-13
2750-BJLSB,0.2061,Unlikely to churn,0.7939,2026-09-13
3648-GZPHF,0.2397,Unlikely to churn,0.7603,2026-09-13
2075-RMJIK,0.4566,Unlikely to churn,0.5434,2026-09-13
9588-YRFHY,0.1267,Unlikely to churn,0.8733,2026-09-13
6394-MFYNG,0.1839,Unlikely to churn,0.8161,2026-09-13
1564-NTYXF,0.4643,Unlikely to churn,0.5357,2026-09-13
9364-YKUVW,0.2861,Unlikely to churn,0.7139,2026-09-13
5392-AKEMH,0.3938,Unlikely to churn,0.6062,2026-09-13
2451-YMUXS,0.041,Unlikely to churn,0.959,2026-09-13
3914-FDRHP,0.3484,Unlikely to churn,0.6516,2026-09-13
3078-ZKNTS,0.2089,Unlikely to churn,0.7911,2026-09-13
1024-KPRBB,0.2565,Unlikely to churn,0.7435,2026-09-13
4690-PKDQG,0.1317,Unlikely to churn,0.8683,2026-09-13
8155-IBNHG,0.3422,Unlikely to churn,0.6578,2026-09-13
0886-QGENL,0.3641,Unlikely to churn,0.6359,2026-09-13
9547-ITEFG,0.3891,Unlikely to churn,0.6109,2026-09-13
1264-FUHCX,0.1936,Unlikely to churn,0.8064,2026-09-13
7789-CRUVC,0.0836,Unlikely to churn,0.9164,2026-09-13
6598-KELSS,0.1265,Unlikely to churn,0.8735,2026-09-13
8739-WWKDU,0.299,Unlikely to churn,0.701,2026-09-13
8685-WHQPW,0.3839,Unlikely to churn,0.6161,2026-09-13
4745-LSPLO,0.379,Unlikely to churn,0.621,2026-09-13
8083-YTZES,0.5136,Likely to churn,0.5136,2026-09-13
7240-FQLHE,0.3599,Unlikely to churn,0.6401,2026-09-13
6664-FPDAC,0.1245,Unlikely to churn,0.8755,2026-09-13
9972-VAFJJ,0.1127,Unlikely to churn,0.8873,2026-09-13
0422-UXFAP,0.2248,Unlikely to churn,0.7752,2026-09-13
1904-WAJAA,0.1138,Unlikely to churn,0.8862,2026-09-13
5130-YPIRV,0.0597,Unlikely to churn,0.9403,2026-09-13
2843-CQMEG,0.2969,Unlikely to churn,0.7031,2026-09-13
6439-PKTRR,0.0818,Unlikely to churn,0.9182,2026-09-13
5351-QESIO,0.3804,Unlikely to churn,0.6196,2026-09-13
0786-VSSUD,0.4698,Unlikely to churn,0.5302,2026-09-13
5568-DMXZS,0.3164,Unlikely to churn,0.6836,2026-09-13
8468-FZTOE,0.0138,Unlikely to churn,0.9862,2026-09-13
6633-SYEUS,0.1181,Unlikely to churn,0.8819,2026-09-13
6447-GORXK,0.1122,Unlikely to churn,0.8878,2026-09-13
6967-PEJLL,0.1812,Unlikely to churn,0.8188,2026-09-13
3976-BWUCK,0.1776,Unlikely to churn,0.8224,2026-09-13
5981-ZVXOT,0.3041,Unlikely to churn,0.6959,2026-09-13
1684-FLBGS,0.1391,Unlikely to churn,0.8609,2026-09-13
1389-WNUIB,0.143,Unlikely to churn,0.857,2026-09-13
0376-OIWME,0.2543,Unlikely to churn,0.7457,2026-09-13
3585-ISXZP,0.3928,Unlikely to churn,0.6072,2026-09-13
0218-QNVAS,0.0354,Unlikely to churn,0.9646,2026-09-13
6583-QGCSI,0.1624,Unlikely to churn,0.8376,2026-09-13
0804-YGEQV,0.1042,Unlikely to churn,0.8958,2026-09-13
7164-BPTUT,0.081,Unlikely to churn,0.919,2026-09-13
4174-LPGTI,0.0762,Unlikely to churn,0.9238,2026-09-13
2523-EWWZL,0.2577,Unlikely to churn,0.7423,2026-09-13
0928-XUTSN,0.4016,Unlikely to churn,0.5984,2026-09-13
2108-XWMPY,0.5257,Likely to churn,0.5257,2026-09-13
0052-YNYOT,0.0,Unlikely to churn,1.0,2026-09-13
6304-IJFSQ,0.4405,Unlikely to churn,0.5595,2026-09-13
9586-JGQKH,0.0704,Unlikely to churn,0.9296,2026-09-13
4501-VCPFK,0.2169,Unlikely to churn,0.7831,2026-09-13
6075-SLNIL,0.1378,Unlikely to churn,0.8622,2026-09-13
9347-AERRL,0.1585,Unlikely to churn,0.8415,2026-09-13
0093-XWZFY,0.1434,Unlikely to churn,0.8566,2026-09-13
2274-XUATA,0.0142,Unlikely to churn,0.9858,2026-09-13
1980-KXVPM,0.4872,Unlikely to churn,0.5128,2026-09-13
7703-ZEKEF,0.3053,Unlikely to churn,0.6947,2026-09-13
0723-DRCLG,0.5433,Likely to churn,0.5433,2026-09-13
5482-NUPNA,0.3969,Unlikely to churn,0.6031,2026-09-13
6691-CCIHA,0.066,Unlikely to churn,0.934,2026-09-13
1685-BQULA,0.1348,Unlikely to churn,0.8652,2026-09-13
9053-EJUNL,0.1918,Unlikely to churn,0.8082,2026-09-13
0666-UXTJO,0.1941,Unlikely to churn,0.8059,2026-09-13
1471-GIQKQ,0.4384,Unlikely to churn,0.5616,2026-09-13
4807-IZYOZ,0.0604,Unlikely to churn,0.9396,2026-09-13
1122-JWTJW,0.4628,Unlikely to churn,0.5372,2026-09-13
9710-NJERN,0.0978,Unlikely to churn,0.9022,2026-09-13
9837-FWLCH,0.2889,Unlikely to churn,0.7111,2026-09-13
1699-HPSBG,0.4057,Unlikely to churn,0.5943,2026-09-13
7203-OYKCT,0.0649,Unlikely to churn,0.9351,2026-09-13
1035-IPQPU,0.1544,Unlikely to churn,0.8456,2026-09-13
7398-LXGYX,0.1353,Unlikely to churn,0.8647,2026-09-13
2823-LKABH,0.3207,Unlikely to churn,0.6793,2026-09-13
8775-CEBBJ,0.4036,Unlikely to churn,0.5964,2026-09-13
0550-DCXLH,0.2709,Unlikely to churn,0.7291,2026-09-13
9281-CEDRU,0.0225,Unlikely to churn,0.9775,2026-09-13
2235-DWLJU,0.6373,Likely to churn,0.6373,2026-09-13
0871-OPBXW,0.4203,Unlikely to churn,0.5797,2026-09-13
3605-JISKB,0.1144,Unlikely to churn,0.8856,2026-09-13
6894-LFHLY,0.5827,Likely to churn,0.5827,2026-09-13
9767-FFLEM,0.1573,Unlikely to churn,0.8427,2026-09-13
0639-TSIQW,0.0429,Unlikely to churn,0.9571,2026-09-13
8456-QDAVC,0.2487,Unlikely to churn,0.7513,2026-09-13
7750-EYXWZ,0.3849,Unlikely to churn,0.6151,2026-09-13
2569-WGERO,0.0023,Unlikely to churn,0.9977,2026-09-13
6840-RESVB,0.2727,Unlikely to churn,0.7273,2026-09-13
2234-XADUH,0.016,Unlikely to churn,0.984,2026-09-13
4801-JZAZL,0.4083,Unlikely to churn,0.5917,2026-09-13
8361-LTMKD,0.5915,Likely to churn,0.5915,2026-09-13
3186-AJIEK,0.0066,Unlikely to churn,0.9934,2026-09-13
